time,wind_speed,wind_smooth,dv_dt,wind_zscore,volume,drama
2026-05-17 03:00:00,2.69,2.3894522603429675,0.0,-1.132547059263386,0.1485435416538259,0.0
2026-05-17 03:01:00,2.643585087176632,2.3894522603429675,0.0,-1.132547059263386,0.1485435416538259,0.0
2026-05-17 03:02:00,2.597984681304404,2.3894522603429675,0.0,-1.132547059263386,0.1485435416538259,0.0
2026-05-17 03:03:00,2.553194935561943,2.3894522603429675,0.0,-1.132547059263386,0.1485435416538259,0.0
2026-05-17 03:04:00,2.5092120031278813,2.3894522603429675,0.0,-1.132547059263386,0.1485435416538259,0.0
2026-05-17 03:05:00,2.4660320371808475,2.3894522603429675,0.0,-1.132547059263386,0.1485435416538259,0.0
2026-05-17 03:06:00,2.4236511908994745,2.3894522603429675,0.0,-1.132547059263386,0.1485435416538259,0.0
2026-05-17 03:07:00,2.382065617462389,2.3894522603429675,-0.00034025042566903827,-1.132547059263386,0.1485435416538259,-0.5048692632103703
2026-05-17 03:08:00,2.3412714700482233,2.348622209262683,-0.0006739376913251734,-1.1496155446035456,0.14343747336593332,-1.0
2026-05-17 03:09:00,2.3012649018356064,2.3085797373839467,-0.0006608434281441089,-1.1663547924409305,0.13842989707300105,-0.9805705136400412
2026-05-17 03:10:00,2.2620420660031693,2.26932099788539,-0.0006478132786525352,-1.182766410890456,0.13352033170454103,-0.9612361602431385
2026-05-17 03:11:00,2.223599115729541,2.2308421439456425,-0.0006348472428504559,-1.1988520080670382,0.12870829619006507,-0.9419969398092969
2026-05-17 03:12:00,2.1859322041933527,2.193139328743335,-0.0006219453207378785,-1.2146131920855925,0.12399330945908507,-0.9228528523385277
2026-05-17 03:13:00,2.149037484573234,2.156208705457097,-0.000609107512314803,-1.2300515710610351,0.11937489044111274,-0.9038038978308308
2026-05-17 03:14:00,2.112911110047814,2.120046427265559,-0.0005963338175812294,-1.245168753108282,0.11485255806565989,-0.8848500762862062
2026-05-17 03:15:00,2.0775492337957244,2.0846486473473496,-0.0005836242365371466,-1.2599663463422492,0.11042583126223825,-0.8659913877046375
2026-05-17 03:16:00,2.0429480089955945,2.0500115188811012,-0.0005709787691825618,-1.274445958877852,0.10609422896035983,-0.8472278320861354
2026-05-17 03:17:00,2.009103588826054,2.016131195045442,-0.0005583974155174809,-1.288609198830007,0.10185727008953625,-0.8285594094307086
2026-05-17 03:18:00,1.9760121264657355,1.9830038290190035,-0.0005458801755418944,-1.3024576743136294,0.0977144735792795,-0.809986119738343
2026-05-17 03:19:00,1.9436697750932657,1.9506255739804148,-0.0005334270492558098,-1.3159929934436356,0.09366535835910118,-0.7915079630090498
2026-05-17 03:20:00,1.912072687887277,1.9189925831083063,-0.0005210380366592197,-1.3292167643349413,0.08970944335851323,-0.773124939242818
2026-05-17 03:21:00,1.8812170180263976,1.8881010095813084,-0.0005087131377521296,-1.3421305951024622,0.08584624750702748,-0.7548370484396556
2026-05-17 03:22:00,1.8510989186892592,1.8579470065780508,-0.0004964523525345377,-1.3547360938611146,0.08207528973415563,-0.73664429059956
2026-05-17 03:23:00,1.8217145430544917,1.828526727277164,-0.00048425568100644395,-1.3670348687258138,0.07839608896940964,-0.7185466657225315
2026-05-17 03:24:00,1.7930600443007234,1.7998363248572775,-0.00047212312316784834,-1.3790285278114762,0.07480816414230118,-0.7005441738085695
2026-05-17 03:25:00,1.7651315756065873,1.7718719524970221,-0.00046005467901875284,-1.3907186792330175,0.07131103418234212,-0.6826368148576772
2026-05-17 03:26:00,1.7379252901507116,1.7446297633750272,-0.0004480503485591573,-1.4021069311053538,0.0679042180190442,-0.6648245888698545
2026-05-17 03:27:00,1.711437341111727,1.7181059106699232,-0.00043611013178905625,-1.4131948915434005,0.06458723458191934,-0.6471074958450931
2026-05-17 03:28:00,1.6856638816682634,1.6922965475603404,-0.00042423402870845153,-1.4239841686620736,0.06135960280047936,-0.6294855357833957
2026-05-17 03:29:00,1.6606010649989504,1.667197827224909,-0.0004124220393173487,-1.4344763705762893,0.05822084160423594,-0.6119587086847706
2026-05-17 03:30:00,1.6362450442824195,1.6428059028422586,-0.00040067416361574775,-1.444673105400963,0.05517046992270107,-0.594527014549218
2026-05-17 03:31:00,1.6125919726972995,1.6191169275910193,-0.0003889904016036394,-1.4545759812510115,0.05220800668538623,-0.5771904533767238
2026-05-17 03:32:00,1.5896380034222208,1.5961270546498219,-0.0003773707532810292,-1.4641866062413496,0.04933297082180361,-0.5599490251672965
2026-05-17 03:33:00,1.5673792896358139,1.5738324371972958,-0.0003658152186479228,-1.4735065884868936,0.04654488126146483,-0.5428027299209442
2026-05-17 03:34:00,1.5458119845167084,1.5522292284120711,-0.00035432379770431084,-1.4825375361025597,0.04384325693388169,-0.5257515676376533
2026-05-17 03:35:00,1.5249322412435349,1.5313135814727785,-0.00034289649045019893,-1.4912810572032633,0.04122761676856607,-0.508795538317432
2026-05-17 03:36:00,1.504736212994923,1.5110816495580472,-0.000331533296885587,-1.4997387599039205,0.038697479695029756,-0.49193464196028014
2026-05-17 03:37:00,1.4852200529495028,1.491529585846508,-0.0003202342170104659,-1.5079122523194473,0.036252364642784494,-0.4751688785661842
2026-05-17 03:38:00,1.4663799142859046,1.4726535435167913,-0.0003089992508248485,-1.5158031425647593,0.033891790541342164,-0.4584982481351633
2026-05-17 03:39:00,1.448211950182759,1.4544496757475263,-0.00029782839832873294,-1.5234130387547726,0.03161527632021456,-0.4419227506672147
2026-05-17 03:40:00,1.4307123138186952,1.4369141357173434,-0.00028672165952211003,-1.530743549004403,0.02942234090891349,-0.4254423861623247
2026-05-17 03:41:00,1.413877158372344,1.420043076604873,-0.0002756790344049872,-1.5377962814285664,0.027312503236950763,-0.40905715462050435
2026-05-17 03:42:00,1.397702637022335,1.403832651588745,-0.0002647005229773643,-1.5445728441421787,0.025285282233838177,-0.39276705604175344
2026-05-17 03:43:00,1.3821849029472983,1.3882790138475893,-0.00025378612523923965,-1.5510748452601557,0.02334019682908754,-0.3765720904260694
2026-05-17 03:44:00,1.3673201093258645,1.3733783165600362,-0.00024293584119061128,-1.5573038928974134,0.021476765952210652,-0.3604722577734494
2026-05-17 03:45:00,1.3531044093366635,1.359126712904716,-0.00023214967083148112,-1.5632615951688675,0.019694508532719392,-0.34446755808389623
2026-05-17 03:46:00,1.3395339561583253,1.3455203560602584,-0.00022142761416185097,-1.5689495601894343,0.017992943500125428,-0.32855799135741265
2026-05-17 03:47:00,1.3266049029694793,1.3325553992052939,-0.000210769671181719,-1.574369396074029,0.016371589783940762,-0.3127435575939959
2026-05-17 03:48:00,1.3143134029487564,1.3202279955184522,-0.00020017584189108335,-1.579522710937568,0.014829966313677067,-0.2970242567936432
2026-05-17 03:49:00,1.3026556092747874,1.3085342981783639,-0.00018964612628994773,-1.5844111128949672,0.01336759201884615,-0.28140008895636004
2026-05-17 03:50:00,1.291627675126201,1.2974704603636584,-0.00017918052437831215,-1.5890362100611422,0.011983985828959879,-0.2658710540821465
2026-05-17 03:51:00,1.2812257536816283,1.2870326352529664,-0.0001687790361561729,-1.5933996105510086,0.010678666673530127,-0.25043715217099705
2026-05-17 03:52:00,1.2714459981196986,1.2772169760249177,-0.0001584416616235355,-1.5975029224794832,0.009451153482068498,-0.23509838322291987
2026-05-17 03:53:00,1.2622845616190421,1.2680196358581421,-0.00014816840078039258,-1.6013477539614815,0.008300965184086866,-0.21985474723790402
2026-05-17 03:54:00,1.25373759735829,1.2594367679312706,-0.000137959253626746,-1.6049357131119188,0.007227620709097231,-0.20470624421595224
2026-05-17 03:55:00,1.2458012585160712,1.2514645254229326,-0.00012781422016260312,-1.6082684080457117,0.0062306389866112,-0.18965287415707552
2026-05-17 03:56:00,1.238471698271016,1.2440990615117582,-0.00011773330038795475,-1.6113474468777758,0.005309538946140645,-0.17469463706126015
2026-05-17 03:57:00,1.2317450698017545,1.237336529376378,-0.00010771649430280454,-1.6141744377230267,0.004463839517197436,-0.1598315329285116
2026-05-17 03:58:00,1.225617526286917,1.2311730821954217,-9.776380190715806e-05,-1.616750988696381,0.0036930596292932445,-0.14506356175883808
2026-05-17 03:59:00,1.2200852209051336,1.225604873147519,-8.787522320100605e-05,-1.6190787079127538,0.002996718211940009,-0.13039072355222592
2026-05-17 04:00:00,1.2151443068350345,1.220628055411301,-7.805075818435221e-05,-1.6211592034870614,0.0023743341946494676,-0.11581301830868056
2026-05-17 04:01:00,1.2107909372552499,1.2162387821653968,-6.829040685719842e-05,-1.6229940835342196,0.001825426506933491,-0.10133044602820478
2026-05-17 04:02:00,1.2070212653444092,1.2124332065884371,-5.8594169219539086e-05,-1.6245849561691448,0.0013495140783036847,-0.08694300671079032
2026-05-17 04:03:00,1.2038314442811429,1.2092074818590521,-4.896204527138163e-05,-1.6259334295067516,0.0009461158382722517,-0.07265070035644816
2026-05-17 04:04:00,1.2012176272440813,1.2065577611558713,-3.93940350127242e-05,-1.6270411116619572,0.0006147507163505985,-0.05845352696517558
2026-05-17 04:05:00,1.1991759674118545,1.2044801976575252,-2.9890138443561255e-05,-1.6279096107496767,0.0003549376420507951,-0.04435148653696434
2026-05-17 04:06:00,1.197702617963092,1.202970944542644,-2.045035556389648e-05,-1.6285405348848263,0.00016619554488451357,-0.030344579071819904
2026-05-17 04:07:00,1.196793732076425,1.2020261549898577,-1.107468637373173e-05,-1.6289354921823218,4.804335436362482e-05,-0.016432804569745038
2026-05-17 04:08:00,1.1964454629304824,1.2016419821777962,-1.7631308730688595e-06,-1.6290960907570788,0.0,-0.0026161630307424857
2026-05-17 04:09:00,1.196653963703895,1.2018145792850894,7.484310938099537e-06,-1.629023938724014,2.158441130524447e-05,0.011105345545198738
2026-05-17 04:10:00,1.1974153875752924,1.202540099490368,1.6667639059771608e-05,-1.6287206441980426,0.00011231551779129575,0.024731721158075887
2026-05-17 04:11:00,1.1987258877233056,1.203814695972262,2.57868534919418e-05,-1.6281878152940803,0.0002717122489700913,0.038262963807880725
2026-05-17 04:12:00,1.200581617326564,1.2056345219094011,3.484195423461382e-05,-1.6274270601270437,0.0004992935343531702,0.05169907349461874
2026-05-17 04:13:00,1.2029787295636976,1.2079957304804156,4.383294128778766e-05,-1.626439986811848,0.0007945783034526026,0.06504005021828993
2026-05-17 04:14:00,1.205913377613337,1.2108944748639356,5.275981465146333e-05,-1.6252282034634096,0.0011570854857799941,0.07828589397889431
2026-05-17 04:15:00,1.2093817146541115,1.2143269082385912,6.162257432564451e-05,-1.623793318196644,0.001586334010847282,0.09143660477643735
2026-05-17 04:16:00,1.2133798938646518,1.218289183783013,7.042122031032568e-05,-1.622136939126467,0.002081842808166271,0.10449218261091084
2026-05-17 04:17:00,1.2179040684235882,1.2227774546758303,7.915575260550126e-05,-1.6202606743677952,0.002643130807248633,0.1174526274823065
2026-05-17 04:18:00,1.2229503915095505,1.2277878740956731,8.782617121118238e-05,-1.6181661320355436,0.003269716937606372,0.13031793939064087
2026-05-17 04:19:00,1.2285150163011684,1.2333165952211722,9.643247612737086e-05,-1.6158549202446288,0.003961120128751093,0.14308811833591661
2026-05-17 04:20:00,1.2345940959770734,1.2393597712309576,0.00010497466735405562,-1.6133286471099662,0.004716859310194801,0.15576316431811732
2026-05-17 04:21:00,1.2411837837158937,1.2459135553036589,0.00011345274489124035,-1.6105889207464719,0.005536453411449166,0.16834307733724846
2026-05-17 04:22:00,1.2482802326962608,1.2529741006179065,0.00012186670873893061,-1.6076373492690617,0.006419421362026061,0.18082785739331828
2026-05-17 04:23:00,1.2558795960968032,1.2605375603523306,0.00013021655889712455,-1.6044755407926514,0.007365282091437288,0.19321750448632402
2026-05-17 04:24:00,1.263978027096153,1.2686000876855614,0.00013850229536581474,-1.601105103432157,0.008373554529194655,0.20551201861625468
2026-05-17 04:25:00,1.2725716788729393,1.2771578357962283,0.00014672391814500677,-1.5975276453024945,0.009443757604809965,0.21771139978311854
2026-05-17 04:26:00,1.2816567046057918,1.2862069578629622,0.00015488142723470247,-1.5937447745185795,0.010575410247795023,0.2298156479869183
2026-05-17 04:27:00,1.291229257473342,1.2957436070643926,0.0001629748226349,-1.5897580991953284,0.011768031387661566,0.24182476322765128
2026-05-17 04:28:00,1.3012854906542182,1.3057639365791502,0.00017100410434560122,-1.5855692274476563,0.013021139953921599,0.2537387455053202
2026-05-17 04:29:00,1.3118215573270522,1.3162640995858648,0.00017896927236680054,-1.5811797673904795,0.014334254876086793,0.26555759481991675
2026-05-17 04:30:00,1.3228336106704726,1.3272402492631663,0.00018687032669850167,-1.576591327138714,0.015706895083668956,0.2772813111714465
2026-05-17 04:31:00,1.3343178038631105,1.338688538789685,0.0001947072673407028,-1.5718055148072754,0.017138579506179953,0.2889098945599067
2026-05-17 04:32:00,1.3462702900835952,1.3506051213440506,0.00020248009429340945,-1.56682393851108,0.01862882707313146,0.30044334498530556
2026-05-17 04:33:00,1.3586872225105575,1.362986150104894,0.00021018880755661792,-1.5616482063650432,0.02017715671403548,0.3118816624476376
2026-05-17 04:34:00,1.3715647543226277,1.3758277782508448,0.0002178334071303245,-1.5562799264840812,0.021783087358403688,0.3232248469468973
2026-05-17 04:35:00,1.384899038698435,1.389126158960533,0.00022541389301453663,-1.55072070698311,0.02344613793574788,0.33447289848309575
2026-05-17 04:36:00,1.3986862288166104,1.4028774454125892,0.00023293026520924872,-1.5449721559770448,0.025165827375580003,0.3456258170562245
2026-05-17 04:37:00,1.4129224778557832,1.4170777907856429,0.00024038252371445893,-1.539035881580802,0.026941674607411793,0.3566836026662811
2026-05-17 04:38:00,1.4276039389945834,1.4317233482583243,0.00024777066853017465,-1.5329134919092977,0.028773198560754984,0.3676462553132762
2026-05-17 04:39:00,1.4427267654116422,1.4468102710092638,0.0002550946996563941,-1.5266065950774472,0.030659918165121515,0.3785137749972074
2026-05-17 04:40:00,1.458287110285589,1.4623347122170915,0.00026235461709310975,-1.520116799200167,0.03260135235002306,0.3892861617180634
2026-05-17 04:41:00,1.4742811267950535,1.478292825060437,0.000269550420840331,-1.5134457123923726,0.03459702004497149,0.3999634154758581
2026-05-17 04:42:00,1.4907049681186666,1.4946807627179313,0.000276682110898054,-1.5065949427689798,0.03664644017947868,0.41054553627058604
2026-05-17 04:43:00,1.507554787435058,1.5114946783682035,0.0002837496872662733,-1.4995660984449046,0.038749131683056354,0.4210325241022389
2026-05-17 04:44:00,1.5248267379228582,1.528730725189884,0.00029075314994499814,-1.492360787535063,0.040904613485216325,0.4314243789708304
2026-05-17 04:45:00,1.542516972760696,1.5463850563616033,0.0002976924989342267,-1.484980618154371,0.0431124045154704,0.4417211008763579
2026-05-17 04:46:00,1.5606216451272037,1.5644538250619913,0.00030456773423395516,-1.4774271984177438,0.04537202370333052,0.4519226898188158
2026-05-17 04:47:00,1.5791369082010087,1.582933184469678,0.0003113788558441836,-1.4697021364400982,0.047682989978308284,0.4620291457982041
2026-05-17 04:48:00,1.5980589151607434,1.6018192877632933,0.0003181258637649157,-1.4618070403363495,0.050044822269915634,0.47204046881452827
2026-05-17 04:49:00,1.6173838191850367,1.6211082881214678,0.0003248087579961497,-1.4537435182214136,0.052457039507664366,0.4819566588677857
2026-05-17 04:50:00,1.6371077734525192,1.6407963387228313,0.00033142753853788174,-1.4455131782102064,0.05491916062106629,0.4917777159579708
2026-05-17 04:51:00,1.6572269311418208,1.6608795927460136,0.0003379822053901157,-1.437117628417644,0.05743070453963321,0.5015036400850892
2026-05-17 04:52:00,1.6777374454315714,1.6813542033696451,0.00034447275855285325,-1.4285584769586421,0.059991190192876874,0.5111344312491434
2026-05-17 04:53:00,1.698635469500402,1.702216323772356,0.0003508991980260945,-1.4198373319481168,0.06260013651030914,0.5206700894501335
2026-05-17 04:54:00,1.7199171565269413,1.7234621071327765,0.00035726152380983757,-1.4109558015009838,0.06525706242144182,0.5301106146880568
2026-05-17 04:55:00,1.7415786596898197,1.7450877066295365,0.0003635597359040769,-1.4019154937321587,0.06796148685578678,0.539456006962905
2026-05-17 04:56:00,1.7636161321676689,1.7670892754412657,0.00036979383430881993,-1.3927180167565583,0.07071292874285562,0.5487062662746892
2026-05-17 04:57:00,1.7860257271391173,1.7894629667465949,0.0003759638190240703,-1.3833649786890974,0.07351090701216041,0.5578613926234148
2026-05-17 04:58:00,1.8088035977827952,1.8122049337241541,0.00038206969004981884,-1.3738579876446921,0.07635494059321292,0.5669213860090682
2026-05-17 04:59:00,1.8319458972773333,1.8353113295525731,0.0003881114473860655,-1.364198651738259,0.07924454841552478,0.5758862464316491
2026-05-17 05:00:00,1.8554487788013607,1.858778307410482,0.00039408909103281396,-1.3543885790847134,0.08217924940860788,0.5847559738911633
2026-05-17 05:01:00,1.8793083955335088,1.8826020204765108,0.00040000262099006606,-1.3444293777989713,0.0851585625019741,0.5935305683876133
2026-05-17 05:02:00,1.9035209006524074,1.90677862192929,0.0004058520372578219,-1.3343226559959485,0.08818200662513523,0.6022100299209993
2026-05-17 05:03:00,1.928082447336686,1.9313042649474494,0.0004116373398360777,-1.3240700217905608,0.09124910070760307,0.6107943584913158
2026-05-17 05:04:00,1.952989188764975,1.9561751027096193,0.0004173585287248316,-1.3136730832977244,0.09435936367888938,0.61928355409856
2026-05-17 05:05:00,1.9782372781159039,1.9813872883944292,0.000423015603924091,-1.3031334486323554,0.09751231446850589,0.6276776167427427
2026-05-17 05:06:00,2.003822868568104,2.00693697518051,0.0004286085654338541,-1.2924527259093688,0.10070747200596465,0.6359765464238614
2026-05-17 05:07:00,2.0297421133002045,2.0328203162464917,0.0004341374132541172,-1.281632523243681,0.10394435522077736,0.6441803431419105
2026-05-17 05:08:00,2.0559911654908363,2.0590334647710042,0.00043960214738488027,-1.2706744487502077,0.10722248304245581,0.6522890068968902
2026-05-17 05:09:00,2.0825661783186282,2.0855725739326774,0.00044500276782614143,-1.2595801105438653,0.11054137440051173,0.6603025376887974
2026-05-17 05:10:00,2.109463304962211,2.112433796910141,0.00045033927457790817,-1.2483511167395693,0.11390054822445701,0.6682209355176434
2026-05-17 05:11:00,2.136678698600216,2.1396132868820263,0.0004556116676401841,-1.2369890754522355,0.11729952344380351,0.6760442003834335
2026-05-17 05:12:00,2.1642085124112707,2.1671071970269633,0.00046081994701295076,-1.2254955947967796,0.12073781898806304,0.6837723322861403
2026-05-17 05:13:00,2.192048899574008,2.1949116805235804,0.0004659641126962192,-1.2138722828881183,0.12421495378674721,0.6914053312257803
2026-05-17 05:14:00,2.2201960132670564,2.2230228905505096,0.0004710441646899932,-1.2021207478411666,0.12773044676936807,0.698943197202359
2026-05-17 05:15:00,2.2486460066690452,2.2514369802863796,0.00047606010299426903,-1.1902425977708408,0.1312838168654373,0.7063859302158708
2026-05-17 05:16:00,2.277395032958607,2.280150102909822,0.0004810119276090467,-1.1782394407920567,0.1348745830044668,0.7137335302663158
2026-05-17 05:17:00,2.30643924531437,2.309158411599465,0.00048589963853432245,-1.1661128850197302,0.13850226411596828,0.7209859973536885
2026-05-17 05:18:00,2.335774796914963,2.3384580595339406,0.0004907232357701074,-1.1538645385687771,0.1421663791294536,0.7281433314780054
2026-05-17 05:19:00,2.3653978409390195,2.368045199891878,0.0004954827193163868,-1.1414960095541133,0.1458664469744346,0.7352055326392445
2026-05-17 05:20:00,2.395304530565168,2.397915985851907,0.0005001780891731644,-1.129008906090655,0.14960198658042298,0.7421726008374112
2026-05-17 05:21:00,2.425491018972038,2.428066570592658,0.0005048093453404512,-1.1164048362933179,0.15337251687693057,0.7490445360725222
2026-05-17 05:22:00,2.455953459338261,2.458493107292761,0.0005093764878182435,-1.1036854082770176,0.1571775567934693,0.7558213383445718
2026-05-17 05:23:00,2.486688004842465,2.489191749130847,0.0005138795166065265,-1.0908522301566699,0.16101662525955096,0.7625030076535381
2026-05-17 05:24:00,2.5176908086632817,2.5201586492855443,0.0005183184317053151,-1.0779069100471914,0.1648892412046872,0.7690895439994431
2026-05-17 05:25:00,2.548958023979341,2.551389960935485,0.0005226932331146128,-1.0648510560634972,0.16879492355839004,0.7755809473822921
2026-05-17 05:26:00,2.5804858039692733,2.582881837259298,0.0005270039208344013,-1.0516862763205035,0.17273319125017117,0.7819772178020581
2026-05-17 05:27:00,2.612270301811708,2.614630431435613,0.0005312504948646916,-1.0384141789331265,0.17670356320954234,0.788278355258757
2026-05-17 05:28:00,2.6443076706852744,2.646631896643061,0.0005354329552054912,-1.0250363720162816,0.18070555836601548,0.7944843597524003
2026-05-17 05:29:00,2.676594063768605,2.678882386060272,0.0005395513018567888,-1.0115544636848848,0.1847386956491024,0.800595231282971
2026-05-17 05:30:00,2.709125634240327,2.7113780528658755,0.0005436055348185882,-0.9979700620538523,0.18880249398831475,0.8066109698504751
2026-05-17 05:31:00,2.7418985352790735,2.7441150502385026,0.0005475956540908895,-0.9842847752380994,0.19289647231316456,0.8125315754549123
2026-05-17 05:32:00,2.774908920063473,2.7770895313567823,0.0005515216596736928,-0.9705002113525426,0.19702014955316344,0.8183570480962828
2026-05-17 05:33:00,2.808152941772155,2.8102976493993457,0.0005553835515670014,-0.9566179785120972,0.2011730446378234,0.8240873877745919
2026-05-17 05:34:00,2.8416267535837503,2.8437355575448224,0.000559181329770797,-0.9426396848316794,0.20535467649665612,0.829722594489812
2026-05-17 05:35:00,2.875326508676889,2.8773994089718413,0.0005629149942851056,-0.9285669384262055,0.20956456405917326,0.835262668241982
2026-05-17 05:36:00,2.909248360230202,2.911285356859035,0.0005665845451099234,-0.9144013474105904,0.21380222625488698,0.8407076090310961
2026-05-17 05:37:00,2.943388461422318,2.945389554385032,0.0005701899822452283,-0.9001445198997506,0.21806718201330888,0.8460574168571214
2026-05-17 05:38:00,2.977742965431867,2.9797081547284625,0.0005737313056910424,-0.8857980640086022,0.22235895026395072,0.851312091720091
2026-05-17 05:39:00,3.0123080254374814,3.0142373110679572,0.0005772085154473546,-0.8713635878520604,0.22667704993632448,0.8564716336199881
2026-05-17 05:40:00,3.0470797946177877,3.048973176582145,0.0005806216115141686,-0.8568426995450418,0.23102099995994177,0.8615360425568185
2026-05-17 05:41:00,3.08205442615142,3.0839119044496575,0.0005839705938914918,-0.8422370072024616,0.23539031926431458,0.866505318530593
2026-05-17 05:42:00,3.117228073217005,3.119049647849124,0.0005872554625793059,-0.8275481189392362,0.23978452677895465,0.8713794615412843
2026-05-17 05:43:00,3.152596888993174,3.154382559959174,0.0005904762175776217,-0.8127776428702814,0.24420314143337368,0.8761584715889087
2026-05-17 05:44:00,3.1881570266585584,3.1899067939584387,0.0005936328588864503,-0.7979271871105129,0.24864568215708366,0.8808423486734827
2026-05-17 05:45:00,3.2239046393917863,3.225618503025548,0.0005967253865057771,-0.7829983597748466,0.2531116678795963,0.8854310927949843
2026-05-17 05:46:00,3.2598358803714893,3.261513840339132,0.0005997538004355984,-0.7679927689781983,0.2576006175304235,0.8899247039534083
2026-05-17 05:47:00,3.2959469027762966,3.29758895907782,0.0006027181006759215,-0.7529120228354842,0.26211205003907695,0.8943231821487654
2026-05-17 05:48:00,3.3322338597848384,3.3338400124202425,0.0006056182872267538,-0.7377577294616201,0.26664548433506846,0.8986265273810666
2026-05-17 05:49:00,3.368692904575745,3.3702631535450305,0.000608454360088088,-0.7225314969715215,0.27120043934791,0.9028347396503011
2026-05-17 05:50:00,3.405320190327646,3.406854535630813,0.0006112263192599129,-0.7072349334801048,0.27577643400711316,0.9069478189564524
2026-05-17 05:51:00,3.442111870219173,3.44361031185622,0.0006139341647422432,-0.6918696471022857,0.2803729872421899,0.9109657652995421
2026-05-17 05:52:00,3.4790640974289544,3.4805266353998823,0.0006165778965350828,-0.67643724595298,0.28498961798265193,0.9148885786795761
2026-05-17 05:53:00,3.516173025135621,3.51759965944043,0.0006191575146384243,-0.6609393381471035,0.28962584515801115,0.9187162590965433
2026-05-17 05:54:00,3.553434806517804,3.554825537156493,0.0006216730190522601,-0.645377531799572,0.29428118769777944,0.9224488065504326
2026-05-17 05:55:00,3.5908455947541307,3.592200421726701,0.0006241244097765942,-0.6297534350253019,0.29895516453146836,0.9260862210412498
2026-05-17 05:56:00,3.6284015430232333,3.6297204663296845,0.0006265116868114373,-0.6140686559392088,0.30364729458858986,0.929628502569011
2026-05-17 05:57:00,3.666098804503741,3.6673818241440737,0.0006288348501567823,-0.5983248026562085,0.3083570967986558,0.9330756511337054
2026-05-17 05:58:00,3.703933532374285,3.7051806483484984,0.0006310938998126292,-0.5825234832912167,0.31308409009117794,0.9364276667353331
2026-05-17 05:59:00,3.7419018798134953,3.743113092121589,0.0006332888357789779,-0.5666663059591496,0.3178277933956681,0.9396845493738938
2026-05-17 06:00:00,3.78,3.7811753086419757,0.000635419658055821,-0.5507548787749228,0.3225877256416381,0.9428462990493768
2026-05-17 06:01:00,3.818224046112431,3.8193634510882877,0.0006374863666431696,-0.5347908098534527,0.3273634057585996,0.9459129157617984
2026-05-17 06:02:00,3.8565701713294187,3.857673672639156,0.0006394889615410238,-0.5187757073096546,0.3321543526760647,0.9488843995111587
2026-05-17 06:03:00,3.8950345288295924,3.8961021264732105,0.0006414274427493723,-0.5027111792584448,0.336960085323545,0.951760750297441
2026-05-17 06:04:00,3.933613271791582,3.9346449657690807,0.0006433018102682264,-0.48659883381473906,0.34178012263055224,0.9545419681206623
2026-05-17 06:05:00,3.9723025533940177,3.9732983437053977,0.0006451120640975824,-0.47044027909345304,0.34661398352659845,0.9572280529808167
2026-05-17 06:06:00,4.011098526815531,4.012058413460791,0.0006468582042374475,-0.454237123209503,0.3514611869411952,0.9598190048779152
2026-05-17 06:07:00,4.049997345234749,4.050921328213891,0.0006485402306878107,-0.43799097427780403,0.3563212518038547,0.9623148238119412
2026-05-17 06:08:00,4.088995161830304,4.089883241143328,0.0006501581434486573,-0.42170344041327296,0.3611936970440884,0.9647155097828732
2026-05-17 06:09:00,4.128088129780828,4.12894030542773,0.000651711942520028,-0.40537612973082565,0.366078041591408,0.9670210627907713
2026-05-17 06:10:00,4.167272402264946,4.168088674245731,0.000653201627901893,-0.38901065034537685,0.3709738043753258,0.9692314828355915
2026-05-17 06:11:00,4.206544132461293,4.207324500775957,0.0006546271995942524,-0.372608610371844,0.3758805043253531,0.9713467699173339
2026-05-17 06:12:00,4.245899473548495,4.246643938197042,0.0006559886575971211,-0.35617161792514174,0.380797660371002,0.9733669240360205
2026-05-17 06:13:00,4.285334578705185,4.286043139687612,0.0006572860019104916,-0.33970128112018677,0.38572479144178423,0.9752919451916402
2026-05-17 06:14:00,4.324845601109992,4.3255182584263006,0.000658519232534364,-0.32319920807189423,0.39066141646721164,0.9771218333841933
2026-05-17 06:15:00,4.364428693941548,4.365065447591736,0.0006596883494687382,-0.3066670068951807,0.39560705437679594,0.9788565886136795
2026-05-17 06:16:00,4.404080010378478,4.404680860362549,0.0006607933527136141,-0.29010628570496133,0.40056122410004913,0.9804962108800986
2026-05-17 06:17:00,4.4437957035994184,4.444360649917369,0.0006618342422689772,-0.27351865261615277,0.40552344456648276,0.9820407001834293
2026-05-17 06:18:00,4.483571926782996,4.484100969434826,0.0006628110181348568,-0.2569057157436708,0.4104932347056088,0.983490056523715
2026-05-17 06:19:00,4.523404833107841,4.523897972093552,0.0006637236803112457,-0.24026908320243065,0.41547011344693907,0.9848442799009448
2026-05-17 06:20:00,4.563290575752583,4.563747811072176,0.0006645722287981215,-0.22361036310734853,0.42045359971998536,0.9861033703150859
2026-05-17 06:21:00,4.603225307895853,4.603646639549327,0.0006653566635955066,-0.20693116357334068,0.42544321245425937,0.9872673277661711
2026-05-17 06:22:00,4.643205182716281,4.643590610703637,0.0006660769847033935,-0.19023309271532227,0.4304384705792732,0.9883361522541895
2026-05-17 06:23:00,4.683226353392498,4.683575877713734,0.0006667331921217748,-0.17351775864820987,0.43543889302453825,0.98930984377913
2026-05-17 06:24:00,4.723284973103132,4.72359859375825,0.0006673252858506506,-0.15678676948691903,0.4404439987195667,0.9901884023409928
2026-05-17 06:25:00,4.763377195026814,4.763654912015812,0.0006678532658900431,-0.14004173334636633,0.44545330659386995,0.9909718279398109
2026-05-17 06:26:00,4.8034991723421765,4.803740985665055,0.0006683171322399447,-0.12328425834146618,0.4504663355769603,0.9916601205755728
2026-05-17 06:27:00,4.843647058227845,4.843852967884605,0.000668716884900326,-0.10651595258713557,0.45548260459834927,0.9922532802482352
2026-05-17 06:28:00,4.883817005862453,4.883987011853094,0.0006690525238712164,-0.08973842419829037,0.4605016325875486,0.9927513069578418
2026-05-17 06:29:00,4.924005168424629,4.924139270749151,0.0006693240491526161,-0.0729532812898461,0.4655229384740703,0.9931542007043923
2026-05-17 06:30:00,4.964207699093006,4.964305897751408,0.0006695314607445176,-0.05616213197671861,0.47054604118742605,0.9934619614878762
2026-05-17 06:31:00,5.004420751046211,5.0044830460384935,0.0006696747586469135,-0.0393665843738238,0.4755704596571278,0.9936745893082821
2026-05-17 06:32:00,5.044640477462875,5.0446668687890375,0.0006697539428598039,-0.022568246596077913,0.4805957128126872,0.9937920841656105
2026-05-17 06:33:00,5.0848630315216266,5.08485351918167,0.0006697690133832183,-0.005768726758396818,0.48562131958361604,0.9938144460599048
2026-05-17 06:34:00,5.125084566401098,5.125039150395024,0.0006697199702171271,0.011030367024304722,0.4906467988994265,0.9937416749911212
2026-05-17 06:35:00,5.165301235279918,5.165219915607725,0.000669606813361523,0.027827426637109343,0.49567166968962983,0.9935737709592491
2026-05-17 06:36:00,5.205509191336717,5.205391967998406,0.000669429542816428,0.04462084396510191,0.5006954508837382,0.993310733964321
2026-05-17 06:37:00,5.245704587750128,5.245551460745697,0.0006691881585818349,0.06140901089336618,0.5057176614112633,0.992952564006326
2026-05-17 06:38:00,5.285883577698776,5.285694547028227,0.0006688826606577436,0.07819031930698664,0.510737820201717,0.9924992610852643
2026-05-17 06:39:00,5.326042314361295,5.325817380024626,0.0006685130490441616,0.09496316109104705,0.515755446184611,0.9919508252011469
2026-05-17 06:40:00,5.366176950916314,5.365916112913526,0.0006680793237410665,0.11172592813063228,0.5207700582894573,0.9913072563539406
2026-05-17 06:41:00,5.406283640542462,5.405986898873554,0.0006675814847484732,0.12847701231082495,0.5257811754457674,0.9905685545436672
2026-05-17 06:42:00,5.44635853641837,5.446025891083343,0.0006670195320664115,0.1452148055167107,0.5307883165830535,0.9897347197703712
2026-05-17 06:43:00,5.486397791722667,5.486029242721523,0.0006663934656948219,0.16193769963337362,0.5357910006308273,0.9888057520339645
2026-05-17 06:44:00,5.5263975596339865,5.525993106966721,0.0006657032856337268,0.1786440865458964,0.5407887465186003,0.9877816513344798
2026-05-17 06:45:00,5.566353993330956,5.56591363699757,0.0006649489918831556,0.1953323581393642,0.5457810731758845,0.9866624176719614
2026-05-17 06:46:00,5.606263245992204,5.6057869859927,0.0006641305844430863,0.2120009062988612,0.550767499532192,0.9854480510463761
2026-05-17 06:47:00,5.646121470796364,5.645609307130741,0.0006632480633135114,0.22864812290947154,0.5557475445170341,0.9841385514577129
2026-05-17 06:48:00,5.685924820922062,5.6853767535903215,0.000662301428494431,0.2452723998562789,0.560720727059923,0.9827339189059721
2026-05-17 06:49:00,5.725669449547932,5.725085478550072,0.0006612906799858524,0.26187212902436746,0.5656865660903704,0.9812341533911644
2026-05-17 06:50:00,5.765351509852603,5.764731635188624,0.0006602158177877904,0.2784457022988213,0.5706445805378879,0.9796392549133118
2026-05-17 06:51:00,5.8049671550147055,5.804311376684607,0.0006590768419002228,0.29499151156472536,0.5755942893319878,0.9779492234723813
2026-05-17 06:52:00,5.844512538212866,5.8438208562166505,0.0006578737523231423,0.31150794870716264,0.5805352114021813,0.9761640590683622
2026-05-17 06:53:00,5.883983812625723,5.883256226963384,0.0006566065490565857,0.32799340561121754,0.5854668656779806,0.9742837617013091
2026-05-17 06:54:00,5.923377131431897,5.922613642103441,0.0006552752321005162,0.34444627416197504,0.5903887710888974,0.9723083313711673
2026-05-17 06:55:00,5.962688647810021,5.961889254815446,0.0006538798014549559,0.36086494624451765,0.5953004465644435,0.9702377680779696
2026-05-17 06:56:00,6.001914514938729,6.0010792182780355,0.0006524202571199048,0.3772478137439315,0.6002014110341308,0.9680720718217161
2026-05-17 06:57:00,6.041050885996649,6.040179685669835,0.000650896599095326,0.39359326854529914,0.605091183427471,0.9658112426023518
2026-05-17 06:58:00,6.080093914162408,6.079186810169475,0.0006493088273812786,0.40989970253370467,0.609969282673976,0.9634552804199648
2026-05-17 06:59:00,6.119039752614638,6.118096744955588,0.000647656941977733,0.4261655075942338,0.6148352277031577,0.9610041852745108
2026-05-17 07:00:00,6.157884554531972,6.156905643206803,0.0006459409428846597,0.44238907561196905,0.6196885374445276,0.9584579571659461
2026-05-17 07:01:00,6.196624473093036,6.1956096581017475,0.0006441608301021103,0.45856879847199467,0.6245287308275975,0.9558165960943474
2026-05-17 07:02:00,6.235255661476463,6.234204942819056,0.0006423166036300628,0.47470306805939577,0.6293553267818797,0.9530801020596821
2026-05-17 07:03:00,6.273774272860884,6.272687650537355,0.0006404082634685097,0.4907902762592554,0.6341678442368854,0.9502484750619388
2026-05-17 07:04:00,6.312176460424923,6.311053934435277,0.0006384358096174659,0.5068288149566585,0.638965802122127,0.9473217151011398
2026-05-17 07:05:00,6.350458377347217,6.349299947691451,0.0006363992420769089,0.5228170760366888,0.6437487193671159,0.9442998221772518
2026-05-17 07:06:00,6.3886161768063925,6.387421843484506,0.0006342985608468688,0.53875345138443,0.6485161149013638,0.9411827962903193
2026-05-17 07:07:00,6.426646011981081,6.425415774993075,0.0006321337659273377,0.5546363328849673,0.653267507654383,0.9379706374403307
2026-05-17 07:08:00,6.464544036049909,6.463277895395787,0.0006299048573182864,0.5704641124233841,0.6580024165556851,0.9346633456272424
2026-05-17 07:09:00,6.502306402191512,6.5010043578712695,0.0006276118350197516,0.5862351818847643,0.6627203605347817,0.9312609208511092
2026-05-17 07:10:00,6.539929263584517,6.538591315598157,0.0006252546990317187,0.601947933154193,0.6674208585211849,0.9277633631119092
2026-05-17 07:11:00,6.577408773407555,6.576034921755076,0.0006228334493541728,0.6176007581167533,0.6721034294444064,0.9241706724096206
2026-05-17 07:12:00,6.614741084839257,6.6133313295206575,0.0006203480859871287,0.6331920486575295,0.6767675922339579,0.9204828487442649
2026-05-17 07:13:00,6.651922351058249,6.650476692073531,0.0006177986089306013,0.6487201966616056,0.681412865819351,0.9166998921158646
2026-05-17 07:14:00,6.688948725243167,6.68746716259233,0.0006151850181845682,0.6641835940140667,0.6860387691300982,0.9128218025243862
2026-05-17 07:15:00,6.725816360572635,6.724298894255679,0.000612507313749037,0.6795806325999955,0.6906448210957107,0.9088485799698413
2026-05-17 07:16:00,6.762521410225291,6.760968040242214,0.0006097654956240225,0.6949097043044774,0.6952305406457006,0.9047802244522513
2026-05-17 07:17:00,6.799060027379756,6.797470753730562,0.0006069595638094801,0.7101692010125962,0.6997954467095797,0.9006167359715507
2026-05-17 07:18:00,6.835428365214666,6.833803187899352,0.0006040895183054544,0.7253575146094349,0.7043390582168595,0.8963581145278051
2026-05-17 07:19:00,6.87162257690865,6.869961495927217,0.0006011553591119453,0.7404730369800792,0.7088608940970522,0.8920043601210148
2026-05-17 07:20:00,6.907638815640338,6.905941830992785,0.0005981570862289158,0.7555141600096126,0.7133604732796696,0.8875554727511247
2026-05-17 07:21:00,6.943473234588357,6.9417403462746865,0.0005950946996563881,0.7704792755831188,0.7178373146942232,0.8830114524181676
2026-05-17 07:22:00,6.979121986931341,6.977353194951552,0.0005919681993943771,0.7853667755856822,0.7222909372702249,0.8783722991221659
2026-05-17 07:23:00,7.014581225847918,7.012776530202012,0.0005887775854428605,0.8001750519023874,0.7267208599371868,0.8736380128630862
2026-05-17 07:24:00,7.049847104516723,7.048006505204695,0.0005855228578018309,0.8149024964183178,0.7311266016246203,0.8688085936409178
2026-05-17 07:25:00,7.08491577611638,7.0830392731382315,0.0005822040164713179,0.8295475010185573,0.7355076812620372,0.8638840414557045
2026-05-17 07:26:00,7.1197833938255215,7.117870987181253,0.0005788210614513142,0.8441084575881912,0.7398636177789498,0.8588643563074354
2026-05-17 07:27:00,7.154446110822776,7.152497800512389,0.0005753739927418048,0.8585837580123028,0.7441939301048697,0.8537495381960885
2026-05-17 07:28:00,7.188900080286776,7.18691586631027,0.00057186281034279,0.8729717941759765,0.7484981371693085,0.8485395871216638
2026-05-17 07:29:00,7.2231414553961475,7.221121337753524,0.0005682875142542842,0.887270957964296,0.7527757579017781,0.8432345030841831
2026-05-17 07:30:00,7.257166389329528,7.255110368020784,0.0005646481044762878,0.901479641262346,0.7570263112317904,0.8378342860836469
2026-05-17 07:31:00,7.290971035265538,7.2888791102906785,0.0005609445810087784,0.9155962359552106,0.7612493160888573,0.8323389361200216
2026-05-17 07:32:00,7.324551546382818,7.322423717741837,0.0005571769438517708,0.9296191339279731,0.7654442914024903,0.8267484531933296
2026-05-17 07:33:00,7.357904075859991,7.355740343552891,0.000553345193005265,0.9435467270657184,0.7696107561022013,0.8210628373035708
2026-05-17 07:34:00,7.391024776875688,7.388825140902469,0.0005494493284692684,0.95737740725353,0.7737482291175023,0.8152820884507561
2026-05-17 07:35:00,7.42390980260854,7.421674262969203,0.0005454893502437737,0.9711095663764929,0.777856229377905,0.8094062066348746
2026-05-17 07:36:00,7.456555306237179,7.454283862931722,0.0005414652583287809,0.9847415963196905,0.7819342758129211,0.8034351918559265
2026-05-17 07:37:00,7.488957440940232,7.486650093968657,0.0005373770527242898,0.9982718889682075,0.7859818873520626,0.7973690441139114
2026-05-17 07:38:00,7.521112359896332,7.518769109258637,0.0005332247334302857,1.0116988362071275,0.7899985829248413,0.7912077634088074
2026-05-17 07:39:00,7.553016216284107,7.550637061980291,0.0005290083004467909,1.0250208299215344,0.7939838814607688,0.7849513497406477
2026-05-17 07:40:00,7.584665163282187,7.5822501053122515,0.0005247277537738052,1.0382362619965129,0.797937301889357,0.778599803109432
2026-05-17 07:41:00,7.616055354069204,7.613604392433148,0.0005203830934113215,1.051343524317147,0.8018583631401178,0.7721531235151496
2026-05-17 07:42:00,7.6471829418237816,7.64469607652161,0.0005159743193593395,1.0643410087685208,0.805746584142563,0.7656113109578006
2026-05-17 07:43:00,7.678044079724559,7.6755213107562685,0.0005115014316178446,1.0772271072357185,0.8096014838262044,0.7589743654373625
2026-05-17 07:44:00,7.708634920950162,7.706076248315751,0.0005069644301868588,1.0900002116038234,0.8134225811205535,0.7522422869538686
2026-05-17 07:45:00,7.738951618679223,7.736357042378692,0.0005023633150663898,1.102658713757921,0.8172093949551228,0.74541507550733
2026-05-17 07:46:00,7.768990326090364,7.766359846123718,0.0004976980862564003,1.1152010055830945,0.8209614442594235,0.7384927310976915
2026-05-17 07:47:00,7.798747196362227,7.79608081272946,0.0004929687437569275,1.1276254789644278,0.8246782479629674,0.7314752537250081
2026-05-17 07:48:00,7.828218382673435,7.8255160953745495,0.00048817528756794903,1.1399305257870065,0.828359324995267,0.724362643389247
2026-05-17 07:49:00,7.857400038202619,7.8546618472376135,0.000483317717689465,1.1521145379359126,0.8320041942858332,0.717154900090408
2026-05-17 07:50:00,7.886288316128411,7.883514221497285,0.00047839603412150507,1.1641759072962317,0.8356123747641783,0.7098520238285353
2026-05-17 07:51:00,7.914879369629439,7.912069371332194,0.0004734102368640247,1.1761130257530477,0.8391833853598142,0.7024540146035627
2026-05-17 07:52:00,7.9431693518843325,7.940323449920968,0.0004683603259170536,1.187924285191444,0.8427167450022524,0.6949608724155344
2026-05-17 07:53:00,7.971154416071723,7.9682726104422406,0.0004632463012805991,1.1996080774965057,0.8462119726210049,0.6873725972644611
2026-05-17 07:54:00,7.99883071537024,7.99591300607464,0.0004580681629546168,1.2111627945533168,0.8496685871455836,0.679689189150277
2026-05-17 07:55:00,8.026194402958517,8.023240789996795,0.0004528259109391438,1.22258682824696,0.8530861075054998,0.6719106480730372
2026-05-17 07:56:00,8.053241632015178,8.050252115387337,0.00044751954523419477,1.233878570462521,0.8564640526302659,0.6640369740327635
2026-05-17 07:57:00,8.079968555718855,8.076943135424898,0.00044214906583974015,1.245036413085084,0.8598019414493938,0.656068167029412
2026-05-17 07:58:00,8.106371327248182,8.103310003288106,0.00043671447275577257,1.2560587479997323,0.8630992928923947,0.6480042270629717
2026-05-17 07:59:00,8.132446099781786,8.12934887215559,0.0004312157659823068,1.2669439670915499,0.8663556258887808,0.6398451541334645
2026-05-17 08:00:00,8.158189026498297,8.155055895205983,0.0004256529455193429,1.2776904622456213,0.8695704593680637,0.6315909482408906
2026-05-17 08:01:00,8.183596260576348,8.180427225617912,0.0004200260113668956,1.2882966253470303,0.8727433122597552,0.6232416093852717
2026-05-17 08:02:00,8.208663955194563,8.20545901657001,0.00041433496352495013,1.2987608482808621,0.8758737034933677,0.6147971375665862
2026-05-17 08:03:00,8.233388263531578,8.230147421240906,0.00040857980199349164,1.3090815229321997,0.8789611519984123,0.6062575327848118
2026-05-17 08:04:00,8.25776533876602,8.25448859280923,0.000402760526772535,1.3192570411861277,0.882005176704401,0.5976227950399704
2026-05-17 08:05:00,8.281791334076521,8.27847868445361,0.0003968771378620802,1.3292857949277295,0.8850052965408457,0.5888929243320624
2026-05-17 08:06:00,8.305462402641709,8.30211384935268,0.00039092963526212723,1.33916617604209,0.887961030437258,0.5800679206610876
2026-05-17 08:07:00,8.328774697640215,8.325390240685065,0.00038491801897269087,1.3488965764142926,0.89087189732315,0.5711477840270679
2026-05-17 08:08:00,8.351724372250672,8.348304011629402,0.0003788422889937563,1.3584753879294231,0.8937374161280337,0.5621325144299812
2026-05-17 08:09:00,8.374307579651706,8.370851315364316,0.0003727024453253088,1.3679010024725637,0.8965571057814203,0.5530221118698059
2026-05-17 08:10:00,8.396520473021948,8.393028305068439,0.0003664984879673779,1.3771718119287997,0.899330485212822,0.5438165763465858
2026-05-17 08:11:00,8.418359205540026,8.414831133920401,0.000360230416919934,1.386286208183215,0.9020570733517507,0.5345159078602767
2026-05-17 08:12:00,8.439819930384575,8.436255955098831,0.00035389823218297717,1.395242583120893,0.9047363891277178,0.5251201064108789
2026-05-17 08:13:00,8.460898800734224,8.457298921782359,0.0003475019337565518,1.404039328626918,0.9073679514702352,0.5156291719984584
2026-05-17 08:14:00,8.4815919697676,8.477956187149617,0.0003410415216406282,1.4126748365863753,0.9099512793088153,0.5060431046229709
2026-05-17 08:15:00,8.501895590663338,8.498223904379234,0.0003345169958351768,1.4211474988843475,0.9124858915729692,0.4963619042843726
2026-05-17 08:16:00,8.521805816600061,8.518098226649839,0.00032792835634024204,1.4294557074059193,0.914971307192209,0.48658557098272953
2026-05-17 08:17:00,8.541318800756404,8.537575307140063,0.00032127560315582394,1.437597854036175,0.9174070450960463,0.47671410471804165
2026-05-17 08:18:00,8.560430696310997,8.556651299028537,0.0003145587362818928,1.4455723306601989,0.9197926242139933,0.4667475054902649
2026-05-17 08:19:00,8.57913765644247,8.57532235549389,0.0003077777557184636,1.4533775291630744,0.9221275634755615,0.4566857732994214
2026-05-17 08:20:00,8.59743583432945,8.593584629714753,0.0003009326614655509,1.4610118414298865,0.9244113818102629,0.446528908145533
2026-05-17 08:21:00,8.615321383150572,8.611434274869756,0.0002940234535231401,1.468473659345719,0.9266435981476091,0.4362769100285777
2026-05-17 08:22:00,8.632790456084464,8.62886744413753,0.0002870501318912163,1.4757613747956562,0.9288237314171124,0.42592977894853373
2026-05-17 08:23:00,8.649839206309755,8.645880290696702,0.0002800126965697795,1.4828733796647815,0.9309513005482839,0.415487514905401
2026-05-17 08:24:00,8.666463787005075,8.662468967725903,0.0002729111475588445,1.4898080658381792,0.9330258244706359,0.4049501178992013
2026-05-17 08:25:00,8.682660351349057,8.678629628403764,0.0002657454848584262,1.496563825200933,0.9350468221136796,0.39431758792995686
2026-05-17 08:26:00,8.698425052520328,8.694358425908915,0.0002585157084685393,1.503139049638128,0.9370138124069276,0.38358992499768946
2026-05-17 08:27:00,8.713754043697522,8.709651513419988,0.00025122181838912463,1.5095321310348493,0.9389263142798915,0.3727671291023114
2026-05-17 08:28:00,8.72864347805926,8.72450504411561,0.00024386381462018213,1.5157414612761784,0.9407838466620828,0.3618492002438225
2026-05-17 08:29:00,8.743089508784182,8.73891517117441,0.0002364416971617859,1.5217654322472005,0.9425859284830134,0.35083613842233274
2026-05-17 08:30:00,8.757088289050913,8.752878047775024,0.0002289554660138915,1.5276024358330007,0.9443320786721954,0.33972794363777614
2026-05-17 08:31:00,8.770635972038086,8.766389827096077,0.00022140512117646932,1.5332508639186624,0.9460218161591404,0.3285246158901088
2026-05-17 08:32:00,8.783728710924327,8.7794466623162,0.00021379066264957854,1.538709108389269,0.94765465987336,0.31722615517941855
2026-05-17 08:33:00,8.79636265888827,8.792044706614027,0.0002061120904331748,1.5439755611299064,0.9492301287443666,0.30583256150563953
2026-05-17 08:34:00,8.808533969108545,8.804180113168181,0.00019836940452725807,1.5490486140256567,0.9507477417016713,0.2943438348687717
2026-05-17 08:35:00,8.820238794763783,8.815849035157298,0.000190562604931858,1.5539266589616052,0.9522070176747862,0.28275997526885904
2026-05-17 08:36:00,8.831473289032607,8.827047625760004,0.00018269169164695972,1.5586080878228354,0.9536074755932235,0.27108098270587955
2026-05-17 08:37:00,8.842233605093655,8.837772038154933,0.00017475666467256328,1.5630912924944322,0.9549486343864944,0.2593068571798332
2026-05-17 08:38:00,8.852515896125555,8.848018425520712,0.00016675752400866864,1.5673746648614788,0.9562300129841108,0.24743759869072007
2026-05-17 08:39:00,8.862316315306932,8.857782941035973,0.00015869426965527586,1.5714565968090604,0.957451130315585,0.23547320723854015
2026-05-17 08:40:00,8.871631015816426,8.867061737879345,0.00015056690161238488,1.57533548022226,0.9586115053104284,0.22341368282329335
2026-05-17 08:41:00,8.880456150832659,8.87585096922946,0.00014237541988001054,1.5790097069861628,0.959710656898153,0.21125902544500175
2026-05-17 08:42:00,8.888787873534264,8.884146788264946,0.0001341198244581084,1.5824776689858528,0.9607481040082706,0.19900923510359933
2026-05-17 08:43:00,8.896622337099869,8.891945348164432,0.0001258001153467081,1.5857377581064127,0.9617233655702926,0.18666431179913012
2026-05-17 08:44:00,8.903955694708108,8.899242802106551,0.00011741629254583923,1.5887883662329279,0.9626359605137312,0.17422425553163806
2026-05-17 08:45:00,8.910784099537606,8.906035303269933,0.00010896835605544257,1.5916278852504826,0.9634854077680984,0.16168906630103522
2026-05-17 08:46:00,8.917103704767,8.912319004833204,0.00010045630587554774,1.5942547070441595,0.9642712262629054,0.14905874410736555
2026-05-17 08:47:00,8.92291066357491,8.918090059974999,9.188014200619913e-05,1.5966672234990444,0.9649929349276644,0.13633328895069494
2026-05-17 08:48:00,8.92820112913998,8.923344621873948,8.323986444732275e-05,1.5988638265002217,0.9656500526918876,0.1235127008309136
2026-05-17 08:49:00,8.932971254640828,8.928078843708677,7.453547319891858e-05,1.6008429079327737,0.966242098485086,0.11059697974802152
2026-05-17 08:50:00,8.93721719325609,8.932288878657818,6.576696826103105e-05,1.6026028596817852,0.9667685912367718,0.09758612570208458
2026-05-17 08:51:00,8.94093509816439,8.935970879900001,5.693434963367494e-05,1.6041420736323402,0.9672290498764566,0.08448013869312473
2026-05-17 08:52:00,8.94412112254437,8.93912100061386,4.8037617316805856e-05,1.6054589416695244,0.9676229933336528,0.07127901872107612
2026-05-17 08:53:00,8.946771419574645,8.941735393978018,3.907757955823321e-05,1.6065518556784195,0.9679499405378715,0.05798396507753469
2026-05-17 08:54:00,8.948882142433856,8.943810310160847,3.005908584487275e-05,1.6074192480894416,0.9682094225478339,0.04460217351216421
2026-05-17 08:55:00,8.950449444300633,8.945342484279402,2.0991026902613305e-05,1.6080597540596573,0.9684010310683059,0.031146836232498504
2026-05-17 08:56:00,8.951469478353596,8.94632923338916,1.1883101705197537e-05,1.6084722520181147,0.9685244305793067,0.01763234473773328
2026-05-17 08:57:00,8.95193839777139,8.946768456484026,2.7450092263829146e-06,1.608655863665845,0.96857935833611,0.00407309052708621
2026-05-17 08:58:00,8.951852355732635,8.946658634496327,-6.413551560073098e-06,1.6086099539758625,0.9685656243692431,-0.009516534900225032
2026-05-17 08:59:00,8.951207505415958,8.945998830296817,-1.558288168045744e-05,1.6083341311931636,0.9684831114844881,-0.02312214004504867
2026-05-17 09:00:00,8.95,8.944788688694672,-2.4753282161027458e-05,1.6078282468347256,0.9683317752628794,-0.036729333408189
2026-05-17 09:01:00,8.948227447509444,8.943028436437494,-3.391505402801087e-05,1.6070923956895105,0.9681116440607069,-0.05032372349040637
2026-05-17 09:02:00,8.945893275353226,8.94071888221131,-4.3058498307709434e-05,1.6061269158184615,0.9678228190095138,-0.063890918792571
2026-05-17 09:03:00,8.943002365786352,8.937861416640569,-5.217391602638048e-05,1.604932388554503,0.9674654740160966,-0.07741652781548715
2026-05-17 09:04:00,8.939559601063813,8.934458012288145,-6.125160821022214e-05,1.6035096385025434,0.9670398557625063,-0.09088615905987127
2026-05-17 09:05:00,8.93556986344061,8.930511223655342,-7.028187588552134e-05,1.6018597335394749,0.9665462837060486,-0.10428542102657157
2026-05-17 09:06:00,8.931038035171737,8.926024187181882,-7.925502007857984e-05,1.5999839848141693,0.965985150079282,-0.11759992221645825
2026-05-17 09:07:00,8.92596899851219,8.921000621245913,-8.816134181562536e-05,1.5978839467474808,0.9653569198900187,-0.13081527113029165
2026-05-17 09:08:00,8.920367635716977,8.915444826164007,-9.699195037072468e-05,1.595561417032248,0.9646621309213259,-0.14391827556047207
2026-05-17 09:09:00,8.914238829041082,8.909361587201426,-0.00010574199625699166,1.59301839608796,0.9639013816023149,-0.15690173975737973
2026-05-17 09:10:00,8.907587460739515,8.902755786613168,-0.00011441067122664646,1.590256924879438,0.9630752824913067,-0.16976446442946247
2026-05-17 09:11:00,8.900418413067266,8.895632306654228,-0.0001229979752796743,1.5872790443715001,0.9621844441466212,-0.18250644957669843
2026-05-17 09:12:00,8.892736568279332,8.887996029579607,-0.00013150390841603076,1.584086795528968,0.9612294771265798,-0.19512769519902162
2026-05-17 09:13:00,8.884546808630716,8.879851837644305,-0.00013992847063578988,1.5806822193166623,0.9602109919895028,-0.20762820129654197
2026-05-17 09:14:00,8.875854016376412,8.871204613103313,-0.00014827166193895163,1.577067356699401,0.9591295992937106,-0.2200079678692594
2026-05-17 09:15:00,8.866663073771418,8.86205923821163,-0.0001565334823254568,1.5732442486420046,0.9579859095975236,-0.2322669949170861
2026-05-17 09:16:00,8.856978863070735,8.852420595224258,-0.0001647139317953202,1.569214936109294,0.9567805334592628,-0.24440528244004397
2026-05-17 09:17:00,8.846806266529356,8.842293566396192,-0.00017281301034858623,1.5649814600660892,0.9555140814372489,-0.25642283043819897
2026-05-17 09:18:00,8.83615016640228,8.831683033982427,-0.00018083071798521053,1.5605458614772085,0.9541871640898018,-0.26831963891148525
2026-05-17 09:19:00,8.825015444944508,8.820593880237967,-0.00018876705470520782,1.5559101813074745,0.9528003919752429,-0.2800957078599246
2026-05-17 09:20:00,8.813406984411033,8.809030987417803,-0.00019662202050857818,1.5510764605217047,0.9513543756518918,-0.2917510372835172
2026-05-17 09:21:00,8.801329667056855,8.796999237776937,-0.00020439561539532154,1.5460467400847213,0.9498497256780702,-0.30328562718226293
2026-05-17 09:22:00,8.788788375136976,8.784503513570364,-0.00021208783936543796,1.5408230609613425,0.9482870526120979,-0.31469947755616184
2026-05-17 09:23:00,8.775787990906382,8.771548697053085,-0.0002196986924189126,1.53540746411639,0.946666967012296,-0.325992588405192
2026-05-17 09:24:00,8.762333396620079,8.758139670480094,-0.00022722817455577508,1.5298019905146827,0.9449900794369848,-0.3371649597293973
2026-05-17 09:25:00,8.748429474533065,8.744281316106392,-0.0002346762857760106,1.524008681121041,0.9432570004444847,-0.3482165915287557
2026-05-17 09:26:00,8.734081106900337,8.729978516186973,-0.00024204302607960432,1.5180295769002845,0.9414683405931166,-0.3591474838032454
2026-05-17 09:27:00,8.719293175976889,8.71523615297684,-0.0002493283954665859,1.5118667188172343,0.9396247104412012,-0.3699576365529102
2026-05-17 09:28:00,8.704070564017721,8.700059108730983,-0.00025653239393692574,1.5055221478367085,0.9377267205470584,-0.3806470497777063
2026-05-17 09:29:00,8.688418153277835,8.684452265704408,-0.0002636550214906386,1.49899790492353,0.93577498146901,-0.3912157234776555
2026-05-17 09:30:00,8.67234082601222,8.668420506152106,-0.0002706962781277541,1.492296031042516,0.9337701037653752,-0.4016636576528018
2026-05-17 09:31:00,8.65584346447588,8.651968712329078,-0.000277656163848213,1.4854185671584874,0.9317126979944753,-0.4119908523030573
2026-05-17 09:32:00,8.638930950923813,8.63510176649032,-0.0002845346786520449,1.4783675542362649,0.929603374714631,-0.42219730742846606
2026-05-17 09:33:00,8.621608167611013,8.617824550890832,-0.0002913318225392647,1.471145033240668,0.9274427444841625,-0.43228302302905
2026-05-17 09:34:00,8.603879996792482,8.600141947785609,-0.00029804759550984273,1.4637530451365164,0.9252314178613906,-0.4422479991047651
2026-05-17 09:35:00,8.585751320723212,8.582058839429651,-0.000304681997563779,1.4561936308886312,0.9229700054046359,-0.45209223565561135
2026-05-17 09:36:00,8.567227021658201,8.563580108077955,-0.00031123502870110306,1.448468831461832,0.9206591176722192,-0.4618157326816328
2026-05-17 09:37:00,8.548311981852452,8.544710635985519,-0.00031770668892181495,1.4405806878209382,0.9182993652224607,-0.47141849018282933
2026-05-17 09:38:00,8.52901108356096,8.525455305407338,-0.0003240969782258851,1.4325312409307698,0.9158913586136809,-0.4809005081591572
2026-05-17 09:39:00,8.509329209038725,8.505818998598413,-0.0003304058966133283,1.4243225317561476,0.9134357084042009,-0.4902617866106382
2026-05-17 09:40:00,8.489271240540738,8.485806597813738,-0.00033663344408415934,1.415956601261891,0.9109330251523408,-0.4995023255372943
2026-05-17 09:41:00,8.468842060322004,8.465422985308313,-0.0003427796206383338,1.40743549041282,0.9083839194164213,-0.5086221249390597
2026-05-17 09:42:00,8.448046550637518,8.444673043337138,-0.00034884442627589605,1.3987612401737555,0.9057890017547632,-0.5176211848160002
2026-05-17 09:43:00,8.426889593742274,8.423561654155206,-0.0003548278609968166,1.389935891509516,0.9031488827256867,-0.5264995051680719
2026-05-17 09:44:00,8.405376071891274,8.40209370001752,-0.00036072992480112496,1.380961485384924,0.9004641728875131,-0.5352570859953187
2026-05-17 09:45:00,8.383510867339515,8.38027406317907,-0.00036655061768880635,1.3718400627647962,0.8977354827985621,-0.5438939272977188
2026-05-17 09:46:00,8.361298862341995,8.358107625894863,-0.00037228993965984596,1.3625736646139557,0.8949634230171549,-0.55241002907525
2026-05-17 09:47:00,8.33874493915371,8.33559927041989,-0.0003779478907142882,1.3531643318972204,0.8921486041016118,-0.5608053913279784
2026-05-17 09:48:00,8.315853980029658,8.312753879009149,-0.0003835244708520739,1.3436141055794109,0.8892916366102532,-0.5690800140558161
2026-05-17 09:49:00,8.292630867224839,8.28957633391764,-0.00038901968007323264,1.333925026625348,0.8863931311014004,-0.5772338972588068
2026-05-17 09:50:00,8.269080482994246,8.266071517400361,-0.0003944335183777792,1.3240991359998509,0.8834536981333734,-0.5852670409369728
2026-05-17 09:51:00,8.24520770959288,8.242244311712307,-0.000399765985765684,1.3141384746677396,0.8804739482644928,-0.5931794450902699
2026-05-17 09:52:00,8.22101742927574,8.218099599108479,-0.0004050170822369618,1.304045083593835,0.8774544920530796,-0.6009711097187203
2026-05-17 09:53:00,8.196514524297823,8.193642261843872,-0.00041018680779162747,1.2938210037429563,0.8743959400574538,-0.6086420348223457
2026-05-17 09:54:00,8.171703876914123,8.168877182173484,-0.0004152751624296513,1.2834682760799234,0.8712989028359363,-0.6161922204011023
2026-05-17 09:55:00,8.14659036937964,8.143809242352313,-0.00042028214615104825,1.272988941569557,0.8681639909468477,-0.6236216664550122
2026-05-17 09:56:00,8.121178883949373,8.118443324635358,-0.00042520775895583306,1.2623850411766766,0.8649918149485084,-0.6309303729840973
2026-05-17 09:57:00,8.095474302878321,8.092784311277613,-0.00043005200084397603,1.2516586158661018,0.8617829853992393,-0.6381183399883135
2026-05-17 09:58:00,8.069481508421475,8.06683708453408,-0.00043481487181549203,1.2408117066026538,0.8585381128573606,-0.6451855674676827
2026-05-17 09:59:00,8.043205382833838,8.040606526659754,-0.0004394963718703811,1.2298463543511517,0.8552578078811932,-0.6521320554222053
2026-05-17 10:00:00,8.016650808370406,8.014097519909635,-0.0004440965010086284,1.2187646000764163,0.8519426810290577,-0.6589578038518591
2026-05-17 10:01:00,7.989822667286179,7.987314946538719,-0.00044861525923026353,1.2075684847432673,0.8485933428592746,-0.665662812756688
2026-05-17 10:02:00,7.962725841836151,7.960263688802003,-0.0004530526465352717,1.1962600493165243,0.8452104039301643,-0.6722470821366701
2026-05-17 10:03:00,7.935365214275325,7.932948628954486,-0.00045740866292364547,1.1848413347610076,0.8417944748000478,-0.6787106119917944
2026-05-17 10:04:00,7.9077456668586885,7.905374649251166,-0.0004616833083954145,1.1733143820415375,0.8383461660272452,-0.6850534023221048
2026-05-17 10:05:00,7.87987208184125,7.877546631947037,-0.0004658765829505418,1.1616812321229328,0.8348660881700771,-0.6912754531275465
2026-05-17 10:06:00,7.851749341478002,7.849469459297101,-0.0004699884865890199,1.1499439259700153,0.8313548517868645,-0.6973767644081084
2026-05-17 10:07:00,7.823382328023944,7.821148013556354,-0.0004740190193108932,1.138104504547604,0.8278130674359278,-0.7033573361638563
2026-05-17 10:08:00,7.794775923734072,7.792587176979794,-0.0004779681811161396,1.1261650088205188,0.8242413456755875,-0.7092171683947575
2026-05-17 10:09:00,7.765935010863386,7.7637918318224175,-0.0004818359720047442,1.1141274797535803,0.8206402970641642,-0.7149562611007898
2026-05-17 10:10:00,7.7368644716668795,7.734766860339224,-0.00048562239197672924,1.1019939583116085,0.8170105321599787,-0.7205746142819863
2026-05-17 10:11:00,7.707569188399554,7.70551714478521,-0.0004893274410320799,1.0897664854594227,0.8133526615213512,-0.726072227938325
2026-05-17 10:12:00,7.678054043316406,7.676047567415375,-0.0004929511191708184,1.0774471021618441,0.8096672957066028,-0.731449102069839
2026-05-17 10:13:00,7.648323918672433,7.646363010484712,-0.00049649342639293,1.065037849383691,0.8059550452740533,-0.736705236676506
2026-05-17 10:14:00,7.618383696722633,7.616468356248223,-0.0004999543626983849,1.052540768089785,0.8022165207820241,-0.7418406317582823
2026-05-17 10:15:00,7.588238259722004,7.586368486960906,-0.0005033339280872351,1.0399578992449456,0.7984523327888353,-0.7468552873152448
2026-05-17 10:16:00,7.557892489925541,7.556068284877755,-0.0005066321225594657,1.0272912838139927,0.7946630918528078,-0.7517492033473713
2026-05-17 10:17:00,7.527351269588245,7.52557263225377,-0.0005098489461150472,1.014542962761746,0.7908494085322618,-0.7565223798546181
2026-05-17 10:18:00,7.496619480965113,7.494886411343949,-0.0005129843987540017,1.0017149770530267,0.7870118933855185,-0.761174816837018
2026-05-17 10:19:00,7.465702006311142,7.4640145044032895,-0.0005160384804763441,0.9888093676526537,0.7831511569708979,-0.7657065142945932
2026-05-17 10:20:00,7.4346037278813295,7.432961793686788,-0.0005190111912820594,0.9758281755254472,0.7792678098467206,-0.7701174722273215
2026-05-17 10:21:00,7.403329527930672,7.401733161449442,-0.0005219025311711405,0.9627734416362272,0.7753624625713074,-0.7744076906351921
2026-05-17 10:22:00,7.371884288714168,7.370333489946251,-0.000524712500143587,0.9496472069498141,0.7714357257029789,-0.7785771695182047
2026-05-17 10:23:00,7.340272892486817,7.338767661432212,-0.0005274410981993994,0.9364515124310278,0.7674882098000555,-0.7826259088763596
2026-05-17 10:24:00,7.308500221503618,7.307040558162323,-0.0005300883253385994,0.9231883990446887,0.7635205254208582,-0.7865539087096897
2026-05-17 10:25:00,7.276571158019563,7.27515706239158,-0.00053265418156118,0.9098599077556158,0.759533283123707,-0.7903611690181838
2026-05-17 10:26:00,7.244490584289653,7.243122056374982,-0.0005351386668671262,0.8964680795286296,0.755527093466923,-0.7940476898018203
2026-05-17 10:27:00,7.212263382568885,7.210940422367525,-0.000537541781256438,0.88301495532855,0.7515025670088263,-0.7976134710605989
2026-05-17 10:28:00,7.179894435112258,7.178617042624209,-0.0005398635247291154,0.8695025761201977,0.7474603143077381,-0.8010585127945196
2026-05-17 10:29:00,7.147388624174769,7.146156799400031,-0.0005421038972851733,0.8559329828683921,0.7434009459219785,-0.8043828150036045
2026-05-17 10:30:00,7.1147508320114135,7.113564574949988,-0.0005442628989246041,0.8423082165379535,0.7393250724098682,-0.8075863776878425
2026-05-17 10:31:00,7.081985940877193,7.0808452515290785,-0.0005463405296474082,0.8286303180937018,0.7352333043297279,-0.8106692008472339
2026-05-17 10:32:00,7.049098833027101,7.048003711392299,-0.0005483367894535851,0.8149013285004568,0.7311262522398779,-0.8136312844817785
2026-05-17 10:33:00,7.016094390716138,7.015044836794648,-0.0005502516783431351,0.8011232887230388,0.7270045266986391,-0.816472628591476
2026-05-17 10:34:00,6.982977496199303,6.981973509991123,-0.0005520851963160508,0.7872982397262677,0.7228687382643318,-0.8191932331763159
2026-05-17 10:35:00,6.949753031731589,6.948794613236722,-0.0005538373433723469,0.7734282224749638,0.718719497495277,-0.82179309823632
2026-05-17 10:36:00,6.916425879567998,6.9155130287864415,-0.0005555081195120086,0.7595152779339465,0.7145574149497949,-0.8242722237714661
2026-05-17 10:37:00,6.883000921963524,6.882133638895281,-0.0005570975247350359,0.7455614470680366,0.7103831011862063,-0.8266306097817544
2026-05-17 10:38:00,6.849483041173171,6.848661325818237,-0.0005586055590414585,0.7315687708420539,0.7061971667628316,-0.828868256267229
2026-05-17 10:39:00,6.815877119451928,6.815100971810306,-0.0005600322224312541,0.7175392902208174,0.7020002222379914,-0.8309851632278566
2026-05-17 10:40:00,6.782188039054799,6.781457459126487,-0.0005613775149043932,0.703475046169148,0.6977928781700063,-0.8329813306635936
2026-05-17 10:41:00,6.7484206822367785,6.747735670021779,-0.0005626414364609052,0.6893780796518666,0.6935757451171972,-0.8348567585744836
2026-05-17 10:42:00,6.714579931252866,6.713940486751178,-0.0005638239871008199,0.6752504316337921,0.6893494336378844,-0.8366114469605709
2026-05-17 10:43:00,6.680670668358056,6.680076791569681,-0.0005649251668240929,0.661094143079744,0.6851145542903884,-0.8382453958217894
2026-05-17 10:44:00,6.646697775807352,6.646149466732287,-0.0005659449756307241,0.6469112549545436,0.6808717176330299,-0.839758605158139
2026-05-17 10:45:00,6.612666135855745,6.612163394493994,-0.000566883413520743,0.6327038082230105,0.6766215342241296,-0.8411510749696638
2026-05-17 10:46:00,6.578580630758239,6.578123457109798,-0.0005677404804941351,0.6184738438499644,0.672364614622008,-0.8424228052563417
2026-05-17 10:47:00,6.544446142769827,6.5440345368346975,-0.0005685161765509002,0.6042234028002255,0.6681015693849855,-0.843573796018173
2026-05-17 10:48:00,6.510267554145508,6.50990151592369,-0.000569210501691031,0.5899545260386134,0.6638330090713828,-0.8446040472551463
2026-05-17 10:49:00,6.476049747140281,6.475729276631774,-0.0005698234559145273,0.5756692545299491,0.6595595442395208,-0.8455135589672618
2026-05-17 10:50:00,6.4417976040091425,6.441522701213946,-0.000570355039221404,0.5613696292390521,0.6552817854477196,-0.8463023311545415
2026-05-17 10:51:00,6.4075160070070885,6.407286671925205,-0.0005708052516116539,0.5470576911307423,0.6510003432543002,-0.8469703638169743
2026-05-17 10:52:00,6.373209838389121,6.373026071020548,-0.0005711740930852767,0.5327354811698398,0.6467158282175828,-0.8475176569545604
2026-05-17 10:53:00,6.338883980410234,6.338745780754972,-0.0005714615636422726,0.5184050403211647,0.6424288508958882,-0.8479442105672996
2026-05-17 10:54:00,6.304543315325423,6.304450683383475,-0.0005716676632826341,0.5040684095495368,0.6381400218475369,-0.848250024655181
2026-05-17 10:55:00,6.270192725389693,6.270145661161056,-0.0005717923920063761,0.48972762981977663,0.6338499516308498,-0.8484350992182267
2026-05-17 10:56:00,6.235837092858036,6.23583559634271,-0.0005718357498134911,0.4753847420967034,0.6295592508041469,-0.8484994342564254
2026-05-17 10:57:00,6.201481299985452,6.201525371183437,-0.0005717977367039717,0.4610417873451378,0.6252685299257493,-0.8484430297697663
2026-05-17 10:58:00,6.167130229026938,6.1672198679382335,-0.0005716783526778254,0.4467008065298995,0.6209783995539773,-0.8482658857582605
2026-05-17 10:59:00,6.13278876223749,6.132923968862098,-0.0005714775977350595,0.4323638406158089,0.6166894702471516,-0.8479680022219188
2026-05-17 11:00:00,6.098461781872107,6.098642556210026,-0.0005711954718756518,0.41803293056768526,0.6124023525635927,-0.8475493791607083
2026-05-17 11:01:00,6.064154170185787,6.06438051223702,-0.0005708319750996171,0.40371011735035006,0.6081176570616215,-0.8470100165746509
2026-05-17 11:02:00,6.02987080943353,6.030142719198072,-0.0005703871074069704,0.38939744192862175,0.603835994299558,-0.8463499144637688
2026-05-17 11:03:00,5.99561658187033,5.995934059348183,-0.0005698608687976891,0.3750969452673212,0.5995579748357234,-0.8455690728280287
2026-05-17 11:04:00,5.961396369751184,5.96175941494235,-0.000569253259271781,0.3608106683312679,0.5952842092284377,-0.844667491667442
2026-05-17 11:05:00,5.927215055331092,5.92762366823557,-0.0005685642788292385,0.34654065208528234,0.5910153080360219,-0.8436451709819973
2026-05-17 11:06:00,5.893077520865052,5.893531701482841,-0.0005677939274700765,0.3322889374941845,0.5867518818167965,-0.842502110771717
2026-05-17 11:07:00,5.858988648608061,5.8594883969391605,-0.00056694220519428,0.31805756552279396,0.5824945411290819,-0.8412383110365788
2026-05-17 11:08:00,5.824953320815116,5.825498636859527,-0.0005660091120018492,0.3038485771359315,0.5782438965311991,-0.8398537717765827
2026-05-17 11:09:00,5.790976419741214,5.791567303498939,-0.0005649946478928062,0.28966401329841673,0.5740005585814684,-0.8383484929917617
2026-05-17 11:10:00,5.757062827641357,5.757699279112391,-0.0005638988128671289,0.2755059149750693,0.5697651378382103,-0.836722474682083
2026-05-17 11:11:00,5.723217426770535,5.723899445954883,-0.0005627216069248246,0.26137632313070996,0.5655382448597456,-0.8349757168475574
2026-05-17 11:12:00,5.689445099383755,5.690172686281412,-0.0005614630300658934,0.247277278730158,0.5613204902043946,-0.8331082194881851
2026-05-17 11:13:00,5.655750727736005,5.656523882346976,-0.0005601230822903277,0.2332108227382341,0.5571124844304782,-0.8311199826039549
2026-05-17 11:14:00,5.622139194082291,5.622957916406572,-0.0005587017635981499,0.2191789961197579,0.5529148380963168,-0.8290110061948999
2026-05-17 11:15:00,5.588615380677607,5.589479670715198,-0.0005571990739893377,0.20518383983954908,0.548728161760231,-0.8267812902609871
2026-05-17 11:16:00,5.555184169776949,5.556094027527852,-0.0005556150134638837,0.19122739486242832,0.5445530659805413,-0.8244308348022054
2026-05-17 11:17:00,5.5218504436353175,5.522805869099532,-0.0005539495820218103,0.17731170215321568,0.5403901613155686,-0.821959639818588
2026-05-17 11:18:00,5.488619084507708,5.489620077685235,-0.0005522027796631172,0.16343880267673078,0.5362400583236333,-0.8193677053101346
2026-05-17 11:19:00,5.45549497464912,5.456541535539958,-0.0005503746063877898,0.1496107373977936,0.5321033675630559,-0.8166550312768236
2026-05-17 11:20:00,5.4224829963145496,5.4235751249187,-0.0005484650621958353,0.1358295472812245,0.5279806995921571,-0.8138216177186656
2026-05-17 11:21:00,5.389588031758995,5.390725728076458,-0.0005464741470872613,0.12209727329184317,0.5238726649692573,-0.8108674646356717
2026-05-17 11:22:00,5.356814963237456,5.3579982272682285,-0.0005444018610620531,0.10841595639446958,0.5197798742526772,-0.8077925720278203
2026-05-17 11:23:00,5.324168673004927,5.325397504749011,-0.0005422482041202177,0.09478763755392408,0.5157029380007375,-0.8045969398951218
2026-05-17 11:24:00,5.291654043316408,5.292928442773802,-0.0005400131762617407,0.08121435773502633,0.5116424667717587,-0.8012805682375547
2026-05-17 11:25:00,5.259275956426895,5.260595923597602,-0.000537696777486644,0.06769815790259745,0.5075990711240616,-0.7978434570551516
2026-05-17 11:26:00,5.2270392945913855,5.228404829475405,-0.0005352990077949353,0.05424107902145593,0.5035733616159662,-0.7942856063479239
2026-05-17 11:27:00,5.194948940064879,5.19636004266221,-0.0005328198671865921,0.040845162056422545,0.4995659488057936,-0.7906070161158381
2026-05-17 11:28:00,5.163009775102374,5.164466445413014,-0.0005302593556616146,0.027512447972316906,0.49557744325186415,-0.7868076863588946
2026-05-17 11:29:00,5.131226681958863,5.132728919982816,-0.0005276174732200027,0.01424497773395977,0.4916084555124986,-0.7828876170770933
2026-05-17 11:30:00,5.099604542889348,5.101152348626614,-0.0005248942198617712,0.0010447923061707614,0.48765959614601745,-0.7788468082704562
2026-05-17 11:31:00,5.068148240148827,5.069741613599404,-0.0005220895955869202,-0.012086067346230115,0.4837314757107413,-0.7746852599389832
2026-05-17 11:32:00,5.036862655992296,5.038501597156183,-0.0005192036003954347,-0.025145560258423228,0.4798247047649907,-0.7704029720826523
2026-05-17 11:33:00,5.0057526726747525,5.007437181551952,-0.000516236234287315,-0.03813164546558784,0.47593989386708624,-0.7659999447014638
2026-05-17 11:34:00,4.974823172451194,4.9765532490417055,-0.0005131874972625756,-0.0510422820029043,0.4720776535753485,-0.7614761777954393
2026-05-17 11:35:00,4.9440790375766195,4.9458546818804425,-0.000510057389321202,-0.06387542890555263,0.4682385944480981,-0.7568316713645571
2026-05-17 11:36:00,4.913525150306026,4.915346362323161,-0.0005068459104632087,-0.07662904520871243,0.4644233270436557,-0.7520664254088391
2026-05-17 11:37:00,4.883166392894412,4.8850331726248575,-0.0005035530606885885,-0.08930108994756447,0.4606324619203417,-0.7471804399282741
2026-05-17 11:38:00,4.853007647596773,4.854919995040531,-0.0005001788399973339,-0.10188952215728798,0.45686660963647674,-0.7421737149228514
2026-05-17 11:39:00,4.823053796668109,4.825011711825177,-0.0004967232483894597,-0.11439230087306335,0.4531263807503814,-0.7370462503925929
2026-05-17 11:40:00,4.793309722363416,4.7953132052337955,-0.0004931862858649439,-0.12680738513007056,0.44941238582037635,-0.7317980463374656
2026-05-17 11:41:00,4.763780306937692,4.765829357521384,-0.000489567952423801,-0.13913273396348885,0.44572523540478226,-0.7264291027574914
2026-05-17 11:42:00,4.734470432645936,4.736565050942939,-0.00048586824806604587,-0.15136630640849902,0.4420655400619196,-0.7209394196526924
2026-05-17 11:43:00,4.705384981743144,4.707525167753459,-0.0004820871727916565,-0.16350606150028102,0.4384339103501088,-0.7153289970230357
2026-05-17 11:44:00,4.676528836484313,4.678714590207941,-0.00047822472660063266,-0.17554995827401446,0.4348309568276706,-0.7095978348685209
2026-05-17 11:45:00,4.647906879124445,4.650138200561383,-0.00047428090949299675,-0.18749595576487937,0.4312572900529257,-0.7037459331891815
2026-05-17 11:46:00,4.619523991918532,4.621800881068781,-0.0004702557214687264,-0.19934201300805648,0.4277135205841943,-0.6977732919849842
2026-05-17 11:47:00,4.591385057121574,4.5937075139851355,-0.0004661491625278143,-0.2110860890387247,0.4242002589797974,-0.6916799112559181
2026-05-17 11:48:00,4.563494956988571,4.565862981565443,-0.00046196123267028266,-0.22272614289206435,0.42071811579805546,-0.6854657910020162
2026-05-17 11:49:00,4.535858573774519,4.538272166064702,-0.0004576919318961314,-0.23426013360325548,0.417267701597289,-0.6791309312232785
2026-05-17 11:50:00,4.508480789734412,4.5109399497379075,-0.00045334126020534583,-0.24568602020747843,0.41384962693581856,-0.6726753319196829
2026-05-17 11:51:00,4.481366487123253,4.48387121484006,-0.0004489092175979333,-0.2570017617399124,0.41046450237196497,-0.6660989930912405
2026-05-17 11:52:00,4.4545205481960375,4.4570708436261555,-0.0004443958040738938,-0.26820531723573826,0.40711293846404845,-0.6594019147379513
2026-05-17 11:53:00,4.427947855207763,4.430543718351193,-0.0004398016710820259,-0.2792946457301352,0.40379554577038984,-0.6525850634904208
2026-05-17 11:54:00,4.401653290413428,4.404294643096312,-0.0004351307273151213,-0.29026773893787344,0.4005129250731513,-0.6456542391322816
2026-05-17 11:55:00,4.375641736068029,4.378328031073378,-0.00043039013870997954,-0.30112275197167,0.39726562827370304,-0.638620074600216
2026-05-17 11:56:00,4.349918074426562,4.352647826451115,-0.0004255877226522061,-0.31185803602178125,0.39405414861646476,-0.6314941694615221
2026-05-17 11:57:00,4.3244871877440305,4.327257504355114,-0.00042073129652737685,-0.3224721383560003,0.390878920688906,-0.624288123283455
2026-05-17 11:58:00,4.299353958275428,4.30216007086783,-0.0004158286777210825,-0.3329638023196584,0.3877403204215457,-0.6170135356332906
2026-05-17 11:59:00,4.274523268275752,4.277358063028584,-0.00041088768361892863,-0.34333196733562404,0.38463866508795275,-0.6096820060783279
2026-05-17 12:00:00,4.25,4.252853548833558,-0.00040591613160650595,-0.3535757689043047,0.38157421330474517,-0.6023051341858432
2026-05-17 12:01:00,4.2257878630953325,4.228648127235803,-0.00040092183906939767,-0.36369453860364426,0.3785471650315911,-0.594894519523102
2026-05-17 12:02:00,4.201885876777551,4.20474292814523,-0.00039591262339321677,-0.3736878040891254,0.3755576615712079,-0.5874617616574138
2026-05-17 12:03:00,4.178291887654619,4.181138612428617,-0.0003908963019635466,-0.38355528909376846,0.37260578556936275,-0.5800184601560443
2026-05-17 12:04:00,4.155003742334499,4.157835371909605,-0.000385880692165963,-0.3932969134281313,0.3696915610148723,-0.572576214586248
2026-05-17 12:05:00,4.132019287425159,4.134832929368701,-0.0003808736113860863,-0.4029127929803089,0.3668149532396033,-0.565146624515345
2026-05-17 12:06:00,4.109336369534558,4.1121305385432745,-0.0003758828770094998,-0.41240323971593607,0.3639758689184712,-0.5577412895106013
2026-05-17 12:07:00,4.086952835270662,4.089726984127561,-0.00037091630642178687,-0.421768761678183,0.36117415606944214,-0.5503718091392823
2026-05-17 12:08:00,4.064866531241432,4.06762058177266,-0.0003659810655597691,-0.43101006298775946,0.3584096040535309,-0.5430488163381028
2026-05-17 12:09:00,4.0430753040548355,4.045809256260389,-0.0003610810631162161,-0.44012801116332306,0.35568195335096087,-0.5357781108906629
2026-05-17 12:10:00,4.021577000318833,4.024290854198714,-0.00035621695053992636,-0.44912350640311993,0.35299093466579695,-0.5285606594275679
2026-05-17 12:11:00,4.00036946664139,4.003063222195598,-0.00035138872783091837,-0.45799744890539734,0.35033627870210404,-0.5213964619488451
2026-05-17 12:12:00,3.9794505496304677,3.982124206859004,-0.0003465963949891885,-0.46675073886840235,0.3477177161639468,-0.5142855184544894
2026-05-17 12:13:00,3.958818095894032,3.9614716547968953,-0.00034183995201472566,-0.47538427649038195,0.34513497775539004,-0.5072278289444841
2026-05-17 12:14:00,3.9384699520400472,3.941103412617237,-0.00033711939890752977,-0.48389896196958276,0.3425877941804988,-0.5002233934188293
2026-05-17 12:15:00,3.9184039646764743,3.9210173269279918,-0.0003324347356676194,-0.49229569550425173,0.34007589614333783,-0.49327221187755227
2026-05-17 12:16:00,3.898617980411278,3.9012112443371225,-0.0003277859622949723,-0.5005753772926363,0.3375990143479719,-0.48637428432062024
2026-05-17 12:17:00,3.879109845852424,3.881683011452595,-0.0003231730787895996,-0.5087389075329825,0.335156879498466,-0.47952961074804956
2026-05-17 12:18:00,3.8598774076078723,3.8624304748823706,-0.00031859608515150497,-0.5167871864235383,0.33274922229888476,-0.4727381911598458
2026-05-17 12:19:00,3.8409185122855893,3.8434514812344145,-0.00031405498138068106,-0.5247211141625496,0.3303757734532933,-0.46600002555599795
2026-05-17 12:20:00,3.8222310064935368,3.824743877116689,-0.00030954976747713154,-0.5325415909482645,0.32803626366575606,-0.4593151139365115
2026-05-17 12:21:00,3.803812736839679,3.8063055091371587,-0.0003050804434408453,-0.5402495169789288,0.32573042364033833,-0.45268345630136997
2026-05-17 12:22:00,3.7856615499319806,3.7881342239037874,-0.0003006470092718483,-0.5478457924527899,0.3234579840811047,-0.44610505265061184
2026-05-17 12:23:00,3.7677752923784045,3.770227868024537,-0.00029624946497011455,-0.5553313175680952,0.3212186756921198,-0.43957990298419863
2026-05-17 12:24:00,3.7501518107869125,3.7525842881073737,-0.0002918878105356478,-0.5627069925230906,0.3190122291774489,-0.43310800730213583
2026-05-17 12:25:00,3.73278895176547,3.735201330760259,-0.00028756204596846655,-0.5699737175160239,0.31683837524115666,-0.426689365604451
2026-05-17 12:26:00,3.7156845619220427,3.7180768425911577,-0.00028327217126855597,-0.5771323927451417,0.3146968445873079,-0.42032397789112197
2026-05-17 12:27:00,3.6988364878645905,3.7012086702080325,-0.0002790181864359124,-0.5841839184086911,0.3125873679199674,-0.4140118441621434
2026-05-17 12:28:00,3.6822425762010793,3.684594660218848,-0.00027480009147054323,-0.5911291947049186,0.3105096759432001,-0.40775296441752623
2026-05-17 12:29:00,3.6659006735394706,3.6682326592315673,-0.00027061788637245586,-0.5979691218320717,0.3084634993610708,-0.4015473386572815
2026-05-17 12:30:00,3.6498086264877294,3.6521205138541535,-0.00026647157114163177,-0.6047045999883972,0.30644856887764427,-0.39539496688138165
2026-05-17 12:31:00,3.633964281653821,3.6362560706945715,-0.00026236114577808575,-0.6113365293721416,0.3044646151969855,-0.3892958490898487
2026-05-17 12:32:00,3.618365485645706,3.620637176360783,-0.00025828661028180674,-0.6178658101815525,0.30251136902315906,-0.3832499852826662
2026-05-17 12:33:00,3.60301008507135,3.6052616774607547,-0.00025424796465279843,-0.6242933426148759,0.30058856106023024,-0.3772573754598396
2026-05-17 12:34:00,3.5878959265387147,3.5901274206024474,-0.0002502452088910793,-0.6306200268703596,0.2986959220122634,-0.3713180196213964
2026-05-17 12:35:00,3.573020856655766,3.575232252393825,-0.00024627834299662346,-0.6368467631462503,0.29683318258332364,-0.36543191776729805
2026-05-17 12:36:00,3.5583827220304665,3.5605740194428526,-0.00024234736696943833,-0.6429744516407948,0.29500007347747575,-0.3595990698975557
2026-05-17 12:37:00,3.54397936927078,3.5461505683574925,-0.0002384522808095276,-0.6490039925522402,0.29319632539878454,-0.35381947601217467
2026-05-17 12:38:00,3.529808644984669,3.5319597457457093,-0.00023459308451689124,-0.6549362860788331,0.2914216690513149,-0.3480931361111551
2026-05-17 12:39:00,3.5158683957800987,3.5179993982154656,-0.0002307697780915256,-0.6607722324188209,0.2896758351391316,-0.34242005019449145
2026-05-17 12:40:00,3.502156468265032,3.504267372374726,-0.0002269823615334306,-0.6665127317704499,0.28795855436629963,-0.3368002182621837
2026-05-17 12:41:00,3.4886707090474323,3.490761514831454,-0.00022323083484262116,-0.6721586843319676,0.28626955743688365,-0.3312336403142539
2026-05-17 12:42:00,3.4754089647352626,3.4774796721936116,-0.00021951519801907498,-0.6777109903016211,0.2846085750549484,-0.32572031635066895
2026-05-17 12:43:00,3.462369081936489,3.464419691069165,-0.0002158354510627995,-0.6831705498776565,0.2829753379245591,-0.32026024637143996
2026-05-17 12:44:00,3.4495489072590733,3.4515794180660757,-0.00021219159397380208,-0.6885382632583215,0.28136957674978025,-0.3148534303765778
2026-05-17 12:45:00,3.436946287310979,3.4389566997923087,-0.00020858362675207537,-0.6938150306418625,0.2797910222346769,-0.30949986836607163
2026-05-17 12:46:00,3.4245590687001695,3.4265493828558267,-0.0002050115493976194,-0.6990017522265267,0.27823940508331374,-0.30419956033992135
2026-05-17 12:47:00,3.4123850980346093,3.4143553138645943,-0.00020147536191044517,-0.7040993282105609,0.27671445599975575,-0.29895250629814346
2026-05-17 12:48:00,3.400422221922262,3.4023723394265732,-0.00019797506429053796,-0.7091086587922126,0.2752159056880675,-0.293758706240716
2026-05-17 12:49:00,3.3886682869710913,3.39059830614973,-0.0001945106565378977,-0.7140306441697277,0.2737434848523142,-0.2886181601676389
2026-05-17 12:50:00,3.3771211397890597,3.3790310606420255,-0.00019108213865253926,-0.718866184541354,0.27229692419656043,-0.28353086807893424
2026-05-17 12:51:00,3.3657786269841323,3.367668449511425,-0.00018768951063445524,-0.723616180105338,0.2708759544248711,-0.278496829974591
2026-05-17 12:52:00,3.3546385951642717,3.356508319365891,-0.00018433277248364188,-0.728281531059927,0.269480306241311,-0.2735160458546037
2026-05-17 12:53:00,3.343698890937441,3.345548516813388,-0.00018101192420009551,-0.7328631376033675,0.268109710349945,-0.26858851571896675
2026-05-17 12:54:00,3.3329573609116054,3.3347868884618794,-0.00017772696578382725,-0.7373618999339067,0.26676389745483803,-0.26371423956769674
2026-05-17 12:55:00,3.3224118516947265,3.324221280919329,-0.00017447789723483708,-0.7417787182497912,0.26544259826005484,-0.25889321740079363
2026-05-17 12:56:00,3.312060209894771,3.313849540793699,-0.00017126471855311392,-0.7461144927492688,0.2641455434696602,-0.254125449218241
2026-05-17 12:57:00,3.3019002821196994,3.303669514692955,-0.00016808742973865772,-0.7503701236305853,0.26287246378771906,-0.2494109350200387
2026-05-17 12:58:00,3.291929914977478,3.29367904922506,-0.00016494603079148334,-0.7545465110919881,0.2616230899182963,-0.24474967480620882
2026-05-17 12:59:00,3.282146955076067,3.283875990997977,-0.00016184052171158703,-0.7586445553317244,0.2603971525654566,-0.24014166857674582
2026-05-17 13:00:00,3.2725492490234336,3.2742581866196696,-0.00015877090249895033,-0.7626651565480411,0.2591943824332648,-0.2355869163316223
2026-05-17 13:01:00,3.2631346434275397,3.264823482698103,-0.000155737173153588,-0.7666092149391844,0.25801451022578603,-0.23108541807086014
2026-05-17 13:02:00,3.253900984896348,3.255569725841239,-0.00015273933367551117,-0.7704776307034021,0.2568572666470848,-0.2266371737944759
2026-05-17 13:03:00,3.244846120037824,3.2464947626570417,-0.00014977738406470135,-0.7742713040389408,0.2557223824012261,-0.22224218350244207
2026-05-17 13:04:00,3.23596789545993,3.237596439753475,-0.0001468513243211585,-0.7779911351440476,0.25460958819227464,-0.21790044719475865
2026-05-17 13:05:00,3.2272641577706302,3.2288726037385027,-0.00014396115444489376,-0.7816380242169689,0.2535186147242955,-0.21361196487144213
2026-05-17 13:06:00,3.2187327535778882,3.2203211012200876,-0.00014110687443589972,-0.7852128714559524,0.25244919270135324,-0.20937673653248157
2026-05-17 13:07:00,3.2103715294896684,3.2119397788061947,-0.00013828848429418006,-0.7887165770592441,0.25140105282751296,-0.20519476217788238
2026-05-17 13:08:00,3.2021783321139323,3.203726483104786,-0.0001355059840197422,-0.7921500412250919,0.25037392580683926,-0.20106604180765555
2026-05-17 13:09:00,3.194151008058646,3.1956790607238257,-0.0001327593736125639,-0.7955141641517425,0.24936754234339703,-0.1969905754217682
2026-05-17 13:10:00,3.186287403931771,3.1877953582712784,-0.00013004865307266004,-0.7988098460374421,0.24838163314125128,-0.19296836302024226
2026-05-17 13:11:00,3.178585366341271,3.1800732223551065,-0.00012737382240003426,-0.8020379870804384,0.2474159289044667,-0.18899940460308323
2026-05-17 13:12:00,3.171042741895112,3.1725104995832742,-0.00012473488159468285,-0.805199487478978,0.24647016033710817,-0.18508370017028555
2026-05-17 13:13:00,3.1636573772012557,3.1651050365637445,-0.00012213183065660216,-0.8082952474313081,0.24554405814324046,-0.18122124972184384
2026-05-17 13:14:00,3.1564271188676662,3.157854679904482,-0.00011956466958578845,-0.8113261671356752,0.24463735302692857,-0.17741205325775253
2026-05-17 13:15:00,3.1493498135023072,3.15075727621345,-0.00011703339838225653,-0.8142931467903265,0.24374977569223719,-0.1736561107780336
2026-05-17 13:16:00,3.142423307713141,3.143810672098611,-0.000114538017045999,-0.8171970865935091,0.24288105684323116,-0.16995342228267607
2026-05-17 13:17:00,3.135645448108133,3.13701271416793,-0.00011207852557700108,-0.8200388867434698,0.24203092718397534,-0.16630398777165803
2026-05-17 13:18:00,3.1290140812952463,3.130361249029371,-0.00010965492397528495,-0.822819447438455,0.24119911741853475,-0.16270780724501235
2026-05-17 13:19:00,3.1225270538824437,3.123854123290896,-0.0001072672122408469,-0.8255396688767126,0.24038535825097393,-0.15916488070273355
2026-05-17 13:20:00,3.1161822124776903,3.1174891835604694,-0.00010491539037367584,-0.8282004512564888,0.2395893803853579,-0.15567520814480518
2026-05-17 13:21:00,3.109977403688949,3.1112642764460547,-0.00010259945837378288,-0.8308026947760309,0.23881091452575143,-0.15223878957124373
2026-05-17 13:22:00,3.1039104741241825,3.1051772485556155,-0.00010031941624115693,-0.8333472996335858,0.23804969137621934,-0.1488556249820327
2026-05-17 13:23:00,3.0979792703913565,3.099225946497116,-9.807526397580165e-05,-0.8358351660274,0.2373054416408266,-0.14552571437717757
2026-05-17 13:24:00,3.0921816390984316,3.0934082168785193,-9.586700157772446e-05,-0.8382671941557209,0.23657789602363793,-0.14224905775668933
2026-05-17 13:25:00,3.086515426853375,3.087721906307789,-9.369462904692168e-05,-0.8406442842167954,0.2358667852287182,-0.1390256551205625
2026-05-17 13:26:00,3.080978480264147,3.0821648613928887,-9.155814638339329e-05,-0.8429673364088702,0.23517183996013225,-0.1358555064687971
2026-05-17 13:27:00,3.075568645938714,3.076734928741782,-8.945755358712819e-05,-0.8452372509301926,0.23449279092194483,-0.13273861180137664
2026-05-17 13:28:00,3.070283770485037,3.0714299549624333,-8.739285065814117e-05,-0.8474549279790089,0.23382936881822103,-0.12967497111832305
2026-05-17 13:29:00,3.065121700511082,3.066247786662805,-8.536403759643597e-05,-0.8496212677535667,0.2331813043530254,-0.12666458441964185
2026-05-17 13:30:00,3.0600802826248112,3.061186270450861,-8.337111440199403e-05,-0.8517371704521127,0.23254832823042287,-0.12370745170530559
2026-05-17 13:31:00,3.055157363434189,3.0562432529345656,-8.14140810748265e-05,-0.8538035362728937,0.23193017115447834,-0.12080357297533073
2026-05-17 13:32:00,3.0503507895471773,3.051416580721882,-7.949293761493337e-05,-0.8558212654141567,0.23132656382925665,-0.11795294822971729
2026-05-17 13:33:00,3.0456584075717426,3.0467041004207736,-7.760768402230722e-05,-0.8577912580741487,0.23073723695882256,-0.11515557746845426
2026-05-17 13:34:00,3.041078064115846,3.042103658639205,-7.575832029696286e-05,-0.8597144144511163,0.23016192124724105,-0.11241146069156362
2026-05-17 13:35:00,3.0366076057874536,3.037613101985138,-7.394484643889292e-05,-0.8615916347433071,0.2296003473985767,-0.1097205978990344
2026-05-17 13:36:00,3.0322448791945247,3.033230277066538,-7.216726244808994e-05,-0.8634238191489676,0.2290522461168946,-0.10708298909085558
2026-05-17 13:37:00,3.0279877309450285,3.028953030491367,-7.042556832455767e-05,-0.8652118678663447,0.22851734810625945,-0.1044986342670327
2026-05-17 13:38:00,3.0238340076469243,3.024779208867591,-6.871976406830349e-05,-0.8669566810936852,0.22799538407073625,-0.1019675334275767
2026-05-17 13:39:00,3.0197815559081773,3.020706658803171,-6.70498496793237e-05,-0.8686591590292366,0.22748608471438955,-0.09948968657248211
2026-05-17 13:40:00,3.0158282223367516,3.016733226906072,-6.541582515760721e-05,-0.8703202018712453,0.22698918074128446,-0.09706509370173247
2026-05-17 13:41:00,3.0119718535406093,3.012856759784258,-6.38176905031762e-05,-0.8719407098179581,0.2265044028554858,-0.09469375481536069
2026-05-17 13:42:00,3.0082102961277157,3.009075104045691,-6.22554457160122e-05,-0.8735215830676228,0.2260314817610581,-0.09237566991333934
2026-05-17 13:43:00,3.004541396706034,3.0053861062983365,-6.072909079611888e-05,-0.8750637218184852,0.22557014816206666,-0.0901108389956739
2026-05-17 13:44:00,3.0009630018835276,3.0017876131501566,-5.9238625743507355e-05,-0.8765680262687933,0.22512013276257595,-0.08789926206238086
2026-05-17 13:45:00,2.9974729582681596,2.9982774712091156,-5.778405055815912e-05,-0.8780353966167933,0.22468116626665094,-0.08574093911343274
2026-05-17 13:46:00,2.9940691124678938,2.9948535270831775,-5.636536524008529e-05,-0.8794667330607323,0.22425297937835653,-0.08363587014884603
2026-05-17 13:47:00,2.9907493110906946,2.9915136273803054,-5.498256978928584e-05,-0.8808629357988573,0.22383530280175748,-0.08158405516862073
2026-05-17 13:48:00,2.987511400744525,2.9882556187084632,-5.363566420576819e-05,-0.8822249050294151,0.2234278672409187,-0.07958549417276782
2026-05-17 13:49:00,2.984353228037348,2.985077347675613,-5.2324648489517527e-05,-0.8835535409506533,0.2230304033999048,-0.07764018716126533
2026-05-17 13:50:00,2.981272639577129,2.981976660889721,-5.1049522640530164e-05,-0.8848497437608178,0.22264264198278091,-0.07574813413410779
2026-05-17 13:51:00,2.9782674819718307,2.9789514049587495,-4.9810286658824586e-05,-0.886114413658156,0.2222643136936118,-0.07390933509132261
2026-05-17 13:52:00,2.9753356018294164,2.975999426490662,-4.860694054439341e-05,-0.887348450840915,0.22189514923646222,-0.07212379003289886
2026-05-17 13:53:00,2.9724748457578496,2.9731185720934223,-4.7439484297229216e-05,-0.8885527555073416,0.221534879315397,-0.07039149895882552
2026-05-17 13:54:00,2.9696830603650937,2.9703066883749947,-4.6307917917343123e-05,-0.8897282278556823,0.22118323463448117,-0.06871246186911908
2026-05-17 13:55:00,2.966958092259114,2.967561621943341,-4.521224140473512e-05,-0.8908757680841849,0.22083994589777928,-0.06708667876377954
2026-05-17 13:56:00,2.9642977880478716,2.9648812194064265,-4.415245475939041e-05,-0.8919962763910958,0.22050474380935634,-0.06551414964278493
2026-05-17 13:57:00,2.9616999943393325,2.9622633273722143,-4.3128557981323795e-05,-0.893090652974662,0.22017735907327715,-0.06399487450615722
2026-05-17 13:58:00,2.9591625577414593,2.9597057924486676,-4.214055107052787e-05,-0.8941597980331305,0.21985752239360654,-0.06252885335388542
2026-05-17 13:59:00,2.9566833248622157,2.957206461243751,-4.118843402700264e-05,-0.895204611764748,0.2195449644744094,-0.061116086185969545
2026-05-17 14:00:00,2.954260142309564,2.9547631803654273,-4.02722068507555e-05,-0.8962259943677615,0.21923941601975058,-0.059756573002420564
2026-05-17 14:01:00,2.95189085669147,2.9523737964216603,-3.939186954177535e-05,-0.8972248460404182,0.21894060773369484,-0.058450313803222
2026-05-17 14:02:00,2.949573314615897,2.9500361560204142,-3.85474221000807e-05,-0.8982020669809646,0.21864827032030712,-0.05719730858840132
2026-05-17 14:03:00,2.947305362690807,2.9477481057696506,-3.773886452564934e-05,-0.8991585573876486,0.21836213448365197,-0.055997557357925574
2026-05-17 14:04:00,2.9450848475241647,2.9455074922773363,-3.696619681848867e-05,-0.9000952174587157,0.21808193092779468,-0.05485106011180574
2026-05-17 14:05:00,2.9429096157239334,2.943312162151432,-3.62294189786098e-05,-0.901012947392414,0.21780739035679972,-0.0537578168500583
2026-05-17 14:06:00,2.9407775138980776,2.941159961999903,-3.552853100599422e-05,-0.9019126473869897,0.21753824347473213,-0.05271782757265579
2026-05-17 14:07:00,2.9386863886545598,2.9390487384307127,-3.486353290066043e-05,-0.9027952176406902,0.21727422098565666,-0.051731092279625676
2026-05-17 14:08:00,2.9366340866013445,2.936976338051824,-3.423442466258993e-05,-0.9036615583517622,0.21701505359363815,-0.05079761097094048
2026-05-17 14:09:00,2.9346184543463947,2.934940607471202,-3.3641206291797526e-05,-0.9045125697184524,0.21676047200274157,-0.04991738364662219
2026-05-17 14:10:00,2.9326373384976736,2.932939393296808,-3.308387778828322e-05,-0.9053491519390083,0.21651020691703154,-0.0490904103066708
2026-05-17 14:11:00,2.930688585663147,2.930970542136608,-3.25624391520359e-05,-0.9061722052116765,0.21626398904057303,-0.04831669095106983
2026-05-17 14:12:00,2.928770042450776,2.929031900598564,-3.207689038306298e-05,-0.906982629734704,0.21602154907743085,-0.04759622557983027
2026-05-17 14:13:00,2.9268795554685245,2.9271213152906403,-3.1627231481364446e-05,-0.9077813257063376,0.21578261773166987,-0.04692901419295212
2026-05-17 14:14:00,2.925014971324358,2.9252366328208,-3.121346244694031e-05,-0.9085691933248246,0.21554692570735484,-0.04631505679043536
2026-05-17 14:15:00,2.9231741366262383,2.9233756997970075,-3.083558327978316e-05,-0.9093471327884115,0.21531420370855067,-0.04575435337226904
2026-05-17 14:16:00,2.9213548979821296,2.921536362827226,-3.0493593979904105e-05,-0.9101160442953453,0.21508418243932223,-0.045246903938469606
2026-05-17 14:17:00,2.9195551019999955,2.919716468519419,-3.0187494547295745e-05,-0.9108768280438733,0.21485659260373427,-0.0447927084890261
2026-05-17 14:18:00,2.9177725952877998,2.9179138634815507,-2.9917284981958078e-05,-0.9116303842322419,0.21463116490585174,-0.0443917670239385
2026-05-17 14:19:00,2.916005224453506,2.916126394321584,-2.9682965283894803e-05,-0.9123776130586984,0.21440763004973937,-0.04404407954321231
2026-05-17 14:20:00,2.914250836105078,2.9143519076474833,-2.948453545310962e-05,-0.9131194147214894,0.2141857187394621,-0.04374964604685302
2026-05-17 14:21:00,2.9125072768504787,2.912588250067211,-2.932199548959513e-05,-0.9138566894188623,0.2139651616790846,-0.04350846653484963
2026-05-17 14:22:00,2.910772393297672,2.910833268188732,-2.9195345393351334e-05,-0.9145903373490637,0.2137456895726719,-0.043320541007202173
2026-05-17 14:23:00,2.909044032054622,2.9090848086200087,-2.9104585164385634e-05,-0.9153212587103408,0.2135270331242887,-0.04318586946392161
2026-05-17 14:24:00,2.9073200397292918,2.9073407179690056,-2.9049714802686923e-05,-0.9160503537009402,0.21330892303799992,-0.043104451904991466
2026-05-17 14:25:00,2.905598262929646,2.9055988428436863,-2.9030734308262604e-05,-0.916778522519109,0.21309109001787038,-0.04307628833042273
2026-05-17 14:26:00,2.903876548263646,2.903857029852014,-2.9047643681112678e-05,-0.9175066653630941,0.2128732647679649,-0.0431013787402154
2026-05-17 14:27:00,2.902152742339258,2.902113125601953,-2.9100442921237145e-05,-0.9182356824311425,0.21265517799234832,-0.04317972313436948
2026-05-17 14:28:00,2.9004246917644436,2.9003649767014656,-2.9189132028628605e-05,-0.9189664739215011,0.21243656039508546,-0.04331132151287397
2026-05-17 14:29:00,2.8986902431471684,2.8986104297585173,-2.931371100329816e-05,-0.9196999400324166,0.21221714268024125,-0.04349617387574538
2026-05-17 14:30:00,2.896947243095393,2.89684733138107,-2.947417984524581e-05,-0.9204369809621364,0.21199665555188038,-0.043734280222983674
2026-05-17 14:31:00,2.8951935382170846,2.895073528177088,-2.9670538554453043e-05,-0.9211784969089072,0.2117748297140678,-0.04402564055456141
2026-05-17 14:32:00,2.8934269751202053,2.8932868667545355,-2.9902787130942077e-05,-0.9219253880709756,0.2115513958708684,-0.044370254870511536
2026-05-17 14:33:00,2.8916454004127172,2.891485193721375,-3.0170925574705503e-05,-0.9226785546465891,0.21132608472634684,-0.04476812317082307
2026-05-17 14:34:00,2.889846660702586,2.889666355685571,-3.047495388573592e-05,-0.9234388968339942,0.21109862698456813,-0.04521924545548503
2026-05-17 14:35:00,2.888028602597774,2.8878281992550865,-3.081487206404813e-05,-0.924207314831438,0.21086875334959698,-0.045723621724519374
2026-05-17 14:36:00,2.8861890727062463,2.885968571037885,-3.119068010962733e-05,-0.9249847088371678,0.21063619452549823,-0.04628125197790414
2026-05-17 14:37:00,2.884325917635966,2.884085317641931,-3.1602378022477226e-05,-0.9257719790494298,0.21040068121633684,-0.04689213621564482
2026-05-17 14:38:00,2.8824369839948947,2.882176285675188,-3.204996580260522e-05,-0.9265700256664713,0.21016194412617759,-0.04755627443775241
2026-05-17 14:39:00,2.8805201183909985,2.8802393217456186,-3.25334434500039e-05,-0.9273797488865394,0.20991971395908524,-0.0482736666442159
2026-05-17 14:40:00,2.8785731674322403,2.8782722724611873,-3.305281096466957e-05,-0.9282020489078807,0.20967372141912477,-0.04904431283502982
2026-05-17 14:41:00,2.876593977726583,2.8762729844298582,-3.360806834661704e-05,-0.9290378259287421,0.20942369721036097,-0.04986821301021614
2026-05-17 14:42:00,2.874580395881992,2.8742393042595933,-3.41992155958389e-05,-0.9298879801473711,0.20916937203685856,-0.05074536716976385
2026-05-17 14:43:00,2.872530268506429,2.8721690785583576,-3.482625271233146e-05,-0.930753411762014,0.20891047660268253,-0.05167577531366749
2026-05-17 14:44:00,2.870441442207858,2.8700601539341135,-3.54891796960947e-05,-0.9316350209709183,0.20864674161189756,-0.05265943744192703
2026-05-17 14:45:00,2.8683117635942432,2.867910376994826,-3.6187996547124936e-05,-0.9325337079723303,0.2083778977685687,-0.053696353554537
2026-05-17 14:46:00,2.8661390792735486,2.8657175943484585,-3.692270326543697e-05,-0.9334503729644972,0.20810367577676067,-0.05478652365151936
2026-05-17 14:47:00,2.8639212358537365,2.8634796526029738,-3.769329985102339e-05,-0.934385916145666,0.2078238063405383,-0.055929947732863125
2026-05-17 14:48:00,2.861656079942771,2.8611943983663357,-3.849978630388051e-05,-0.9353412377140838,0.20753802016396636,-0.05712662579856281
2026-05-17 14:49:00,2.859341458148617,2.858859678246508,-3.9342162624012025e-05,-0.9363172378679974,0.20724604795110982,-0.0583765578486239
2026-05-17 14:50:00,2.8569752170792366,2.8564733388514543,-4.0220428811406825e-05,-0.9373148168056537,0.2069476204060334,-0.05967974388302992
2026-05-17 14:51:00,2.854555203342594,2.8540332267891393,-4.1134584866083417e-05,-0.938334874725299,0.20664246823280222,-0.06103618390180832
2026-05-17 14:52:00,2.852079263546651,2.8515371886675243,-4.208463078803811e-05,-0.9393783118251815,0.20633032213548066,-0.06244587790495363
2026-05-17 14:53:00,2.8495452442993754,2.8489830710945747,-4.3070307476748373e-05,-0.9404460283035472,0.2060109128181339,-0.06390844143478398
2026-05-17 14:54:00,2.8469509922087273,2.8463687517703145,-4.409006032921973e-05,-0.9415389113610014,0.20568397487309478,-0.06542156774541695
2026-05-17 14:55:00,2.8442943538826717,2.8436922638550683,-4.5141039239919115e-05,-0.9426577832099409,0.20534926233403641,-0.06698102780267065
2026-05-17 14:56:00,2.8415731759291702,2.840951827061524,-4.622013500279835e-05,-0.9438033880769118,0.20500655256424025,-0.06858220811469237
2026-05-17 14:57:00,2.8387853049561906,2.8381458476547325,-4.732423841182406e-05,-0.9449763922026093,0.20465564625659624,-0.07022049518965132
2026-05-17 14:58:00,2.835928587571693,2.8352729184521053,-4.845024026096656e-05,-0.9461773838418785,0.2042963674336026,-0.07189127553572222
2026-05-17 14:59:00,2.833000870383641,2.8323318188234166,-4.959503134419618e-05,-0.9474068732637143,0.2039285634473658,-0.07358993566107981
2026-05-17 15:00:00,2.83,2.8293215146908017,-5.075550245548325e-05,-0.9486652927512611,0.20355210497960063,-0.07531186207389881
2026-05-17 15:01:00,2.826924289409638,2.8262411585287586,-5.192854438877588e-05,-0.9499529966018128,0.20316688604163027,-0.07705244128232097
2026-05-17 15:02:00,2.823773917125046,2.8230900893641486,-5.31110479380481e-05,-0.9512702611268122,0.20277282397438637,-0.07880705979452653
2026-05-17 15:03:00,2.8205495280396153,2.819867832776193,-5.429990389726284e-05,-0.9526172846518529,0.20236985944840863,-0.08057110411867921
2026-05-17 15:04:00,2.817251767046743,2.816574100896477,-5.5492003060375605e-05,-0.9539941875166766,0.20195795646384543,-0.08233996076293178
2026-05-17 15:05:00,2.8138812790398258,2.8132087924089477,-5.668423622137893e-05,-0.9554010120751756,0.20153710235045327,-0.08410901623549188
2026-05-17 15:06:00,2.8104387089122547,2.8097719925499116,-5.787349417422464e-05,-0.9568377226953919,0.20110730776759683,-0.08587365704450682
2026-05-17 15:07:00,2.8069247015574263,2.8062639731080408,-5.905666771286455e-05,-0.9583042057595162,0.20066860670424946,-0.08762926969812383
2026-05-17 15:08:00,2.803339901868734,2.802685192424368,-6.023090673178411e-05,-0.9598002696638892,0.20022105647899274,-0.08937162516218852
2026-05-17 15:09:00,2.7996849547395763,2.7990362643002267,-6.139465662795922e-05,-0.961325657816643,0.1997647338517484,-0.09109841669077451
2026-05-17 15:10:00,2.795960505063344,2.7953178336290128,-6.254765830088956e-05,-0.9628801006282677,0.19929971947070638,-0.09280925982623289
2026-05-17 15:11:00,2.7921671977334337,2.79153054530412,-6.368991175057145e-05,-0.9644633285092538,0.19882609398405643,-0.0945041545685582
2026-05-17 15:12:00,2.7883056776432387,2.787675044218944,-6.482141697700487e-05,-0.966075071870091,0.19834393803998862,-0.09618310091775038
2026-05-17 15:13:00,2.7843765896861568,2.7837519752668793,-6.594217398019723e-05,-0.9677150611212699,0.1978533322866927,-0.0978460988738205
2026-05-17 15:14:00,2.78038057875558,2.7797619833413205,-6.705218276014483e-05,-0.9693830266732808,0.19735435737235854,-0.09949314843676299
2026-05-17 15:15:00,2.776318289744903,2.775705713335662,-6.815144331684397e-05,-0.9710786989366139,0.196847093945176,-0.10112424960657239
2026-05-17 15:16:00,2.7721903675475237,2.7715838101432992,-6.923995565029095e-05,-0.9728018083217592,0.19633162265333504,-0.10273940238324321
2026-05-17 15:17:00,2.7679974570568326,2.767396918657627,-7.031771976049687e-05,-0.974552085239207,0.19580802414502552,-0.10433860676679194
2026-05-17 15:18:00,2.7637402031662277,2.7631456837720396,-7.138473564745062e-05,-0.9763292600994476,0.19527637906843726,-0.10592186275720206
2026-05-17 15:19:00,2.7594192507691027,2.758830750379933,-7.244100331116332e-05,-0.9781330633129709,0.1947367680717603,-0.10748917035449009
2026-05-17 15:20:00,2.755035244758852,2.7544527633747,-7.348652275163496e-05,-0.9799632252902679,0.1941892718031842,-0.109040529558656
2026-05-17 15:21:00,2.7505888300288706,2.7500123676497368,-7.452129396885443e-05,-0.9818194764418282,0.1936339709108991,-0.11057594036968332
2026-05-17 15:22:00,2.7460806514725538,2.7455102080984375,-7.554531696282915e-05,-0.9837015471781422,0.19307094604309477,-0.11209540278758308
2026-05-17 15:23:00,2.7415113539832965,2.7409469296141973,-7.655859173355169e-05,-0.9856091679097002,0.19250027784796106,-0.11359891681234421
2026-05-17 15:24:00,2.7368815824544916,2.7363231770904113,-7.756111828103319e-05,-0.987542069046992,0.191922046973688,-0.11508648244398327
2026-05-17 15:25:00,2.7321919817795353,2.7316395954204733,-7.85528966052662e-05,-0.9894999810005085,0.19133633406846529,-0.1165580996824892
2026-05-17 15:26:00,2.7274431968518233,2.7268968294977793,-7.953392670625817e-05,-0.9914826341807393,0.19074321978048295,-0.11801376852787304
2026-05-17 15:27:00,2.722635872564749,2.7220955242157223,-8.050420858400539e-05,-0.9934897589981754,0.19014278475793064,-0.11945348898012931
2026-05-17 15:28:00,2.7177706538117077,2.7172363244676987,-8.146374223849673e-05,-0.9955210858633063,0.18953510964899842,-0.12087726103924147
2026-05-17 15:29:00,2.7128481854860937,2.7123198751471027,-8.24125276697433e-05,-0.9975763451866225,0.18892027510187615,-0.12228508470522603
2026-05-17 15:30:00,2.7078691124813017,2.7073468211473295,-8.335056487774883e-05,-0.999655267378614,0.18829836176475373,-0.12367695997808849
2026-05-17 15:31:00,2.702834079690728,2.702317807361773,-8.42778538625096e-05,-1.0017575828497716,0.18766945028582088,-0.12505288685782337
2026-05-17 15:32:00,2.697743732007765,2.6972334786838283,-8.51943946240145e-05,-1.003883022010585,0.1870336213132676,-0.12641286534441415
2026-05-17 15:33:00,2.6925987143258103,2.692094480006891,-8.610018716227833e-05,-1.0060313152715443,0.1863909554952838,-0.12775689543788282
2026-05-17 15:34:00,2.6873996715382558,2.686901456224355,-8.699523147730112e-05,-1.0082021930431404,0.18574153348005923,-0.1290849771382294
2026-05-17 15:35:00,2.6821472485384983,2.681655052229615,-8.787952756907172e-05,-1.0103953857358632,0.1850854359157838,-0.1303971104454374
2026-05-17 15:36:00,2.6768420902199317,2.6763559129160663,-8.875307543759388e-05,-1.0126106237602026,0.1844227434506475,-0.1316932953595123
2026-05-17 15:37:00,2.6714848414759507,2.6710046831771037,-8.961587508287128e-05,-1.014847637526649,0.18375353673284012,-0.13297353188045957
2026-05-17 15:38:00,2.6660761471999512,2.665602007906122,-9.046792650490761e-05,-1.017106157445693,0.18307789641055153,-0.13423782000828477
2026-05-17 15:39:00,2.6606166522853263,2.660148531996515,-9.130922970369548e-05,-1.0193859139278245,0.18239590313197157,-0.13548615974297687
2026-05-17 15:40:00,2.6551070016254728,2.6546449003416783,-9.21397846792349e-05,-1.0216866373835336,0.18170763754529023,-0.13671855108453587
2026-05-17 15:41:00,2.6495478401137826,2.6490917578350066,-9.295959143152584e-05,-1.0240080582233109,0.18101318029869726,-0.13793499403296178
2026-05-17 15:42:00,2.6439398126436524,2.6434897493698952,-9.376864996057203e-05,-1.0263499068576463,0.18031261204038262,-0.1391354885882601
2026-05-17 15:43:00,2.638283564108477,2.637839519839738,-9.456696026638086e-05,-1.0287119136970302,0.17960601341853616,-0.1403200347504418
2026-05-17 15:44:00,2.6325797394016517,2.6321417141379295,-9.535452234893382e-05,-1.031093809151953,0.17889346508134765,-0.14148863251947943
2026-05-17 15:45:00,2.62682898341657,2.626396977157866,-9.613133620823832e-05,-1.0334953236329043,0.17817504767700723,-0.14264128189538397
2026-05-17 15:46:00,2.6210319410466267,2.620605953792941,-9.689740184430178e-05,-1.035916187550375,0.1774508418537045,-0.1437779828781664
2026-05-17 15:47:00,2.6151892571852176,2.6147692889365497,-9.765271925712045e-05,-1.038356131314855,0.17672092825962948,-0.1448987354678212
2026-05-17 15:48:00,2.6093015767257364,2.6088876274820865,-9.839728844669437e-05,-1.0408148853368349,0.17598538754297197,-0.14600353966434843
2026-05-17 15:49:00,2.6033695445615797,2.6029616143229464,-9.913110941300873e-05,-1.0432921800268045,0.17524430035192187,-0.1470923954677261
2026-05-17 15:50:00,2.5973938055861394,2.5969918943525254,-9.985418215608573e-05,-1.0457877457952536,0.17449774733466925,-0.14816530287798715
2026-05-17 15:51:00,2.591375004692812,2.590979112464216,-0.00010056650667592538,-1.0483013130526735,0.17374580913940366,-0.14922226189513157
2026-05-17 15:52:00,2.585313786774993,2.5849239135514144,-0.00010126808297250175,-1.050832612209554,0.17298856641431512,-0.15026327251912094
2026-05-17 15:53:00,2.5792107967260756,2.578826942507516,-0.00010195891104584077,-1.0533813736763846,0.17222609980759362,-0.1512883347499937
2026-05-17 15:54:00,2.573066679439456,2.5726888442259135,-0.00010263899089593872,-1.0559473278636566,0.17145848996742885,-0.15229744858774436
2026-05-17 15:55:00,2.5668820798085275,2.5665102636000032,-0.0001033083225227808,-1.05853020518186,0.17068581754201073,-0.1532906140323509
2026-05-17 15:56:00,2.560657642726686,2.56029184552318,-0.00010396690592637814,-1.0611297360414844,0.16990816317952923,-0.15426783108382988
2026-05-17 15:57:00,2.5543940130873266,2.554034234888838,-0.00010461474110673811,-1.0637456508530205,0.16912560752817415,-0.15522909974219223
2026-05-17 15:58:00,2.548091835783843,2.547738076590371,-0.00010525182806384593,-1.0663776800269589,0.16833823123613528,-0.15617442000741602
2026-05-17 15:59:00,2.541751755709629,2.5414040155211763,-0.00010587816679770156,-1.069025553973789,0.1675461149516027,-0.1571037918795012
2026-05-17 16:00:00,2.5353744177580824,2.535032696574647,-0.00010649375730831245,-1.0716890031040016,0.16674933932276612,-0.15801721535845878
2026-05-17 16:01:00,2.5289604668225967,2.528624764644179,-0.00010709859959567858,-1.0743677578280864,0.1659479849978156,-0.15891469044428877
2026-05-17 16:02:00,2.522510547796565,2.5221808646231656,-0.00010769269365980734,-1.0770615485565342,0.16514213262494076,-0.15979621713700215
2026-05-17 16:03:00,2.5160253055733834,2.515701641405002,-0.00010827603950068395,-1.0797701056998352,0.1643318628523316,-0.16066179543657694
2026-05-17 16:04:00,2.5095053850464466,2.5091877398830835,-0.00010884863711831209,-1.0824931596684793,0.16351725632817804,-0.16151142534301863
2026-05-17 16:05:00,2.50295143110915,2.5026398049508045,-0.00010941048651269177,-1.085230440872957,0.16269839370066985,-0.16234510685632725
2026-05-17 16:06:00,2.4963640886548877,2.4960584815015605,-0.00010996158768382669,-1.087981679723758,0.16187535561799707,-0.16316283997650827
2026-05-17 16:07:00,2.489744002577055,2.4894444144287453,-0.00011050194063172055,-1.0907466066313731,0.16104822272834945,-0.16396462470356715
2026-05-17 16:08:00,2.4830918177690458,2.482798248625754,-0.00011103154535636594,-1.0935249520062924,0.1602170756799169,-0.16475046103749297
2026-05-17 16:09:00,2.4764081791242556,2.4761206289859814,-0.00011155040185776289,-1.0963164462590063,0.15938199512088919,-0.1655203489782857
2026-05-17 16:10:00,2.4696937315360783,2.4694122004028225,-0.00011205851013590765,-1.0991208198000044,0.1585430616994564,-0.1662742885259398
2026-05-17 16:11:00,2.46294911989791,2.4626736077696725,-0.00011255587019081507,-1.1019378030397773,0.1577003560638083,-0.16701227968047733
2026-05-17 16:12:00,2.4561749891031446,2.4559054959799247,-0.00011304248202247772,-1.1047671263888155,0.1568539588621347,-0.16773432244188727
2026-05-17 16:13:00,2.449371984045177,2.449108509926975,-0.00011351834563088452,-1.1076085202576087,0.15600395074262563,-0.1684404168101531
2026-05-17 16:14:00,2.442540749617402,2.4422832945042185,-0.00011398346101605394,-1.1104617150566476,0.1551504123534708,-0.16913056278530234
2026-05-17 16:15:00,2.435681930713215,2.4354304946050487,-0.00011443782817797862,-1.1133264411964223,0.15429342434286014,-0.16980476036732395
2026-05-17 16:16:00,2.42879617222601,2.428550755122861,-0.00011488144711665112,-1.1162024290874228,0.1534330673589836,-0.170463009556207
2026-05-17 16:17:00,2.421884119049181,2.4216447209510505,-0.00011531431783207517,-1.1190894091401398,0.1525694220500309,-0.17110531035195695
2026-05-17 16:18:00,2.4149464160761243,2.414713036983012,-0.00011573644032425445,-1.1219871117650628,0.15170256906419213,-0.17173166275457932
2026-05-17 16:19:00,2.407983708200234,2.40775634811214,-0.00011614781459318897,-1.1248952673726826,0.15083258904965702,-0.17234206676407407
2026-05-17 16:20:00,2.400996640314906,2.4007752992318294,-0.00011654844063887873,-1.1278136063734892,0.14995956265461552,-0.17293652238044122
2026-05-17 16:21:00,2.3939858573135333,2.3937705352354746,-0.00011693831846132004,-1.1307418591779732,0.14908357052725732,-0.1735150296036753
2026-05-17 16:22:00,2.3869520040895114,2.386742701016471,-0.00011731744806051289,-1.133679756196624,0.1482046933157726,-0.17407758843377627
2026-05-17 16:23:00,2.3798957255362354,2.379692441468213,-0.00011768582943646836,-1.1366270278399326,0.14732301166835104,-0.1746241988707606
2026-05-17 16:24:00,2.3728176665470992,2.372620401484095,-0.00011804346258917167,-1.1395834045183892,0.14643860623318244,-0.1751548609146064
2026-05-17 16:25:00,2.3657184720155,2.3655272259575124,-0.00011839034751862654,-1.1425486166424836,0.14555155765845687,-0.17566957456531906
2026-05-17 16:26:00,2.3585987868348286,2.3584135597818596,-0.00011872648422484033,-1.1455223946227064,0.14466194659236406,-0.17616833982290964
2026-05-17 16:27:00,2.351459255898483,2.3512800478505316,-0.00011905187270780196,-1.1485044688695476,0.14376985368309397,-0.17665115668736162
2026-05-17 16:28:00,2.3443005240998565,2.3441273350569234,-0.00011936651296751884,-1.1514945697934973,0.1428753595788365,-0.17711802515868602
2026-05-17 16:29:00,2.3371232363323453,2.3369560662944293,-0.00011967040500398725,-1.1544924278050461,0.14197854492778142,-0.17756894523687733
2026-05-17 16:30:00,2.3299280374893416,2.329766886456445,-0.0001199635488172146,-1.1574977733146836,0.1410794903781188,-0.1780039169219465
2026-05-17 16:31:00,2.322715572464243,2.3225604404363636,-0.00012024594440719349,-1.160510336732901,0.1401782765780382,-0.1784229402138826
2026-05-17 16:32:00,2.3154864861504425,2.3153373731275817,-0.00012051759177392393,-1.1635298484701877,0.13927498417572978,-0.17882601511268564
2026-05-17 16:33:00,2.308241423441336,2.3080983294234927,-0.00012077849091741699,-1.1665560389370344,0.13836969381938324,-0.179213141618372
2026-05-17 16:34:00,2.300981029230317,2.3008439542174917,-0.0001210286418376579,-1.1695886385439311,0.13746248615718853,-0.17958431973091982
2026-05-17 16:35:00,2.2937059484107816,2.2935748924029737,-0.00012126804453464665,-1.172627377701368,0.13655344183733553,-0.17993954945032906
2026-05-17 16:36:00,2.2864168258761235,2.286291788873334,-0.00012149669900839433,-1.1756719868198355,0.1356426415080141,-0.1802788307766162
2026-05-17 16:37:00,2.2791143065197383,2.2789952885219664,-0.00012171460525890095,-1.1787221963098238,0.13473016581741412,-0.1806021637097812
2026-05-17 16:38:00,2.27179903523502,2.271686036242266,-0.0001219217632861517,-1.181777736581823,0.13381609541372547,-0.18090954824980213
2026-05-17 16:39:00,2.2644716569153642,2.264364676927628,-0.00012211817309016142,-1.1848383380463232,0.13290051094513802,-0.18120098439670096
2026-05-17 16:40:00,2.257132816454165,2.2570318554714466,-0.00012230383467092264,-1.187903731113815,0.13198349305984167,-0.18147647215046667
2026-05-17 16:41:00,2.2497831587448167,2.2496882167671175,-0.00012247874802843913,-1.1909736461947882,0.13106512240602627,-0.18173601151110483
2026-05-17 16:42:00,2.242423328680716,2.242334405708034,-0.00012264291316271085,-1.1940478136997337,0.1301454796318816,-0.18197960247861536
2026-05-17 16:43:00,2.2350539711552564,2.234971067187592,-0.0001227963300737341,-1.197125964039141,0.12922464538559775,-0.18220724505299282
2026-05-17 16:44:00,2.227675731061833,2.227598846099186,-0.0001229389987615126,-1.2002078276235009,0.12830270031536434,-0.18241893923424266
2026-05-17 16:45:00,2.220289253293839,2.2202183873362107,-0.00012307091922603893,-1.203293134863303,0.12737972506937154,-0.18261468502235392
2026-05-17 16:46:00,2.2128951827446715,2.212830335792061,-0.0001231920914673242,-1.206381616169038,0.12645580029580897,-0.18279448241734306
2026-05-17 16:47:00,2.205494164307724,2.205435336360132,-0.0001233025154853647,-1.209473001951196,0.12553100664286665,-0.18295833141920462
2026-05-17 16:48:00,2.1980868428763918,2.1980340339338174,-0.00012340219128016046,-1.2125670226202672,0.12460542475873439,-0.1831062320279386
2026-05-17 16:49:00,2.1906738633440694,2.1906270734065125,-0.00012349111885170405,-1.215663408586742,0.12367913529160206,-0.18323818424353397
2026-05-17 16:50:00,2.183255870604152,2.183215099671613,-0.00012356929819999548,-1.2187618902611104,0.12275221888965956,-0.18335418806599077
2026-05-17 16:51:00,2.1758335095500336,2.175798757622513,-0.00012363672932505325,-1.2218621980538624,0.12182475620109685,-0.18345424349533643
2026-05-17 16:52:00,2.1684074250751095,2.1683786921526065,-0.00012369341222686625,-1.224964062375489,0.12089682787410365,-0.18353835053155448
2026-05-17 16:53:00,2.160978262072774,2.160955548155289,-0.0001237393469054234,-1.2280672136364799,0.11996851455686987,-0.1836065091746285
2026-05-17 16:54:00,2.1535466654364224,2.1535299705239557,-0.00012377453336073578,-1.2311713822473251,0.1190398968975855,-0.18365871942457487
2026-05-17 16:55:00,2.14611328005945,2.146102604152001,-0.0001237989715927997,-1.2342762986185154,0.11811105554444029,-0.18369498128138817
2026-05-17 16:56:00,2.13867875083525,2.1386740939328197,-0.00012381266160162255,-1.2373816931605404,0.11718207114562426,-0.18371529474507936
2026-05-17 16:57:00,2.13124372265722,2.131245084759806,-0.00012381560338720437,-1.240487296283891,0.11625302434932704,-0.18371965981564847
2026-05-17 16:58:00,2.1238088404187505,2.123816221526355,-0.0001238077969495303,-1.243592838399057,0.11532399580373873,-0.18370807649307347
2026-05-17 16:59:00,2.1163747490132403,2.1163881491258625,-0.00012378924228861147,-1.2466980499165288,0.11439506615704914,-0.1836805447773709
2026-05-17 17:00:00,2.1089420933340812,2.108961512451722,-0.00012375993940445159,-1.2498026612467965,0.1134663160574481,-0.18363706466854618
2026-05-17 17:01:00,2.1015115182746698,2.1015369563973283,-0.00012371988829703955,-1.2529064028003505,0.1125378261531255,-0.1835776361665829
2026-05-17 17:02:00,2.0940836687284006,2.094115125856077,-0.00012366908896638273,-1.2560090049876809,0.11160967709227125,-0.18350225927149202
2026-05-17 17:03:00,2.086659189588668,2.0866966657213624,-0.00012360754141248117,-1.2591101982192778,0.11068194952307522,-0.18341093398327354
2026-05-17 17:04:00,2.0792387257488674,2.0792822208865793,-0.00012353524563533483,-1.2622097129056316,0.1097547240937273,-0.18330366030192746
2026-05-17 17:05:00,2.0718229221023914,2.071872436245122,-0.00012345220163493634,-1.2653072794572326,0.10882808145241728,-0.1831804382274428
2026-05-17 17:06:00,2.064412423542639,2.064467956690387,-0.0001233584094112931,-1.2684026282845706,0.10790210224733521,-0.18304126775983054
2026-05-17 17:07:00,2.0570078749630007,2.057069427115767,-0.00012325386896441248,-1.2714954897981365,0.10697686712667073,-0.18288614889910165
2026-05-17 17:08:00,2.0496099212568737,2.0496774924146575,-0.000123138580294276,-1.2745855944084201,0.10605245673861388,-0.1827150816452287
2026-05-17 17:09:00,2.042219207317652,2.042292797480454,-0.00012301254340089476,-1.2776726725259118,0.10512895173135448,-0.18252806599822816
2026-05-17 17:10:00,2.0348363780387304,2.03491598720655,-0.00012287575828426507,-1.2807564545611017,0.1042064327530824,-0.1823251019580945
2026-05-17 17:11:00,2.0274620783135044,2.027547706486342,-0.0001227282249443943,-1.2838366709244795,0.1032849804519877,-0.18210618952483876
2026-05-17 17:12:00,2.020096953035367,2.0201886002132228,-0.0001225699433812788,-1.2869130520265366,0.1023646754762599,-0.1818713286984554
2026-05-17 17:13:00,2.012741647097715,2.0128393132805886,-0.00012240091359491112,-1.2899853282777625,0.10144559847408911,-0.18162051947893348
2026-05-17 17:14:00,2.005396805393942,2.0055004905818334,-0.00012222113558529868,-1.2930532300886475,0.10052783009366517,-0.18135376186628394
2026-05-17 17:15:00,1.998063072817443,1.9981727770103528,-0.00012203060935243778,-1.2961164878696818,0.09961145098317795,-0.18107105586050132
2026-05-17 17:16:00,1.9907410942616135,1.990856817459541,-0.00012182933489633766,-1.2991748320313556,0.09869654179081735,-0.18077240146159934
2026-05-17 17:17:00,1.983431514619847,1.9835532568227923,-0.00012161731221698909,-1.3022279929841596,0.09778318316477314,-0.18045779866956427
2026-05-17 17:18:00,1.9761349787855387,1.9762627399935022,-0.0001213945413143902,-1.3052757011385834,0.09687145575323532,-0.18012724748439335
2026-05-17 17:19:00,1.9688521316520848,1.9689859118650654,-0.0001211610221885447,-1.3083176869051176,0.09596144020439366,-0.17978074790609208
2026-05-17 17:20:00,1.9615836181128778,1.9617234173308769,-0.0001209167548394563,-1.311353680694252,0.09505321716643819,-0.179418299934666
2026-05-17 17:21:00,1.9543300830613137,1.9544759012843307,-0.00012066173926712313,-1.3143834129164773,0.09414686728755867,-0.17903990357011226
2026-05-17 17:22:00,1.9470921713907874,1.947244008618822,-0.00012039597547153965,-1.3174066139822835,0.09324247121594498,-0.1786455588124227
2026-05-17 17:23:00,1.9398705279946933,1.940028384227746,-0.00012011946345270955,-1.3204230143021611,0.09234010959978695,-0.1782352656616028
2026-05-17 17:24:00,1.932665797766426,1.932829673004497,-0.00011983220321063471,-1.3234323442865998,0.0914398630872746,-0.1778090241176553
2026-05-17 17:25:00,1.9254786255993808,1.9256485198424698,-0.00011953419474531509,-1.3264343343460903,0.0905418123265977,-0.17736683418058022
2026-05-17 17:26:00,1.9183096563869522,1.9184855696350591,-0.00011922543805675072,-1.3294287148911228,0.08964603796594608,-0.17690869585037752
2026-05-17 17:27:00,1.9111595350225357,1.9113414672756597,-0.00011890593314493418,-1.3324152163321874,0.08875262065350968,-0.17643460912703623
2026-05-17 17:28:00,1.9040289063995246,1.904216857657667,-0.00011857568000987288,-1.335393569079774,0.08786164103747847,-0.17594457401056737
2026-05-17 17:29:00,1.8969184154113148,1.897112385674475,-0.00011823467865156866,-1.3383635035443733,0.08697317976604221,-0.17543859050097363
2026-05-17 17:30:00,1.8898287069513002,1.8900286962194788,-0.000117882929070016,-1.3413247501364756,0.08608731748739071,-0.17491665859824682
2026-05-17 17:31:00,1.8827604259128765,1.882966434186073,-0.00011752043126521856,-1.3442770392665706,0.08520413484971401,-0.17437877830239237
2026-05-17 17:32:00,1.8757142171894388,1.8759262444676525,-0.00011714718523717083,-1.347220101345149,0.08432371250120187,-0.1738249496134021
2026-05-17 17:33:00,1.86869072567438,1.8689087719576125,-0.00011676319098588017,-1.3501536667827005,0.0834461310900443,-0.173255172531287
2026-05-17 17:34:00,1.861690596261097,1.861914661549347,-0.00011636844851134661,-1.3530774659897162,0.08257147126443093,-0.17266944705604706
2026-05-17 17:35:00,1.854714473842983,1.854944558136251,-0.00011596295781356089,-1.3559912293766858,0.0816998136725518,-0.1720677731876685
2026-05-17 17:36:00,1.847763003313434,1.8479991066117196,-0.00011554671889252855,-1.358894687354099,0.08083123896259692,-0.17145015092615962
2026-05-17 17:37:00,1.8408368295658442,1.8410789518691475,-0.00011511973174825145,-1.361787570332447,0.07996582778275592,-0.1708165802715231
2026-05-17 17:38:00,1.8339365974936075,1.8341847388019294,-0.00011468199638072773,-1.3646696087222194,0.07910366078121875,-0.17016706122375624
2026-05-17 17:39:00,1.82706295199012,1.8273171123034602,-0.00011423351278996296,-1.3675405329339068,0.07824481860617531,-0.1695015937828673
2026-05-17 17:40:00,1.8202165379487765,1.820476717267134,-0.00011377428097594974,-1.370400073377999,0.0773893819058155,-0.16882017794884527
2026-05-17 17:41:00,1.813398000262971,1.8136641985863462,-0.00011330430093868249,-1.3732479604649868,0.07653743132832913,-0.1681228137216819
2026-05-17 17:42:00,1.8066079838260984,1.806880201154492,-0.00011282357267817604,-1.37608392460536,0.07568904752190611,-0.16740950110139918
2026-05-17 17:43:00,1.799847133531554,1.800125369864965,-0.00011233209619442112,-1.378907696209609,0.0748443111347363,-0.16668024008798335
2026-05-17 17:44:00,1.793116094272732,1.7934003496111615,-0.0001118298714874196,-1.3817190056882234,0.07400330281500976,-0.1659350306814372
2026-05-17 17:45:00,1.7864155109430273,1.7867057852864747,-0.00011131689855717516,-1.3845175834516945,0.07316610321091602,-0.16517387288176616
2026-05-17 17:46:00,1.7797460284358353,1.7800423217843004,-0.0001107931774036804,-1.387303159910512,0.0723327929706452,-0.1643967666889593
2026-05-17 17:47:00,1.77310829164455,1.773410603998033,-0.00011025870802694274,-1.390075465475166,0.07150345274238709,-0.16360371210302757
2026-05-17 17:48:00,1.7665029454625663,1.7668112768210673,-0.00010971349042695663,-1.392834230556147,0.07067816317433155,-0.1627947091239628
2026-05-17 17:49:00,1.7599306347832795,1.7602449851467983,-0.00010915752460372389,-1.395579185563945,0.06985700491466851,-0.16196975775176764
2026-05-17 17:50:00,1.7533920045000837,1.7537123738686204,-0.00010859081055724455,-1.3983100609090502,0.06904005861158788,-0.16112885798644214
2026-05-17 17:51:00,1.7468876995063745,1.747214087879929,-0.00010801334828752044,-1.4010265870019531,0.06822740491327942,-0.16027200982798906
2026-05-17 17:52:00,1.740418364695545,1.740750772074118,-0.00010742513779454973,-1.4037284942531438,0.06741912446793308,-0.1593992132764056
2026-05-17 17:53:00,1.7339846449609921,1.734323071344583,-0.0001068262230012144,-1.4064155130731122,0.06661529792373881,-0.15851053350519756
2026-05-17 17:54:00,1.7275871851961098,1.7279316253139723,-0.00010621686744480274,-1.4090873760757177,0.06581600526974461,-0.15760636155539393
2026-05-17 17:55:00,1.7212266302942922,1.7215770472512066,-0.0001055975542770038,-1.4117438268916607,0.06502132319929055,-0.15668741433553865
2026-05-17 17:56:00,1.7149036251489345,1.7152599188007318,-0.00010496881057240522,-1.4143846223718528,0.06423132445086657,-0.15575447392770617
2026-05-17 17:57:00,1.708618814653432,1.708980789982518,-0.00010433116340557621,-1.4170095325874175,0.06344607780811234,-0.15480832241394354
2026-05-17 17:58:00,1.7023728437011791,1.7027401791920627,-0.00010368513985109332,-1.419618340829687,0.06266564809981812,-0.15384974187630868
2026-05-17 17:59:00,1.6961663571855699,1.6965385732003868,-0.00010303126698353315,-1.4222108436102057,0.06189009619992376,-0.15287951439685957
2026-05-17 18:00:00,1.69,1.6903764271540387,-0.00010237007187746672,-1.4247868506607284,0.061119479027519234,-0.15189842205764595
2026-05-17 18:01:00,1.6838743379766774,1.6842541645750908,-0.0001017020816074817,-1.4273461849332207,0.060353849546844564,-0.15090724694074228
2026-05-17 18:02:00,1.6777896207030654,1.6781721773611409,-0.00010102782324814911,-1.429888682599859,0.05959325676728978,-0.14990677112819828
2026-05-17 18:03:00,1.6717460187054396,1.672130825785313,-0.00010034782387403999,-1.43241419305303,0.05883774574339491,-0.14889777670206367
2026-05-17 18:04:00,1.6657437025100754,1.666130438496256,-9.966261055973646e-05,-1.434922578905332,0.05808735757485007,-0.1478810457444047
2026-05-17 18:05:00,1.659782842643251,1.6601713125181445,-9.897271037981326e-05,-1.437413715989573,0.05734212940649535,-0.14685736033727656
2026-05-17 18:06:00,1.6538636096312411,1.6542537132506785,-9.827865040884509e-05,-1.439887493358773,0.05660209442832073,-0.1458275025627345
2026-05-17 18:07:00,1.6479861740003219,1.6483778744690831,-9.75809577214104e-05,-1.442343813286162,0.05586728187546645,-0.1447922545028392
2026-05-17 18:08:00,1.64215070627677,1.6425439983241092,-9.688011546920376e-05,-1.4447825912651802,0.055137717028222684,-0.14375233306614293
2026-05-17 18:09:00,1.6363573769868622,1.6367522606127787,-9.617638718950605e-05,-1.4472037538061115,0.054413421871171125,-0.14270812929366367
2026-05-17 18:10:00,1.6306063566568734,1.6310028318613685,-9.546981680521223e-05,-1.4496072296226068,0.0536944177297522,-0.1416597083589264
2026-05-17 18:11:00,1.624897815813081,1.6252958825961532,-9.47604043163149e-05,-1.451992947428319,0.05298072592940559,-0.14060707026192013
2026-05-17 18:12:00,1.61923192498176,1.6196315833434107,-9.404814972280851e-05,-1.4543608359368982,0.052272367795572004,-0.13955021500263662
2026-05-17 18:13:00,1.6136088546891878,1.6140101046294162,-9.333305302470414e-05,-1.456710823861997,0.05156936465369128,-0.13848914258109235
2026-05-17 18:14:00,1.60802877546164,1.6084316169804462,-9.261511422199628e-05,-1.4590428399172668,0.05087173782920364,-0.13742385299727908
2026-05-17 18:15:00,1.6024918578253926,1.6028962909227766,-9.189433331468118e-05,-1.461356812816359,0.050179508647549324,-0.1363543462511913
2026-05-17 18:16:00,1.5969982723067224,1.5974042969826845,-9.117071030276258e-05,-1.4636526712729254,0.04949269843416842,-0.13528062234283453
2026-05-17 18:17:00,1.5915481894319052,1.5919558056864451,-9.044424518624601e-05,-1.465930344000618,0.048811328514501026,-0.134202681272217
2026-05-17 18:18:00,1.5861417797272173,1.586550987560335,-8.971493796512408e-05,-1.468189759713088,0.04813542021398738,-0.13312052303932773
2026-05-17 18:19:00,1.580779213718935,1.5811900131306302,-8.898278863939494e-05,-1.4704308471239866,0.04746499485806778,-0.13203414764416396
2026-05-17 18:20:00,1.5754606619333338,1.5758730529236076,-8.824779720906784e-05,-1.4726535349469663,0.046800073772182184,-0.13094355508673944
2026-05-17 18:21:00,1.570186294896691,1.570600277465542,-8.750996367413351e-05,-1.4748577518956785,0.046140678281770764,-0.12984874536704039
2026-05-17 18:22:00,1.5649562831352821,1.5653718572827116,-8.676928803459568e-05,-1.4770434266837742,0.04548682971227388,-0.12874971848507238
2026-05-17 18:23:00,1.5597707971753838,1.5601879629013906,-8.602577029045802e-05,-1.4792104880249057,0.044838549389131496,-0.12764647444084082
2026-05-17 18:24:00,1.5546300075432715,1.5550487648478566,-8.527941044171316e-05,-1.4813588646327243,0.044195858637783914,-0.1265390132343348
2026-05-17 18:25:00,1.5495340847652217,1.549954433648385,-8.453020848836849e-05,-1.4834884852208818,0.04355877878367116,-0.12542733486556526
2026-05-17 18:26:00,1.5444831993675114,1.5449051398292524,-8.377816443042216e-05,-1.4855992785030299,0.04292733115223347,-0.12431143933452948
2026-05-17 18:27:00,1.5394775218764158,1.5399010539167344,-8.30232782678686e-05,-1.48769117319282,0.04230153706891101,-0.12319132664121919
2026-05-17 18:28:00,1.534517222818212,1.5349423464371081,-8.226555000070782e-05,-1.4897640980039037,0.041681417859143935,-0.1220669967856344
2026-05-17 18:29:00,1.529602472719175,1.5300291879166494,-8.150497962895094e-05,-1.491817981649933,0.041066994848372354,-0.12093844976779163
2026-05-17 18:30:00,1.5247334421055818,1.525161748881634,-8.074156715258869e-05,-1.4938527528445593,0.04045828936203649,-0.11980568558767708
2026-05-17 18:31:00,1.519910301503709,1.5203401998583388,-7.997531257162108e-05,-1.4958683403014341,0.039855322725576514,-0.1186687042452908
2026-05-17 18:32:00,1.5151332214398316,1.5155647113730395,-7.92062158860518e-05,-1.497864672734209,0.03925811626443259,-0.11752750574063825
2026-05-17 18:33:00,1.510402372440227,1.5108354539520126,-7.843427709587717e-05,-1.4998416788565359,0.038666691304044876,-0.11638209007371396
2026-05-17 18:34:00,1.5057179250311703,1.5061525981215342,-7.765949620110272e-05,-1.5017992873820663,0.038081069169853474,-0.11523245724452616
2026-05-17 18:35:00,1.5010800497389387,1.5015163144078802,-7.688187320172291e-05,-1.5037374270244517,0.03750127118729862,-0.11407860725306664
2026-05-17 18:36:00,1.4964889170898081,1.4969267733373275,-7.610140809773957e-05,-1.5056560264973438,0.03692731868182047,-0.11292054009933808
2026-05-17 18:37:00,1.4919446976100543,1.4923841454361515,-7.531810088915459e-05,-1.5075550145143943,0.03635923297885913,-0.1117582557833433
2026-05-17 18:38:00,1.4874475618259537,1.487888601230629,-7.453195157596422e-05,-1.509434319789255,0.03579703540385475,-0.11059175430507673
2026-05-17 18:39:00,1.4829976802637828,1.4834403112470358,-7.374296015817221e-05,-1.5112938710355768,0.03524074728224772,-0.10942103566454395
2026-05-17 18:40:00,1.4785952234498176,1.4790394460116483,-7.295112663577482e-05,-1.5131335969670123,0.03469038993947785,-0.1082460998617394
2026-05-17 18:41:00,1.4742403619103344,1.4746861760507428,-7.215645100877391e-05,-1.5149534262972124,0.03414598470098558,-0.10706694689666583
2026-05-17 18:42:00,1.4699332661716082,1.4703806718905954,-7.13589332771695e-05,-1.5167532877398293,0.033607552892210873,-0.10588357676932328
2026-05-17 18:43:00,1.4656741067599175,1.4661231040574825,-7.055857344096713e-05,-1.518533110008514,0.033075115838594085,-0.10469598947971998
2026-05-17 18:44:00,1.4614630542015372,1.4619136430776793,-6.975537150015568e-05,-1.5202928218169187,0.0325486948655752,-0.10350418502783942
2026-05-17 18:45:00,1.4573002790227434,1.4577524594774638,-6.894932745474258e-05,-1.5220323518786942,0.03202831129859463,-0.10230816341369263
2026-05-17 18:46:00,1.4531859517498122,1.4536397237831102,-6.814044130472967e-05,-1.5237516289074933,0.03151398646309222,-0.10110792463728231
2026-05-17 18:47:00,1.4491202429090202,1.4495756065208962,-6.732871305010583e-05,-1.5254505816169668,0.031005741684508325,-0.09990346869859203
2026-05-17 18:48:00,1.445103323026644,1.4455602782170975,-6.651414269088403e-05,-1.5271291387207664,0.030503598288283112,-0.09869479559764095
2026-05-17 18:49:00,1.441135362628959,1.4415939093979901,-6.569673022705687e-05,-1.5287872289325442,0.03000757759985662,-0.09748190533441814
2026-05-17 18:50:00,1.437216532242241,1.4376766705898507,-6.48764756586262e-05,-1.530424780965951,0.0295177009446692,-0.09626479790892634
2026-05-17 18:51:00,1.4333470023927675,1.433808732318955,-6.405337898559386e-05,-1.5320417235346395,0.029033989648160764,-0.09504347332116828
2026-05-17 18:52:00,1.429526943606814,1.4299902651115795,-6.322744020795801e-05,-1.5336379853522604,0.028556465035771732,-0.09381793157114122
2026-05-17 18:53:00,1.4257565264106564,1.426221439494,-6.239865932571864e-05,-1.5352134951324656,0.02808514843294214,-0.09258817265884514
2026-05-17 18:54:00,1.422035921330572,1.4225024259924932,-6.156703633887761e-05,-1.536768181588907,0.027620061165112154,-0.09135419658428283
2026-05-17 18:55:00,1.418365298892836,1.4188333951333347,-6.0732571247429365e-05,-1.5383019734352361,0.027161224557721873,-0.09011600334744602
2026-05-17 18:56:00,1.4147448296237248,1.4152145174428017,-5.989526405137761e-05,-1.5398147993851041,0.026708659936211656,-0.0888735929483402
2026-05-17 18:57:00,1.411174684049515,1.4116459634471694,-5.905511475072789e-05,-1.5413065881521633,0.02626238862602147,-0.08762696538697363
2026-05-17 18:58:00,1.407655032696482,1.4081279036727143,-5.8212123345469104e-05,-1.542777268450065,0.025822431952591547,-0.08637612066332982
2026-05-17 18:59:00,1.4041860460909024,1.4046605086457131,-5.736628983560865e-05,-1.5442267689924607,0.025388811241362053,-0.08512105877741974
2026-05-17 19:00:00,1.400767894759053,1.4012439488924413,-5.651761422114654e-05,-1.545655018493002,0.024961547817773218,-0.08386177972924343
2026-05-17 19:01:00,1.3974007492272096,1.3978783949391755,-5.5666096502080915e-05,-1.5470619456653407,0.024540663007265137,-0.0825982835187981
2026-05-17 19:02:00,1.3940847800216476,1.3945640173121916,-5.481173667841362e-05,-1.5484474792231286,0.024126178135277912,-0.08133057014608651
2026-05-17 19:03:00,1.3908201576686443,1.391300986537766,-5.395453475013541e-05,-1.5498115478800174,0.023718114527251706,-0.08005863961109495
2026-05-17 19:04:00,1.3876070526944753,1.3880894731421753,-5.3094490717259243e-05,-1.551154080349658,0.023316493508626884,-0.07878249191384262
2026-05-17 19:05:00,1.3844456356254173,1.3849296476516948,-5.2231604579783265e-05,-1.5524750053457026,0.022921336404843413,-0.0775021270543268
2026-05-17 19:06:00,1.3813360769877456,1.3818216805926014,-5.1365876337698216e-05,-1.5537742515818027,0.022532664541341518,-0.07621754503253372
2026-05-17 19:07:00,1.378278547307738,1.378765742491171,-5.049730599100966e-05,-1.55505174777161,0.02215049924356137,-0.07492874584847166
2026-05-17 19:08:00,1.3752732171116688,1.3757620038736802,-4.962589353972128e-05,-1.5563074226287759,0.02177486183694313,-0.07363572950214606
2026-05-17 19:09:00,1.3723202569258157,1.3728106352664045,-4.875163898382939e-05,-1.5575412048669524,0.021405773646926893,-0.07233849599355148
2026-05-17 19:10:00,1.3694198372764537,1.3699118071956207,-4.787454232333214e-05,-1.5587530231997908,0.0210432559989529,-0.07103704532268515
2026-05-17 19:11:00,1.3665721286898593,1.3670656901876046,-4.699460355823322e-05,-1.5599428063409428,0.02068733021846131,-0.06973137748955256
2026-05-17 19:12:00,1.3637773016923098,1.3642724547686327,-4.611182268852894e-05,-1.5611104830040603,0.020338017630892217,-0.06842149249414824
2026-05-17 19:13:00,1.3610355268100807,1.3615322714649811,-4.5226199714223e-05,-1.5622559819027944,0.01999533956168592,-0.06710739033647765
2026-05-17 19:14:00,1.3583469745694476,1.358845310802926,-4.433773463531354e-05,-1.563379231750797,0.01965931733628246,-0.06578907101653805
2026-05-17 19:15:00,1.3557118154966874,1.3562117433087435,-4.344642745179872e-05,-1.56448016126172,0.01932997228012199,-0.06446653453432673
2026-05-17 19:16:00,1.353130220118076,1.35363173950871,-4.2552278163682235e-05,-1.5655586991492145,0.019007325718644812,-0.06313978088984915
2026-05-17 19:17:00,1.3506023589598894,1.3511054699291016,-4.1655286770962235e-05,-1.5666147741269327,0.018691398977290892,-0.06180881008310255
2026-05-17 19:18:00,1.3481284025484044,1.3486331050961946,-4.075545327364057e-05,-1.5676483149085259,0.01838221338150053,-0.06047362211408971
2026-05-17 19:19:00,1.3457085214098967,1.3462148155362648,-3.985277767171354e-05,-1.5686592502076455,0.018079790256713885,-0.05913421698280512
2026-05-17 19:20:00,1.3433428860706431,1.343850771775589,-3.8947259965183e-05,-1.5696475087379433,0.01778415092837112,-0.05779059468925152
2026-05-17 19:21:00,1.3410316670569191,1.3415411443404428,-3.8038900154052646e-05,-1.5706130192130712,0.017495316721912343,-0.05644275523343442
2026-05-17 19:22:00,1.3387750348950014,1.3392861037571027,-3.712769823831508e-05,-1.5715557103466808,0.017213308962777646,-0.05509069861534283
2026-05-17 19:23:00,1.3365731601111661,1.337085820551845,-3.621365421797399e-05,-1.5724755108524233,0.016938148976407393,-0.05373442483498224
2026-05-17 19:24:00,1.3344262132316886,1.3349404652509458,-3.5296768093031244e-05,-1.5733723494439507,0.016669858088241615,-0.05237393389235539
2026-05-17 19:25:00,1.3323343647828467,1.3328502083806812,-3.437703986348313e-05,-1.5742461548349145,0.016408457623720476,-0.05100922578745679
2026-05-17 19:26:00,1.3302977852909148,1.3308152204673278,-3.345446952933336e-05,-1.5750968557389662,0.016153968908284213,-0.04964030052029194
2026-05-17 19:27:00,1.3283166452821704,1.3288356720371612,-3.252905709058192e-05,-1.5759243808697576,0.015906413267372917,-0.048267158090860844
2026-05-17 19:28:00,1.3263911152828893,1.326911733616458,-3.160080254722327e-05,-1.5767286589409404,0.015665812026426754,-0.04688979849915524
2026-05-17 19:29:00,1.324521365819348,1.3250435757314944,-3.066970589926295e-05,-1.577509618666166,0.015432186510885959,-0.045508221745183396
2026-05-17 19:30:00,1.322707567417822,1.3232313689085464,-2.973576714670282e-05,-1.5782671887590862,0.01520555804619056,-0.044122427828948034
2026-05-17 19:31:00,1.3209498906045878,1.32147528367389,-2.8798986289535477e-05,-1.5790012979333525,0.014985947957780856,-0.04273241675043818
2026-05-17 19:32:00,1.319248505905922,1.3197754905538022,-2.785936332776462e-05,-1.5797118749026167,0.014773377571096945,-0.04133818850965933
2026-05-17 19:33:00,1.3176035838481004,1.3181321600745584,-2.69168982613921e-05,-1.58039884838053,0.014567868211579058,-0.039939743106614224
2026-05-17 19:34:00,1.3160152949573993,1.3165454627624351,-2.597159109041606e-05,-1.5810621470807447,0.014369441204667224,-0.03853708054130011
2026-05-17 19:35:00,1.3144838097600953,1.3150155691437084,-2.502344181483466e-05,-1.581701699716912,0.01417811787580168,-0.03713020081371426
2026-05-17 19:36:00,1.3130092987824633,1.313542649744655,-2.4072450434649746e-05,-1.5823174350026834,0.013993919550422652,-0.0357191039238594
2026-05-17 19:37:00,1.311591932550781,1.3121268750915505,-2.311861694986317e-05,-1.5829092816517107,0.013816867553970241,-0.03430378987173829
2026-05-17 19:38:00,1.3102318815913236,1.3107684157106714,-2.2161941360474926e-05,-1.5834771683776456,0.013646983211884609,-0.032884258657350916
2026-05-17 19:39:00,1.3089293164303684,1.3094674421282935,-2.1202423666483174e-05,-1.5840210238941397,0.013484287849605923,-0.031460510280694555
2026-05-17 19:40:00,1.3076844075941905,1.3082241248706934,-2.0240063867886053e-05,-1.5845407769148447,0.01332880279257428,-0.03003254474176644
2026-05-17 19:41:00,1.306497325609066,1.3070386344641471,-1.9274861964685418e-05,-1.585036356153412,0.013180549366229977,-0.028600362040569326
2026-05-17 19:42:00,1.3053682410012724,1.3059111414349311,-1.830681795688127e-05,-1.5855076903234935,0.013039548896013047,-0.027163962177103214
2026-05-17 19:43:00,1.3042973242970848,1.3048418163093214,-1.733593184447361e-05,-1.5859547081387406,0.01290582270736372,-0.025723345151368097
2026-05-17 19:44:00,1.3032847460227797,1.3038308296135943,-1.6362203627464286e-05,-1.5863773383128048,0.012779392125722228,-0.02427851096336673
2026-05-17 19:45:00,1.3023306767046332,1.3028783518740257,-1.5385633305851445e-05,-1.586775509559338,0.012660278476528602,-0.022829459613096355
2026-05-17 19:46:00,1.3014352868689216,1.3019845536168921,-1.4406220879635094e-05,-1.5871491505919921,0.012548503085223007,-0.021376191100556986
2026-05-17 19:47:00,1.3005987470419214,1.3011496053684695,-1.3423966348817078e-05,-1.5874981901244178,0.012444087277245806,-0.01991870542575136
2026-05-17 19:48:00,1.2998212277499082,1.300373677655034,-1.2438869713391847e-05,-1.587822556870268,0.012347052378036833,-0.018457002588671244
2026-05-17 19:49:00,1.2991028995191582,1.2996569410028624,-1.1450930973363101e-05,-1.588122179543193,0.012257419713036583,-0.016991082589322123
2026-05-17 19:50:00,1.2984439328759487,1.2989995659382305,-1.0460150128736394e-05,-1.5883969868568453,0.012175210607685023,-0.01552094542771224
2026-05-17 19:51:00,1.2978444983465547,1.298401722987414,-9.46652717950247e-06,-1.5886469075248764,0.012100446387422316,-0.014046591103827865
2026-05-17 19:52:00,1.2973047664572526,1.2978635826766902,-8.470062125665034e-06,-1.5888718702609375,0.012033148377688761,-0.01256801961767449
2026-05-17 19:53:00,1.2968249077343192,1.2973853155323343,-7.470754967224084e-06,-1.5890718037786808,0.011973337903924321,-0.011085230969252114
2026-05-17 19:54:00,1.2964050927040298,1.2969670920806233,-6.46860570417962e-06,-1.5892466367917575,0.011921036291569364,-0.009598225158560738
2026-05-17 19:55:00,1.2960454918926616,1.2966090828478327,-5.463614336535342e-06,-1.5893962980138194,0.011876264866063916,-0.00810700218560585
2026-05-17 19:56:00,1.2957462758264897,1.296311458360239,-4.455780864285701e-06,-1.5895207161585183,0.011839044952848148,-0.006611562050379219
2026-05-17 19:57:00,1.2955076150317917,1.2960743891441184,-3.4451052874325446e-06,-1.5896198199395053,0.011809397877362352,-0.005111904752883585
2026-05-17 19:58:00,1.2953296800348424,1.2958980457257472,-2.4315876059740243e-06,-1.589693538070433,0.01178734496504643,-0.0036080302931162057
2026-05-17 19:59:00,1.2952126413619194,1.2957825986314015,-1.415227819913841e-06,-1.5897417992649518,0.01177290754134081,-0.0020999386710825714
2026-05-17 20:00:00,1.295156669539297,1.2957282183873575,-3.9602592925014337e-07,-1.589764532236714,0.011766106931685593,-0.0005876298867799364
2026-05-17 20:01:00,1.2951619350932528,1.2957350755198915,6.260180660133674e-07,-1.5897616656993712,0.011766964461520877,0.0009288960597862081
2026-05-17 20:02:00,1.2952286085500635,1.2958033405552791,1.6509041658859432e-06,-1.589733128366575,0.011775501456286823,0.0024496391686295903
2026-05-17 20:03:00,1.2953568604360037,1.2959331840197978,2.6786323703601825e-06,-1.5896788489519769,0.011791739241423665,0.003974599439739227
2026-05-17 20:04:00,1.2955468612773506,1.2961247764397223,3.7092026794342353e-06,-1.5895987561692289,0.011815699142371435,0.005503776873112374
2026-05-17 20:05:00,1.2957987816003802,1.29637828834133,4.7426150931192035e-06,-1.5894927787319817,0.01184740248457056,0.007037171468765504
2026-05-17 20:06:00,1.2961127919313689,1.2966938902508967,5.778869611400284e-06,-1.589360845353888,0.011886870593460878,0.008574783226676652
2026-05-17 20:07:00,1.2964890627965924,1.297071752694698,6.817966234284878e-06,-1.589202884748599,0.01193412479448275,0.0101166121468568
2026-05-17 20:08:00,1.2969277647223274,1.2975120461990108,7.859904961776687e-06,-1.5890188256297664,0.011989186413076272,0.01166265822931144
2026-05-17 20:09:00,1.2974290682348497,1.2980149412901112,8.90468579387016e-06,-1.5888085967110417,0.01205207677468161,0.013212921474032335
2026-05-17 20:10:00,1.297993143860436,1.2985806084942753,9.952308730567147e-06,-1.5885721267060764,0.012122817204738998,0.014767401881022232
2026-05-17 20:11:00,1.2986201621253624,1.2992092183377792,1.1002773771865797e-05,-1.5883093443285226,0.012201429028688463,0.016326099450278384
2026-05-17 20:12:00,1.2993102935559044,1.2999009413468992,1.205608091776981e-05,-1.5880201782920313,0.012287933571970305,0.01788901418180628
2026-05-17 20:13:00,1.3000637086783386,1.3006559480479116,1.3112230168277339e-05,-1.5877045573102546,0.012382352160024623,0.019456146075603177
2026-05-17 20:14:00,1.3008805780189419,1.3014744089670924,1.417122152338653e-05,-1.587362410096844,0.012484706118291581,0.02102749513166633
2026-05-17 20:15:00,1.3017610721039896,1.302356494630718,1.5233054983101086e-05,-1.586993665365451,0.012595016772211342,0.02260306135000123
2026-05-17 20:16:00,1.3027053614597583,1.3033023755650646,1.629773054742101e-05,-1.5865982518297275,0.012713305447224071,0.024182844730607878
2026-05-17 20:17:00,1.303713616612524,1.3043122222964085,1.7365248216337042e-05,-1.5861760982033248,0.012839593468769936,0.025766845273472543
2026-05-17 20:18:00,1.304786008088563,1.305386205351025,1.843560798986029e-05,-1.585727133199895,0.01297390216228903,0.027355062978611698
2026-05-17 20:19:00,1.3059227064141519,1.3065244952551918,1.950880986799075e-05,-1.585251285533089,0.01311625285322172,0.028947497846025346
2026-05-17 20:20:00,1.3071238821155662,1.307727262535184,2.0584853850715475e-05,-1.584748483916559,0.013266666867007906,0.030544149875694263
2026-05-17 20:21:00,1.3083897057190823,1.3089946777172776,2.1663739938051114e-05,-1.5842186570639565,0.013425165529087948,0.032145019067643166
2026-05-17 20:22:00,1.3097203477509765,1.31032691132775,2.274546812999212e-05,-1.583661733688933,0.013591770164901948,0.03375010542186382
2026-05-17 20:23:00,1.3111159787375253,1.3117241338928767,2.3830038426529235e-05,-1.58307764250514,0.013766502099890068,0.03535940893834248
2026-05-17 20:24:00,1.3125767692050043,1.3131865159389335,2.4917450827671715e-05,-1.58246631222623,0.01394938265949234,0.0369729296170929
2026-05-17 20:25:00,1.31410288967969,1.3147142279921973,2.600770533341771e-05,-1.5818276715658535,0.01414043316914913,0.038590667458112314
2026-05-17 20:26:00,1.3156945106878586,1.3163074405789437,2.710080194376907e-05,-1.5811616492376626,0.014339674954300535,0.040212622461403474
2026-05-17 20:27:00,1.317351802755787,1.3179663242254496,2.8196740658723943e-05,-1.580468173955309,0.014547129340386652,0.04183879462696364
2026-05-17 20:28:00,1.3190749364097498,1.3196910494579905,2.929552147827863e-05,-1.5797471744324443,0.014762817652847713,0.043469183954787306
2026-05-17 20:29:00,1.3208640821760247,1.321481786802843,3.039714440244238e-05,-1.57899857938272,0.01498676121712388,0.045103790444888214
2026-05-17 20:30:00,1.3227194105808868,1.3233387067862836,3.150160943120595e-05,-1.5782223175197876,0.015218981358655324,0.04674261409725264
2026-05-17 20:31:00,1.324641092150613,1.3252619799345877,3.260891656456747e-05,-1.5774183175572989,0.015459499402882205,0.048385654911877816
2026-05-17 20:32:00,1.3266292974114797,1.3272517767740317,3.371906580254177e-05,-1.576586508208906,0.015708336675244555,0.05003291288878573
2026-05-17 20:33:00,1.3286841968897622,1.3293082678308927,3.483205714511772e-05,-1.5757268181882595,0.015965514501182738,0.05168438802795989
2026-05-17 20:34:00,1.3308059611117375,1.3314316236314458,3.5947890592289795e-05,-1.574839176209012,0.016231054206136786,0.05334008032939208
2026-05-17 20:35:00,1.3329947606036816,1.3336220147019675,3.706656614407278e-05,-1.5739235109848146,0.016504977115546864,0.05499998979310425
2026-05-17 20:36:00,1.3352507658918706,1.3358796115687346,3.8188083800455576e-05,-1.572979751229319,0.0167873045548532,0.056664116419079924
2026-05-17 20:37:00,1.337574147502581,1.3382045847580222,3.931244356144004e-05,-1.5720078256561771,0.0170780578494959,0.05833246020732186
2026-05-17 20:38:00,1.339965075962088,1.3405971047961074,4.043964542703356e-05,-1.57100766297904,0.017377258324915254,0.06000502115784102
2026-05-17 20:39:00,1.3424237217966688,1.3430573422092662,4.15696893972269e-05,-1.5699791919115598,0.01768492730655123,0.0616817992706237
2026-05-17 20:40:00,1.3449502555325994,1.3455854675237746,4.27025754720219e-05,-1.568922341167388,0.018001086119844058,0.06336279454567263
2026-05-17 20:41:00,1.3475448476961558,1.3481816512659088,4.3838303651422274e-05,-1.5678370394601762,0.018325756090233968,0.06504800698299332
2026-05-17 20:42:00,1.3502076688136144,1.3508460639619453,4.4976873935429854e-05,-1.566723215503576,0.018658958543161065,0.06673743658258849
2026-05-17 20:43:00,1.3529388894112515,1.3535788761381604,4.61182863240354e-05,-1.5655807980112386,0.019000714804065635,0.06843108334444442
2026-05-17 20:44:00,1.3557386800153426,1.3563802583208295,4.726254081724261e-05,-1.5644097156968166,0.019351046198387588,0.07012894726856661
2026-05-17 20:45:00,1.3586072111521648,1.3592503810362295,4.840963741505703e-05,-1.563209897273961,0.01970997405156728,0.0718310283549633
2026-05-17 20:46:00,1.361544653347994,1.3621894148106364,4.9559576117476815e-05,-1.5619812714563233,0.020077519689044882,0.07353732660363171
2026-05-17 20:47:00,1.3645511771291063,1.3651975301703267,5.071235692449642e-05,-1.5607237669575555,0.02045370443626042,0.07524784201456367
2026-05-17 20:48:00,1.3676269530217775,1.368274897641576,5.186797983611768e-05,-1.559437312491309,0.020838549618654195,0.07696257458776185
2026-05-17 20:49:00,1.370772151552285,1.3714216877506609,5.302644485234616e-05,-1.5581218367712355,0.021232076561666303,0.07868152432323454
2026-05-17 20:50:00,1.3739869432469036,1.3746380710238575,5.418775197317631e-05,-1.5567772685109866,0.02163430659073691,0.08040469122097348
2026-05-17 20:51:00,1.3772714986319103,1.377924217987442,5.535190119860996e-05,-1.5554035364242138,0.02204526103130625,0.08213207528098142
2026-05-17 20:52:00,1.380625988233581,1.3812802991676907,5.651889252864713e-05,-1.554000569224569,0.022464961208814346,0.08386367650325836
2026-05-17 20:53:00,1.3840505825781921,1.3847064850908797,5.768871018881905e-05,-1.5525682956257036,0.022893428448701503,0.08559947148138414
2026-05-17 20:54:00,1.38754545219202,1.388202944390349,5.886125953229645e-05,-1.5511066451325877,0.023330683839683505,0.08733931977681306
2026-05-17 20:55:00,1.3911107676013403,1.3917698362347553,6.0036367039908076e-05,-1.549615551206781,0.02377674728685515,0.08908296391890132
2026-05-17 20:56:00,1.3947466993324293,1.395407308435138,6.121384341801021e-05,-1.5480949520577525,0.024231637274965755,0.0908301230305795
2026-05-17 20:57:00,1.398453417911564,1.3991154974449165,6.239349937294802e-05,-1.5465447906428798,0.024695370868419008,0.09258051623476167
2026-05-17 20:58:00,1.4022310938650198,1.4028945283598917,6.357514561107964e-05,-1.5449650146674485,0.02516796371127337,0.09433386265438118
2026-05-17 20:59:00,1.406079897719073,1.406744514918246,6.475859283876136e-05,-1.5433555765846532,0.025649430027241807,0.09608988141236856
2026-05-17 21:00:00,1.41,1.410665559500543,6.594365176234389e-05,-1.541716433595597,0.026139782619691732,0.09784829163164614
2026-05-17 21:01:00,1.4139915428400298,1.4146577531297273,6.713013308817609e-05,-1.5400475476492919,0.02663903287164519,0.09960881243513349
2026-05-17 21:02:00,1.4180545547952041,1.4187211754711242,6.831784752261612e-05,-1.538348885442658,0.027147190745778746,0.10137116294576395
2026-05-17 21:03:00,1.4221890360275162,1.4228558948324412,6.950660577202024e-05,-1.536620418420524,0.027664264784423524,0.10313506228646806
2026-05-17 21:04:00,1.4263949866989616,1.4270619681637666,7.069621854273734e-05,-1.5348621227756276,0.028190262109565302,0.1049002295801654
2026-05-17 21:05:00,1.4306724069715337,1.4313394410575697,7.188649654111997e-05,-1.5330739794486148,0.028725188422844224,0.10666638394978105
2026-05-17 21:06:00,1.435021297007227,1.435688347748701,7.307725047352257e-05,-1.53125597412804,0.029269048005555146,0.10843324451824281
2026-05-17 21:07:00,1.4394416569680355,1.4401087111143924,7.426829104630143e-05,-1.5294080972503665,0.029821843718647427,0.11020053040848125
2026-05-17 21:08:00,1.4439334870159535,1.4446005426742572,7.545944474027789e-05,-1.5275303439999661,0.030383577002724937,0.11196798414984165
2026-05-17 21:09:00,1.4484967873129764,1.4491638444832258,7.665061690862636e-05,-1.525622713517801,0.03095424811477037,0.11373546530378371
2026-05-17 21:10:00,1.4531315580210966,1.4537986167032924,7.784179177688181e-05,-1.5236852057361518,0.031533857075042165,0.11550295046389285
2026-05-17 21:11:00,1.4578377993023095,1.4585048594964516,7.903296934504053e-05,-1.5217178205872988,0.03212240390379877,0.11727043963016352
2026-05-17 21:12:00,1.4626155113186088,1.4632825730246972,8.02241496131025e-05,-1.5197205580035218,0.032719888621298765,0.11903793280259574
2026-05-17 21:13:00,1.4674646942319893,1.4681317574500239,8.141533258107144e-05,-1.517693417917102,0.03332631124780038,0.12080542998119499
2026-05-17 21:14:00,1.4723853482044447,1.4730524129344258,8.26065182489418e-05,-1.515636400260319,0.033941671803562265,0.12257293116595305
2026-05-17 21:15:00,1.4773774733979697,1.478044539639897,8.379770661671726e-05,-1.513549504965454,0.03456597030884274,0.12434043635687539
2026-05-17 21:16:00,1.4824410699745583,1.4831081377284319,8.498889768439784e-05,-1.5114327319647864,0.035199206783900365,0.12610794555396201
2026-05-17 21:17:00,1.4875761380962045,1.4882432073620246,8.61800914519817e-05,-1.5092860811905973,0.03584138124899352,0.12787545875721024
2026-05-17 21:18:00,1.4927826779249032,1.4934497487026697,8.737128791946694e-05,-1.5071095525751665,0.03649249372438072,0.1296429759666172
2026-05-17 21:19:00,1.4980606896226483,1.4987277619123607,8.856248708685732e-05,-1.5049031460507751,0.037152544230320286,0.1314104971821885
2026-05-17 21:20:00,1.5034101733514338,1.5040772471530925,8.975368895415651e-05,-1.5026668615497027,0.03782153278707084,0.13317802240392956
2026-05-17 21:21:00,1.5088311292732541,1.5094982045868595,9.094489352135897e-05,-1.50040069900423,0.03849945941489076,0.13494555163183217
2026-05-17 21:22:00,1.514323557550104,1.5149906343756556,9.213610078846098e-05,-1.498104658346637,0.03918632413403857,0.13671308486589084
2026-05-17 21:23:00,1.5198874583439774,1.5205545366814748,9.332731075546811e-05,-1.4957787395092048,0.03988212696477258,0.13848062210611378
2026-05-17 21:24:00,1.5255228318168677,1.5261899116663118,9.451852342238221e-05,-1.4934229424242131,0.04058686792735135,0.1402481633525038
2026-05-17 21:25:00,1.53122967813077,1.5318967594921606,9.570973878919772e-05,-1.4910372670239427,0.041300547042033266,0.1420157086050526
2026-05-17 21:26:00,1.537007997447679,1.5376750803210155,9.690095685592019e-05,-1.4886217132406736,0.042023164329076844,0.14378325786376844
2026-05-17 21:27:00,1.5428577899295879,1.543524874314871,9.809217762254407e-05,-1.4861762810066863,0.042754719808740516,0.14555081112864307
2026-05-17 21:28:00,1.5487790557384917,1.5494461416357208,9.928340108907308e-05,-1.4837009702542614,0.043495213501282666,0.14731836839968201
2026-05-17 21:29:00,1.554771795036384,1.5554388824455598,0.00010047462725550904,-1.4811957809156786,0.04424464542696193,0.14908592967688797
2026-05-17 21:30:00,1.5608360079852595,1.561503096906382,0.00010166585612184643,-1.478660712923219,0.04500301560603656,0.15085349496025274
2026-05-17 21:31:00,1.566971694747113,1.5676387851801814,0.00010285708768808521,-1.4760957662091623,0.045770324058765195,0.1526210642497763
2026-05-17 21:32:00,1.5731788554839374,1.5738459474289521,0.00010404832195422912,-1.4735009407057895,0.04654657080540608,0.1543886375454642
2026-05-17 21:33:00,1.579457490357728,1.580124583814689,0.00010523955892028184,-1.4708762363453807,0.04733175586621779,0.15615621484732184
2026-05-17 21:34:00,1.5858075995304786,1.586474694499386,0.00010643079858623598,-1.468221653060216,0.04812587926145883,0.15792379615533828
2026-05-17 21:35:00,1.592229183164183,1.5928962796450372,0.00010762204095209152,-1.4655371907825758,0.04892894101138758,0.15969138146951353
2026-05-17 21:36:00,1.598722241420837,1.599389339413637,0.00010881328601785589,-1.462822849444741,0.04974094113626243,0.16145897078985855
2026-05-17 21:37:00,1.6052867744624335,1.60595387396718,0.00011000453378352353,-1.4600786289789915,0.050561879656341936,0.16322656411636516
2026-05-17 21:38:00,1.611922782450967,1.6125898834676597,0.00011119578424909071,-1.4573045293176077,0.051391756591884545,0.1649941614490278
2026-05-17 21:39:00,1.618630265548432,1.6192973680770708,0.00011238703741456487,-1.45450055039287,0.05223057196314865,0.16676176278785745
2026-05-17 21:40:00,1.6254092239168225,1.6260763279574075,0.00011357829327994599,-1.451666692137059,0.05307832579039274,0.16852936813285416
2026-05-17 21:41:00,1.632259657718133,1.6329267632706643,0.00011476955184522853,-1.4488029544824543,0.05393501809387533,0.17029697748400968
2026-05-17 21:42:00,1.6391815671143568,1.639848674178835,0.00011596081311041432,-1.445909337361337,0.05480064889385481,0.17206459084132675
2026-05-17 21:43:00,1.6461749522674898,1.646842060843914,0.00011715207707550709,-1.4429858407059872,0.05567521821058961,0.17383220820481085
2026-05-17 21:44:00,1.6532398133395252,1.6539069234278958,0.00011834334374050126,-1.4400324644486853,0.05655872606433824,0.17559982957445375
2026-05-17 21:45:00,1.6603761504924575,1.6610432620927742,0.0001195346131053987,-1.4370492085217117,0.05745117247535909,0.17736745495025819
2026-05-17 21:46:00,1.6675839638882803,1.6682510770005436,0.0001207258851702068,-1.434036072857347,0.05835255746391058,0.17913508433223516
2026-05-17 21:47:00,1.6748632536889891,1.675530368313199,0.00012191715993491262,-1.4309930573878709,0.059262881050251306,0.18090271772036542
2026-05-17 21:48:00,1.6822140200565776,1.6828811361927332,0.00012310843739952171,-1.4279201620455642,0.060182143254639636,0.1826703551146573
2026-05-17 21:49:00,1.6896362631530397,1.6903033808011416,0.0001242997175640396,-1.424817386762707,0.06111034409733409,0.18443799651511888
2026-05-17 21:50:00,1.69712998314037,1.697797102300418,0.00012549100042846077,-1.42168473147158,0.06204748359859303,0.18620564192174205
2026-05-17 21:51:00,1.7046951801805619,1.705362300852557,0.0001266822859927852,-1.4185221961044632,0.06299356177867498,0.18797329133452678
2026-05-17 21:52:00,1.7123318544356112,1.7129989766195521,0.00012787357425701103,-1.4153297805936376,0.06394857865783822,0.18974094475347028
2026-05-17 21:53:00,1.7200400060675107,1.7207071297633982,0.00012906486522114568,-1.4121074848713828,0.06491253425634144,0.19150860217858354
2026-05-17 21:54:00,1.7278196352382562,1.7284867604460896,0.00013025615888518177,-1.4088553088699796,0.06588542859444298,0.19327626360985567
2026-05-17 21:55:00,1.7356707421098398,1.73633786882962,0.00013144745524912294,-1.405573252521708,0.06686726169240137,0.19504392904729204
2026-05-17 21:56:00,1.7435933268442583,1.7442604550759844,0.00013263875431296924,-1.4022613157588484,0.06785803357047503,0.19681159849089275
2026-05-17 21:57:00,1.751587389603504,1.7522545193471764,0.0001338300560767151,-1.3989194985136817,0.0688577442489223,0.19857927194064945
2026-05-17 21:58:00,1.7596529305495716,1.7603200618051902,0.00013502136054036976,-1.3955478007184878,0.06986639374800173,0.20034694939657596
2026-05-17 21:59:00,1.7677899498444554,1.7684570826120207,0.00013621266770392956,-1.3921462223055472,0.07088398208797178,0.2021146308586668
2026-05-17 22:00:00,1.7759984476501498,1.7766655819296617,0.00013740397756738706,-1.3887147632071402,0.07191050928909089,0.20388231632691092
2026-05-17 22:01:00,1.78427842412865,1.7849455599201072,0.00013859529013075336,-1.3852534233555474,0.07294597537161744,0.2056500058013248
2026-05-17 22:02:00,1.792629879441948,1.7932970167453521,0.0001397866053940248,-1.3817622026830485,0.07399038035581006,0.207417699281903
2026-05-17 22:03:00,1.8010528137520398,1.8017199525673901,0.00014097792335719764,-1.3782411011219247,0.075043724261927,0.20918539676864
2026-05-17 22:04:00,1.8095472272209188,1.8102143675482159,0.0001421692440202756,-1.3746901186044556,0.0761060071102269,0.2109530982615413
2026-05-17 22:05:00,1.8181131200105802,1.8187802618498232,0.00014336056738325682,-1.371109255062922,0.07717722892096808,0.21272080376060412
2026-05-17 22:06:00,1.826750492283017,1.8274176356342067,0.000144551893446145,-1.3674985104296042,0.07825738971440904,0.214488513265834
2026-05-17 22:07:00,1.835459344200225,1.8361264890633606,0.00014574322220893646,-1.3638578846367824,0.0793464895108083,0.21625622677722545
2026-05-17 22:08:00,1.844239675924197,1.844906822299279,0.0001469345536716275,-1.360187377616737,0.08044452833042423,0.21802394429477295
2026-05-17 22:09:00,1.8530914876169278,1.853758635503956,0.00014812588783422732,-1.3564869893017488,0.0815515061935152,0.2197916658184902
2026-05-17 22:10:00,1.8620147794404114,1.8626819288393863,0.00014931722469673224,-1.3527567196240977,0.0826674231203398,0.22155939134837171
2026-05-17 22:11:00,1.8710095515566425,1.8716767024675638,0.00015050856425913677,-1.3489965685160639,0.08379227913115653,0.22332712088440937
2026-05-17 22:12:00,1.8800758041276153,1.8807429565504827,0.00015169990652144822,-1.3452065359099281,0.0849260742462237,0.22509485442661398
2026-05-17 22:13:00,1.889213537315324,1.8898806912501376,0.0001528912514836648,-1.3413866217379706,0.08606880848579983,0.22686259197498293
2026-05-17 22:14:00,1.8984227512817624,1.8990899067285225,0.0001540825991457828,-1.3375368259324718,0.08722048187014335,0.22863033352951068
2026-05-17 22:15:00,1.9077034461889255,1.9083706031476315,0.0001552739495078078,-1.333657148425712,0.08838109441951271,0.23039807909020546
2026-05-17 22:16:00,1.9170556221988067,1.9177227806694594,0.00015646530256973416,-1.3297475891499715,0.08955064615416641,0.23216582865705904
2026-05-17 22:17:00,1.926479279473401,1.9271464394559996,0.0001576566583315638,-1.3258081480375306,0.09072913709436291,0.23393358223007416
2026-05-17 22:18:00,1.9359744181747016,1.936641579669247,0.00015884801679330224,-1.3218388250206696,0.09191656726036065,0.23570133980925906
2026-05-17 22:19:00,1.9455410384647038,1.9462082014711959,0.00016003937795494211,-1.3178396200316693,0.093112936672418,0.23746910139460278
2026-05-17 22:20:00,1.9551791405054022,1.9558463050238402,0.00016123074181648712,-1.3138105330028096,0.09431824535079354,0.2392368669861108
2026-05-17 22:21:00,1.96488872445879,1.9655558904891743,0.0001624221083779335,-1.3097515638663713,0.09553249331574556,0.2410046365837776
2026-05-17 22:22:00,1.974669790486862,1.9753369580291922,0.000163613477639285,-1.305662712554634,0.09675568058753274,0.24277241018760867
2026-05-17 22:23:00,1.9845223387516118,1.9851895078058885,0.00016480484960054349,-1.301543978999879,0.09798780718641331,0.2445401877976068
2026-05-17 22:24:00,1.9944463694150343,1.9951135399812574,0.00016599622426170338,-1.297395363134386,0.0992288731326459,0.24630796941376376
2026-05-17 22:25:00,2.004441882639124,2.005109054717293,0.0001671876016227684,-1.2932168648904356,0.10047887844648883,0.24807575503608503
2026-05-17 22:26:00,2.014508878585874,2.0151760521759896,0.00016837898168373667,-1.2890084842003082,0.1017378231482006,0.2498435446645678
2026-05-17 22:27:00,2.0246473574172796,2.0253145325193413,0.0001695703644446119,-1.284770220996284,0.10300570725803973,0.2516113382992176
2026-05-17 22:28:00,2.0348573192953343,2.035524495909343,0.0001707617499053904,-1.2805020752106433,0.1042825307962646,0.253379135940029
2026-05-17 22:29:00,2.0451387643820333,2.045805942507988,0.00017195313806606845,-1.2762040467756666,0.1055682937831337,0.25514693758699636
2026-05-17 22:30:00,2.0554916928393703,2.0561588724772712,0.00017314452892665347,-1.2718761356236346,0.10686299623890537,0.2569147432401308
2026-05-17 22:31:00,2.0659161048293395,2.0665832859791866,0.00017433592248714547,-1.267518341686827,0.10816663818383823,0.2586825528994323
2026-05-17 22:32:00,2.0764120005139346,2.0770791831757287,0.00017552731874754073,-1.2631306648975245,0.10947921963819067,0.2604503665648954
2026-05-17 22:33:00,2.0869793800551513,2.0876465642288915,0.00017671871770783554,-1.2587131051880072,0.11080074062222119,0.26221818423651444
2026-05-17 22:34:00,2.0976182436149826,2.098285429300669,0.00017791011936803733,-1.254265662490556,0.11213120115618809,0.2639860059143006
2026-05-17 22:35:00,2.1083285913554235,2.108995778553056,0.00017910152372814238,-1.249788336737451,0.11347060126034991,0.2657538315982483
2026-05-17 22:36:00,2.119110423438467,2.119777612148046,0.00018029293078815437,-1.2452811278609723,0.11481894095496513,0.26752166128836297
2026-05-17 22:37:00,2.1299637400261093,2.1306309302476345,0.00018148434054807334,-1.2407440357934003,0.11617622026029228,0.2692894949846447
2026-05-17 22:38:00,2.140888541280343,2.141555733013815,0.00018267575300788818,-1.2361770604670157,0.11754243919658966,0.27105733268707705
2026-05-17 22:39:00,2.151884827363163,2.152552020608581,0.00018386716816760998,-1.2315802018140987,0.11891759778411579,0.27282517439567644
2026-05-17 22:40:00,2.162952598436564,2.163619793193928,0.00018505858602723506,-1.2269534597669296,0.1203016960431291,0.27459302011043735
2026-05-17 22:41:00,2.1740918546625387,2.1747590509318493,0.00018625000658676708,-1.222296834257789,0.12169473399388804,0.27636086983136526
2026-05-17 22:42:00,2.185302596203083,2.18596979398434,0.00018744142984620607,-1.2176103252189565,0.12309671165665118,0.27812872355846024
2026-05-17 22:43:00,2.1965848232201903,2.197252022513394,0.00018863285580554464,-1.2128939325827133,0.12450762905167684,0.2798965812917113
2026-05-17 22:44:00,2.207938535875856,2.2086057366810055,0.00018982428446478276,-1.2081476562813396,0.12592748619922345,0.28166444303111837
2026-05-17 22:45:00,2.219363734332073,2.220030936649168,0.00019101571582393154,-1.2033714962471156,0.12735628311954955,0.283432308776698
2026-05-17 22:46:00,2.230860418750835,2.2315276225798772,0.0001922071498829873,-1.1985654524123215,0.1287940198329136,0.28520017852844465
2026-05-17 22:47:00,2.2424285892941382,2.2430957946351264,0.00019339858664193892,-1.1937295247092379,0.13024069635957403,0.2869680522863419
2026-05-17 22:48:00,2.254068246123975,2.25473545297691,0.0001945900261008012,-1.1888637130701452,0.13169631271978924,0.28873593005041165
2026-05-17 22:49:00,2.2657793894023412,2.2664465977672226,0.00019578146825956674,-1.1839680174273233,0.13316086893381784,0.29050381182064294
2026-05-17 22:50:00,2.2775620192912305,2.278229229168058,0.00019697291311823184,-1.179042437713053,0.1346343650219181,0.2922716975970303
2026-05-17 22:51:00,2.2894161359526373,2.2900833473414104,0.00019816436067680762,-1.174086973859615,0.1361168010043485,0.2940395873795902
2026-05-17 22:52:00,2.301341739548555,2.302008952449275,0.00019935581093528295,-1.1691016257992886,0.1376081769013677,0.29580748116830613
2026-05-17 22:53:00,2.3133388302409785,2.3140060446536443,0.00020054726389366525,-1.1640863934643553,0.1391084927332338,0.29757537896318914
2026-05-17 22:54:00,2.325407408191902,2.3260746241165147,0.0002017387195519471,-1.1590412767870943,0.14061774852020564,0.2993432807642281
2026-05-17 22:55:00,2.337547473563319,2.338214690999878,0.00020293017791013593,-1.1539662756997873,0.14213594428254134,0.3011111865714342
2026-05-17 22:56:00,2.3497590265172246,2.350426245465731,0.00020412163896823174,-1.1488613901347133,0.14366308004049963,0.3028790963848073
2026-05-17 22:57:00,2.362042067215614,2.362709287676066,0.00020531310272622338,-1.1437266200241538,0.1451991558143387,0.304647010204331
2026-05-17 22:58:00,2.37439659582048,2.375063817792878,0.0002065045691841257,-1.1385619653003887,0.14674417162431713,0.30641492803002723
2026-05-17 22:59:00,2.386822612493817,2.387489835978161,0.0002076960383419313,-1.1333674258956983,0.14829812749069338,0.308182849861885
2026-05-17 23:00:00,2.399320117397619,2.3999873423939095,0.00020888751019964384,-1.1281430017423628,0.14986102343372595,0.30995077569990975
2026-05-17 23:01:00,2.411889110693881,2.412556337202118,0.00021007898475725595,-1.1228886927726627,0.15143285947367327,0.3117187055440906
2026-05-17 23:02:00,2.424529592544598,2.4251968205647803,0.00021127046201477133,-1.1176044989188785,0.15301363563079373,0.313486639394433
2026-05-17 23:03:00,2.437241563111762,2.4379087926438907,0.00021246194197219737,-1.1122904201132906,0.15460335192534577,0.3152545772509479
2026-05-17 23:04:00,2.450025022557368,2.450692253601444,0.00021365342462952667,-1.1069464562881788,0.15620200837758802,0.3170225191136244
2026-05-17 23:05:00,2.462879971043411,2.463547203599434,0.00021484490998675555,-1.101572607375824,0.15780960500777874,0.3187904649824569
2026-05-17 23:06:00,2.475806408731886,2.4764736427998546,0.00021603639804388766,-1.0961688733085064,0.1594261418361765,0.32055841485745096
2026-05-17 23:07:00,2.4888043357847853,2.4894715713647004,0.00021722788880092306,-1.0907352540185067,0.16105161888303962,0.3223263687386066
2026-05-17 23:08:00,2.5018737523641046,2.5025409894559654,0.00021841938225786544,-1.0852717494381048,0.16268603616862667,0.32409432662592924
2026-05-17 23:09:00,2.515014658631837,2.5156818972356443,0.00021961087841471477,-1.0797783594995811,0.1643293937131961,0.32586228851941895
2026-05-17 23:10:00,2.5282270547499777,2.528894294865731,0.00022080237727146735,-1.0742550841352163,0.16598169153700626,0.3276302544190702
2026-05-17 23:11:00,2.5415109408805208,2.5421781825082204,0.0002219938788281195,-1.0687019232772903,0.16764292966031574,0.3293982243248774
2026-05-17 23:12:00,2.5548663171854598,2.5555335603251055,0.0002231853830846786,-1.0631188768580837,0.16931310810338293,0.3311661982368518
2026-05-17 23:13:00,2.568293183826789,2.568960428478382,0.0002243768900411447,-1.057505944809877,0.1709922268864663,0.33293417615499316
2026-05-17 23:14:00,2.581791540966504,2.582458787130043,0.00022556839969751404,-1.05186312706495,0.17268028602982427,0.3347021580792961
2026-05-17 23:15:00,2.595361388766598,2.5960286364420835,0.00022675991205378294,-1.0461904235555837,0.17437728555371537,0.33647014400975506
2026-05-17 23:16:00,2.6090027273890657,2.609669976576497,0.0002279514271099588,-1.0404878342140582,0.17608322547839791,0.338238133946381
2026-05-17 23:17:00,2.6227155569959004,2.6233828076952785,0.00022914294486604166,-1.0347553589726537,0.17779810582413053,0.3400061278891741
2026-05-17 23:18:00,2.636499877749097,2.637167129960422,0.00023033446532202406,-1.028992997763651,0.1795219266111715,0.3417741258381232
2026-05-17 23:19:00,2.650355689810651,2.6510229435339214,0.00023152598847790603,-1.02320075051933,0.1812546878597794,0.3435421277932284
2026-05-17 23:20:00,2.664282993342554,2.6649502485777705,0.00023271751433369867,-1.0173786171719714,0.18299638959021258,0.3453101337545061
2026-05-17 23:21:00,2.678281788506802,2.6789490452539653,0.00023390904288940196,-1.0115265976538552,0.18474703182272964,0.3470781437219563
2026-05-17 23:22:00,2.6923520754653887,2.6930193337244988,0.00023510057414500112,-1.0056446918972621,0.18650661457758888,0.3488461576955571
2026-05-17 23:23:00,2.7064938543803096,2.7071611141513654,0.00023629210810050354,-0.9997328998344722,0.18827513787504888,0.35061417567531944
2026-05-17 23:24:00,2.720707125413557,2.721374386696559,0.00023748364475590923,-0.9937912213977661,0.19005260173536798,0.3523821976612433
2026-05-17 23:25:00,2.7349918887271265,2.7356591515220745,0.00023867518411122557,-0.987819656519424,0.19183900617880467,0.3541502236533397
2026-05-17 23:26:00,2.7493481444830117,2.7500154087899062,0.00023986672616644518,-0.9818182051317262,0.1936343512256175,0.3559182536515976
2026-05-17 23:27:00,2.763775892843207,2.764443158662048,0.00024105827092156805,-0.9757868671669532,0.19543863689606483,0.3576862876560171
2026-05-17 23:28:00,2.7782751339697063,2.7789424013004944,0.0002422498183765905,-0.9697256425573851,0.19725186321040514,0.3594543256665927
2026-05-17 23:29:00,2.7928458680245054,2.793513136867239,0.0002434413685315162,-0.9636345312353028,0.1990740301888968,0.36122236768332977
2026-05-17 23:30:00,2.807488095169596,2.8081553655242764,0.0002446329213863526,-0.9575135331329861,0.2009051378517984,0.3629904137062394
2026-05-17 23:31:00,2.8222018155669746,2.822869087433601,0.0002458244769410885,-0.9513626481827157,0.20274518621936832,0.3647584637353051
2026-05-17 23:32:00,2.836987029378635,2.837654302757207,0.0002470160351957277,-0.9451818763167719,0.204594175311865,0.3665265177705323
2026-05-17 23:33:00,2.8518437367665697,2.8525110116570884,0.0002482075961502776,-0.938971217467435,0.20645210514954687,0.36829457581193215
2026-05-17 23:34:00,2.866771937892775,2.8674392142952403,0.00024939915980473073,-0.9327306715669851,0.20831897575267252,0.37006263785949345
2026-05-17 23:35:00,2.881771632919244,2.882438910833656,0.0002505907261590797,-0.9264602385477029,0.2101947871415003,0.37183070391320533
2026-05-17 23:36:00,2.8968428220079723,2.89751010143433,0.00025178229521334307,-0.9201599183418688,0.21207953933628862,0.3735987739730952
2026-05-17 23:37:00,2.9119855053209536,2.9126527862592573,0.00025297386696750596,-0.9138297108817627,0.21397323235729612,0.3753668480391411
2026-05-17 23:38:00,2.92719968302018,2.9278669654704306,0.00025416544142156476,-0.9074696160996656,0.215875866224781,0.37713492611133764
2026-05-17 23:39:00,2.942485355267648,2.943152639229845,0.0002553570185755416,-0.9010796339278575,0.21778744095900188,0.37890300818971767
2026-05-17 23:40:00,2.9578425222253526,2.9585098076994956,0.00025654859842942174,-0.8946597642986186,0.2197079565802172,0.38067109427425927
2026-05-17 23:41:00,2.9732711840552857,2.9739384710413757,0.000257740180983194,-0.8882100071442294,0.22163741310868543,0.3824391843649459
2026-05-17 23:42:00,2.988771340919443,2.989438629417479,0.0002589317662368732,-0.8817303623969707,0.22357581056466483,0.38420727846179953
2026-05-17 23:43:00,3.0043429929798187,3.0050102829898004,0.00026012335419046685,-0.8752208299891222,0.2255231489684141,0.3859753765648313
2026-05-17 23:44:00,3.019986140398406,3.020653431920335,0.0002613149448439563,-0.8686814098529645,0.2274794283401916,0.38774347867401354
2026-05-17 23:45:00,3.0357007833372003,3.036368076371075,0.00026250653819735276,-0.8621121019207783,0.22944464870025572,0.3895115847893629
2026-05-17 23:46:00,3.051486921958196,3.052154216504017,0.00026369813425065615,-0.8555129061248431,0.23141881006886508,0.3912796949108792
2026-05-17 23:47:00,3.0673445564233863,3.068011852481154,0.0002648897330038591,-0.8488838223974401,0.23340191246627795,0.3930478090385516
2026-05-17 23:48:00,3.083273686894766,3.0839409844644803,0.0002660813344569653,-0.8422248506708493,0.2353939559127529,0.3948159271723855
2026-05-17 23:49:00,3.09927431353433,3.0999416126159898,0.0002672729386099711,-0.8355359908773512,0.2373949404285483,0.3965840493123755
2026-05-17 23:50:00,3.1153464365040713,3.116013737097677,0.00026846454546289495,-0.8288172429492262,0.2394048660339226,0.39835217545854906
2026-05-17 23:51:00,3.131490055965984,3.132157358071537,0.0002696561550157147,-0.822068606818754,0.24142373274913448,0.40012030561087314
2026-05-17 23:52:00,3.1477051720820635,3.1483724756995626,0.00027084776726843765,-0.8152900824182162,0.24345154059444202,0.40188843976935873
2026-05-17 23:53:00,3.1639917850143044,3.1646590901437497,0.0002720393053902888,-0.8084816696798919,0.24548828959010402,0.4036564639312189
2026-05-17 23:54:00,3.1803498949246993,3.1810171923463972,0.0002732303083965474,-0.8016433723902383,0.24753397860339496,0.4054236940796273
2026-05-17 23:55:00,3.196779501975244,3.1974467271513354,0.0002744199311486136,-0.7947752136065933,0.24958860073667047,0.4071888761838171
2026-05-17 23:56:00,3.2132806063279307,3.213947584084231,0.0002756072516770828,-0.7878772395113516,0.2516521421743836,0.4089506422101905
2026-05-17 23:57:00,3.229853208144757,3.2305195973525853,0.00027679134801255055,-0.7809495194119657,0.2537245821830844,0.4107076241251498
2026-05-17 23:58:00,3.2464973075877137,3.247162545845737,0.00027797129818561234,-0.7739921457409452,0.2558058931114204,0.4124584538950973
2026-05-17 23:59:00,3.2632129048187966,3.263876153134859,0.00027914618022686726,-0.7670052340558576,0.25789604039013597,0.41420176348644056
2026-05-18 00:00:00,3.28,3.280660087472961,0.0002803150721669182,-0.7599889230393272,0.25999498253207315,0.4159361848655929
2026-05-18 00:01:00,3.2968584549979076,3.297513961794889,0.00028147705203636076,-0.7529433744990357,0.2621026711321709,0.4176603499989567
2026-05-18 00:02:00,3.3137875784974637,3.3144373337173243,0.00028263119786580136,-0.7458687733677225,0.2642190508674655,0.41937289085295043
2026-05-18 00:03:00,3.3307865408881985,3.331429705538785,0.0002837765876858245,-0.7387653277031836,0.2663440594970907,0.4210724393939601
2026-05-18 00:04:00,3.347854512559646,3.3484905242396232,0.0002849122995270329,-0.7316332686882736,0.26847762786227697,0.42275762758839874
2026-05-18 00:05:00,3.3649906639013403,3.365619181482029,0.0002860374114200296,-0.7244728506309033,0.2706196798863525,0.42442708740267976
2026-05-18 00:06:00,3.382194165302814,3.382815013610027,0.00028715100139540634,-0.7172843509640414,0.27277013257474236,0.42607945080319987
2026-05-18 00:07:00,3.3994641871535975,3.400077301649478,0.0002882521474837733,-0.7100680702457138,0.2749288960149691,0.4277133497563832
2026-05-18 00:08:00,3.416799899843226,3.4174052713080796,0.0002893400045465048,-0.7028243321590038,0.2770958733766525,0.42932753023142445
2026-05-18 00:09:00,3.4342004737612326,3.4347981021950584,0.0002904141115988949,-0.6955534796578756,0.2792709620644931,0.4309213082115194
2026-05-18 00:10:00,3.4516650792971486,3.452254964699947,0.00029147439181016847,-0.6882558595504702,0.2814540583302079,0.432494569693881
2026-05-18 00:11:00,3.4691928868405073,3.4697750292122786,0.00029252084518031815,-0.6809318186449279,0.28364505842551385,0.4340473146784982
2026-05-18 00:12:00,3.4867830667808404,3.487357466121585,0.0002935534717093513,-0.6735817037493897,0.2858438586021277,0.43557954316538205
2026-05-18 00:13:00,3.504434789507683,3.505001445817401,0.000294572271397268,-0.6662058616719958,0.2880503551117666,0.43709125515453257
2026-05-18 00:14:00,3.5221472254105666,3.5227061386892573,0.00029557724424405705,-0.6588046392208873,0.2902644442061473,0.4385824506459332
2026-05-18 00:15:00,3.539919544879024,3.5404707151266877,0.0002965683902497296,-0.6513783832042045,0.2924860221369867,0.44005312963960047
2026-05-18 00:16:00,3.557750918302588,3.558294345519225,0.00029754570941428933,-0.6439274404300881,0.29471498515600186,0.44150329213553985
2026-05-18 00:17:00,3.5756405160707927,3.5761762002564024,0.0002985092017377215,-0.6364521577066786,0.29695122951490965,0.44293293813372947
2026-05-18 00:18:00,3.593587508573169,3.5941154497277514,0.00029945886722002973,-0.6289528818421171,0.29919465146542695,0.44434206763417466
2026-05-18 00:19:00,3.611591066199251,3.612111264322806,0.0003003947058612325,-0.6214299596445438,0.30144514725927063,0.4457306806369029
2026-05-18 00:20:00,3.6296503593385703,3.6301628144310993,0.00030131671766130775,-0.6138837379220993,0.3037026131481577,0.4470987771418814
2026-05-18 00:21:00,3.6477645583806613,3.648269270442163,0.0003022249026202591,-0.6063145634829247,0.30596694538380503,0.4484463571491155
2026-05-18 00:22:00,3.665932833715056,3.6664298027455304,0.0003031192607380902,-0.5987227831351601,0.3082380402179295,0.44977342065861076
2026-05-18 00:23:00,3.684154355731288,3.6846435817307337,0.0003039997920148048,-0.5911087436869468,0.31051579390224804,0.4510799676703727
2026-05-18 00:24:00,3.7024282948188874,3.702909777787307,0.00030486649645040665,-0.5834727919464247,0.3128001026884777,0.4523659981844067
2026-05-18 00:25:00,3.720753821367389,3.7212275613047825,0.0003057193740448808,-0.5758152747217347,0.31509086282833526,0.4536315122006908
2026-05-18 00:26:00,3.739130105766327,3.7395961026726927,0.0003065584247982422,-0.5681365388210176,0.3173879705735376,0.45487650971924715
2026-05-18 00:27:00,3.757556318405232,3.7580145722805716,0.00030738364871047975,-0.5604369310524135,0.3196913221758019,0.4561009907400591
2026-05-18 00:28:00,3.7760316296736387,3.7764821405179503,0.0003081950457815896,-0.5527167982240639,0.32200081388684465,0.4573049552631212
2026-05-18 00:29:00,3.794555209961077,3.7949979777743623,0.0003089926160115867,-0.544976487144109,0.3243163419583831,0.4584884032884554
2026-05-18 00:30:00,3.813126229657082,3.8135612544393407,0.0003097763594004636,-0.5372163446206893,0.32663780264213405,0.4596513348160508
2026-05-18 00:31:00,3.831743859151188,3.832171140902418,0.00031054627594822025,-0.5294367174619456,0.3289650921898144,0.4607937498459073
2026-05-18 00:32:00,3.8504072688329236,3.850826807553127,0.00031130236565486414,-0.5216379524760186,0.33129810685314104,0.46191564837803595
2026-05-18 00:33:00,3.8691156290918247,3.8695274247810016,0.0003120446285203804,-0.5138203964710485,0.33363674288383116,0.46301703041241477
2026-05-18 00:34:00,3.887868110317423,3.8882721629755728,0.00031277306454477276,-0.5059843962551765,0.33598089653360125,0.46409789594904916
2026-05-18 00:35:00,3.906663882899252,3.9070601925263744,0.000313487673728056,-0.4981302986365431,0.33833046405416844,0.46515824498796127
2026-05-18 00:36:00,3.925502117226844,3.9258906838229395,0.00031418845607021536,-0.49025845042328864,0.34068534169724973,0.46619807752912895
2026-05-18 00:37:00,3.9443819836897323,3.9447628072548,0.0003148754115712545,-0.482369198423554,0.3430454257145619,0.46721739357255776
2026-05-18 00:38:00,3.963302652677448,3.96367573321149,0.00031554854023117714,-0.4744628894454797,0.345410612357822,0.46821619311825324
2026-05-18 00:39:00,3.9822632945795267,3.9826286320825415,0.0003162078420499685,-0.4665398702972064,0.34778079787874683,0.46919447616619336
2026-05-18 00:40:00,4.0012630797855,4.001620674257486,0.000316853317027647,-0.4586004877868752,0.35015587852905317,0.47015224271640566
2026-05-18 00:41:00,4.0203011786849,4.020651030125859,0.00031748496516421644,-0.45064508872262593,0.35253575056045827,0.47108949276889556
2026-05-18 00:42:00,4.039376761667258,4.039718870077192,0.00031810278645965826,-0.4426740199125995,0.35492031022467885,0.4720062263236356
2026-05-18 00:43:00,4.058488999122112,4.058823364501018,0.0003187067809139688,-0.43468762816493667,0.3573094537734319,0.47290244338062026
2026-05-18 00:44:00,4.07763706143899,4.0779636837868685,0.00031929694852717017,-0.42668626028777856,0.35970307745843416,0.47377814393988255
2026-05-18 00:45:00,4.096820119007427,4.0971389983242785,0.0003198732892992625,-0.41867026308926475,0.3621010775314028,0.4746333280014225
2026-05-18 00:46:00,4.116037342216954,4.11634847850278,0.0003204358032302235,-0.41063998337753643,0.3645033502440546,0.47546799556520714
2026-05-18 00:47:00,4.135287901457107,4.135591294711905,0.00032098449032006056,-0.40259576796073426,0.36690979184810646,0.47628214663124735
2026-05-18 00:48:00,4.154570967117416,4.154866617341187,0.00032151935056877375,-0.394537963646999,0.3693202985952754,0.47707578119954325
2026-05-18 00:49:00,4.173885709587416,4.174173616780158,0.0003220403839763778,-0.3864669172444714,0.37173476673727807,0.47784889927011676
2026-05-18 00:50:00,4.193231299256636,4.193511463418353,0.00032254759054286544,-0.37838297556129147,0.37415309252583173,0.47860150084295694
2026-05-18 00:51:00,4.212606906514613,4.212879327645302,0.00032304097026822907,-0.3702864854056003,0.37657517221265313,0.47933358591805264
2026-05-18 00:52:00,4.232011701750878,4.23227637985054,0.00032352052315247625,-0.36217779358553825,0.37900090204945924,0.48004515449541507
2026-05-18 00:53:00,4.251444855354963,4.251701790423599,0.0003239862491955995,-0.35405724690924606,0.38143017828796694,0.48073620657503313
2026-05-18 00:54:00,4.270905537716404,4.271154729754012,0.00032443814839759887,-0.3459251921848645,0.38386289717989314,0.4814067421569069
2026-05-18 00:55:00,4.290392919224729,4.290634368231311,0.00032487622075848174,-0.3377819762205343,0.3862989549769547,0.48205676124104724
2026-05-18 00:56:00,4.309906170269475,4.31013987624503,0.0003253004662782481,-0.3296279458243958,0.38873824793086864,0.4826862638274543
2026-05-18 00:57:00,4.329444461240174,4.329670424184701,0.0003257108849568831,-0.3214634478045898,0.39118067229335185,0.4832952499161059
2026-05-18 00:58:00,4.349006962526357,4.349225182439856,0.00032610747679441646,-0.31328882896925736,0.39362612431612115,0.4838837195070461
2026-05-18 00:59:00,4.368592844517557,4.368803321400031,0.0003264902417908259,-0.3051044361265377,0.39607450025089375,0.484451672600242
2026-05-18 01:00:00,4.388201277603309,4.388404011454755,0.000326859179946104,-0.29691061608457314,0.3985256963493861,0.48499910919568257
2026-05-18 01:01:00,4.407831432173145,4.408026422993563,0.0003272142912602657,-0.2887077156515032,0.4009796088633155,0.48552602929338984
2026-05-18 01:02:00,4.427482478616596,4.427669726405987,0.00032755557573331816,-0.28049608163546946,0.40343613404439865,0.4860324328933746
2026-05-18 01:03:00,4.447153587323196,4.4473330920815615,0.0003278830333652542,-0.2722760608446111,0.4058951681443527,0.48651831999562606
2026-05-18 01:04:00,4.4668439286824775,4.467015690409817,0.00032819666415604407,-0.26404800008707,0.40835660741489443,0.48698369060010016
2026-05-18 01:05:00,4.486552673083977,4.486716691780287,0.00032849646810572487,-0.25581224617098697,0.4108203481077406,0.48742854470685193
2026-05-18 01:06:00,4.50627899091722,4.506435266582504,0.000328782445214304,-0.24756914590450188,0.4132862864746082,0.48785288231589236
2026-05-18 01:07:00,4.526022052571746,4.526170585206003,0.0003290545954817518,-0.23931904609575516,0.41575431876721447,0.48825670342717736
2026-05-18 01:08:00,4.5457810284370845,4.5459218180403145,0.0003293129189080683,-0.2310622935528883,0.4182243412372759,0.48864000804070706
2026-05-18 01:09:00,4.565555088902769,4.565688135474971,0.0003295574154932831,-0.22279923508404165,0.4206962501365096,0.48900279615652537
2026-05-18 01:10:00,4.5853434043583325,4.5854687078995084,0.00032978808523736656,-0.2145302174973552,0.42316994171663264,0.4893450677745883
2026-05-18 01:11:00,4.605145145193307,4.605262705703455,0.0003300049281403409,-0.20625558760097085,0.42564531222936147,0.4896668228949288
2026-05-18 01:12:00,4.624959481797227,4.625069299276349,0.0003302079442021988,-0.19797569220302744,0.4281222579264137,0.4899680615175361
2026-05-18 01:13:00,4.644785584559624,4.644887659007719,0.00033039713342291797,-0.18969087811166718,0.4306006750595056,0.49024878364237695
2026-05-18 01:14:00,4.664622623870032,4.6647169552870995,0.0003305724958025206,-0.18140149213503012,0.4330804598803544,0.49050898926948444
2026-05-18 01:15:00,4.684469770117982,4.684556358504022,0.0003307340313410068,-0.17310788108125733,0.4355615086406768,0.4907486783988586
2026-05-18 01:16:00,4.704326193693007,4.70440503904802,0.00033088174003837644,-0.16481039175848883,0.43804371759218996,0.4909678510304994
2026-05-18 01:17:00,4.724191064984641,4.724262167308627,0.00033101562189462953,-0.1565093709748657,0.44052698298661064,0.49116650716440674
2026-05-18 01:18:00,4.744063554382416,4.744126913675376,0.0003311356769097736,-0.14820516553852797,0.443011201075656,0.4913446468005918
2026-05-18 01:19:00,4.763942832275866,4.7639984485378,0.0003312419050837715,-0.13989812225761636,0.4454962681110428,0.4915022699389995
2026-05-18 01:20:00,4.783828069054524,4.7838759422854285,0.000331334306416653,-0.13158858794027273,0.44798208034448767,0.49163937657967394
2026-05-18 01:21:00,4.80371843510792,4.803758565307798,0.0003314128809084327,-0.12327690939463633,0.4504685340277079,0.49175596672263683
2026-05-18 01:22:00,4.823613100825589,4.82364548799444,0.0003314776285590885,-0.11496343342884827,0.4529555254124204,0.49185204036785546
2026-05-18 01:23:00,4.843511236597064,4.843535880734889,0.00033152854936861303,-0.10664850685104893,0.45544295075034197,0.4919275975153187
2026-05-18 01:24:00,4.863412012811877,4.863428913918674,0.0003315656433370136,-0.09833247646937979,0.4579307062931894,0.4919826381650376
2026-05-18 01:25:00,4.883314599859562,4.88332375793533,0.00033158891046431994,-0.09001568909198082,0.4604186882926798,0.49201716231705617
2026-05-18 01:26:00,4.903218168129649,4.903219583174392,0.00033159835075049495,-0.08169849152699206,0.46290679300053017,0.49203116997131935
2026-05-18 01:27:00,4.923121888011674,4.92311556002539,0.00033159396419553123,-0.07338123058255533,0.4653949166684571,0.4920246611278162
2026-05-18 01:28:00,4.943024929895167,4.943010858877856,0.00033157575079947323,-0.065064253066811,0.46788295554817766,0.4919976357866126
2026-05-18 01:29:00,4.962926464169665,4.9629046501213265,0.0003315437105622913,-0.05674790578789871,0.47037080589140906,0.4919500939476647
2026-05-18 01:30:00,4.982825661224696,4.982796104145331,0.0003314978434839707,-0.048432535553960314,0.4728583639498678,0.49188203561095045
2026-05-18 01:31:00,5.002721691449796,5.002684391339403,0.00033143814956454833,-0.04011848917313617,0.4753455259752709,0.49179346077652475
2026-05-18 01:32:00,5.022613725234495,5.022568682093077,0.0003313646288040021,-0.03180611345356628,0.47783218821933543,0.4916843694443548
2026-05-18 01:33:00,5.042500932968331,5.042448146795883,0.0003312772812023394,-0.02349575520339212,0.4803182469337781,0.4915547616144515
2026-05-18 01:34:00,5.062382485040831,5.062321955837358,0.00033117610675956015,-0.015187761230753319,0.48280359837031606,0.4914046372868147
2026-05-18 01:35:00,5.082257551841533,5.0821892796070305,0.0003310611054756348,-0.00688247834379136,0.4852881387806661,0.4912339964614007
2026-05-18 01:36:00,5.102125303759963,5.102049288494434,0.00033093227735061517,0.0014197466493526462,0.4877717644165449,0.4910428391382863
2026-05-18 01:37:00,5.121984911185659,5.121901152889104,0.000330789622384479,0.009718566940539818,0.4902543715296699,0.4908311653174384
2026-05-18 01:38:00,5.141835544508153,5.141744043180571,0.00033063314057721154,0.01801363572162793,0.49273585637175754,0.4905989749988353
2026-05-18 01:39:00,5.161676374116979,5.16157712975837,0.00033046283192883497,0.026304606184477358,0.49521611519452513,0.49034626818250976
2026-05-18 01:40:00,5.181506570401667,5.181399583012031,0.0003302786964393123,0.03459113152094699,0.49769504424968936,0.4900730448684069
2026-05-18 01:41:00,5.201325303751751,5.201210573331087,0.0003300807341086879,0.04287286492289534,0.5001725397889668,0.4897793050565927
2026-05-18 01:42:00,5.221131744556763,5.221009271105074,0.00032986894493694703,0.05114945958218354,0.5026484980640752,0.48946504874704505
2026-05-18 01:43:00,5.240925063206239,5.240794846723521,0.00032964332892408227,0.05942056869066935,0.5051228153267305,0.48913027593975317
2026-05-18 01:44:00,5.260704430089709,5.260566470575964,0.00032940388607011575,0.06768584544021351,0.5075953878286507,0.4887749866347498
2026-05-18 01:45:00,5.280469015596707,5.280323313051935,0.0003291506163750032,0.07594494302267493,0.5100661118215519,0.48839918083196915
2026-05-18 01:46:00,5.300217990116763,5.300064544540964,0.00032888351983877405,0.08419751462991212,0.5125348835571512,0.4880028585314551
2026-05-18 01:47:00,5.319950524039414,5.319789335432588,0.0003286025964614433,0.09244321345378546,0.5150015992871656,0.4875860197332297
2026-05-18 01:48:00,5.339665787754189,5.339496856116337,0.00032830784624297377,0.10068169268615419,0.5174661552633122,0.487148664437238
2026-05-18 01:49:00,5.359362951650623,5.359186276981744,0.00032799926918338775,0.10891260551887685,0.5199284477373074,0.48669079264351284
2026-05-18 01:50:00,5.37904118611825,5.378856768418344,0.0003276768652826926,0.1171356051438138,0.5223883729608686,0.4862124043520653
2026-05-18 01:51:00,5.398699661546601,5.3985075008156675,0.0003273406345408588,0.12535034475282394,0.5248458271857125,0.48571349956285154
2026-05-18 01:52:00,5.4183375483252085,5.418137644563247,0.00032699057695791584,0.13355647753776614,0.5273007066635559,0.4851940782759153
2026-05-18 01:53:00,5.437954016843606,5.4377463700506175,0.00032662669253387123,0.14175365669050083,0.529752907646116,0.48465414049126776
2026-05-18 01:54:00,5.457548237491325,5.4573328476673115,0.00032624898126868047,0.14994153540288718,0.5322023263851098,0.4840936862088428
2026-05-18 01:55:00,5.477119380657902,5.476896247802859,0.0003258574431623732,0.15811976686678342,0.5346488591322537,0.4835127154286845
2026-05-18 01:56:00,5.496666616732865,5.496435740846796,0.0003254520782149643,0.16628800427405024,0.537092402139265,0.4829112281508149
2026-05-18 01:57:00,5.5161891161057515,5.515950497188655,0.00032503288642643144,0.17444590081654657,0.5395328516578607,0.4822892243752009
2026-05-18 01:58:00,5.535686049166091,5.535439687217968,0.00032459986779675987,0.18259310968613202,0.5419701039397575,0.48164670410182053
2026-05-18 01:59:00,5.555156586303418,5.554902481324266,0.0003241530223259718,0.19072928407466475,0.5444040552366722,0.4809836673307068
2026-05-18 02:00:00,5.5745998979072615,5.574338049897085,0.00032369235001408205,0.19885407717400547,0.5468346018003221,0.4803001140618818
2026-05-18 02:01:00,5.594015154367161,5.593745563325956,0.00032321785086106833,0.2069671421760131,0.5492616398824237,0.4795960442953122
2026-05-18 02:02:00,5.613401526072644,5.613124192000413,0.00032272952486692337,0.21506813227254729,0.5516850657346943,0.47887145803098746
2026-05-18 02:03:00,5.632758183413246,5.632473106309987,0.00032222737203165447,0.22315670065546653,0.5541047756088505,0.4781263552689183
2026-05-18 02:04:00,5.652084296778498,5.651791476644211,0.0003217113923552913,0.23123250051663083,0.5565206657566094,0.47736073600914875
2026-05-18 02:05:00,5.671379036557933,5.671078473392622,0.0003211815858377968,0.23929518504790018,0.558932632429688,0.4765746002516239
2026-05-18 02:06:00,5.690641573141086,5.690333266944747,0.0003206379524791636,0.24734440744113273,0.5613405718798031,0.47576794799633265
2026-05-18 02:07:00,5.709871076917488,5.709555027690121,0.0003200804922794361,0.25537982088818817,0.5637443803586714,0.47494077924334105
2026-05-18 02:08:00,5.729066718276673,5.728742926018279,0.0003195092052385699,0.26340107858092676,0.5661439541180102,0.4740930939925831
2026-05-18 02:09:00,5.748227667608171,5.74789613231875,0.0003189240913565946,0.271407833711206,0.568539189409536,0.4732248922441028
2026-05-18 02:10:00,5.767353095301518,5.767013816981071,0.00031832515063351017,0.27939973947088775,0.5709299824849663,0.47233617399790007
2026-05-18 02:11:00,5.786442171746247,5.786095150394771,0.000317712383069287,0.28737644905182935,0.5733162295960174,0.471426939253931
2026-05-18 02:12:00,5.805494067331886,5.805139302949385,0.0003170857886639474,0.29533761564589117,0.5756978269944066,0.4704971880122286
2026-05-18 02:13:00,5.8245079524479735,5.8241454450344445,0.0003164453674174913,0.30328289244493184,0.5780746709318506,0.4695469202727929
2026-05-18 02:14:00,5.843482997484039,5.843112747039484,0.00031579111932992604,0.3112119326408116,0.5804466576600665,0.4685761360356347
2026-05-18 02:15:00,5.862418372829619,5.862040379354036,0.00031512304440122206,0.31912438942538945,0.5828136834307713,0.46758483530071016
2026-05-18 02:16:00,5.881313248874241,5.880927512367631,0.0003144411426313942,0.3270199159905242,0.5851756444956815,0.46657301806804136
2026-05-18 02:17:00,5.900166796007441,5.899773316469803,0.00031374541402046465,0.33489816552807555,0.5875324371065143,0.4655406843376611
2026-05-18 02:18:00,5.91897818461875,5.9185769620500865,0.0003130358585684186,0.34275879122990344,0.5898839575149867,0.4644878341095475
2026-05-18 02:19:00,5.937746585097705,5.937337619498013,0.0003123124762752412,0.35060144628786677,0.5922301019728154,0.4634144673836786
2026-05-18 02:20:00,5.9564711678338345,5.9560544592031155,0.00031157526714094735,0.3584257838938248,0.5945707667317174,0.46232058416007626
2026-05-18 02:21:00,5.975151103216671,5.974726651554927,0.000310824231165537,0.3662314572396372,0.5969058480434097,0.4612061844387406
2026-05-18 02:22:00,5.993785561635752,5.99335336694298,0.0003100593683489953,0.3740181195171632,0.5992352421596092,0.4600712682196496
2026-05-18 02:23:00,6.012373713480606,6.011933775756806,0.00030928067869134455,0.3817854239182617,0.6015588453320326,0.45891583550283627
2026-05-18 02:24:00,6.030914729140767,6.030467048385941,0.00030848816219257723,0.3895330236347931,0.6038765538123971,0.4577398862882895
2026-05-18 02:25:00,6.049407779005768,6.048952355219916,0.00030768181885267867,0.39726057185861585,0.6061882638524195,0.45654342057598746
2026-05-18 02:26:00,6.067852033465143,6.067388866648263,0.00030686164867166354,0.40496772178158963,0.6084938717038169,0.455326438365952
2026-05-18 02:27:00,6.086246662908423,6.085775753060515,0.0003060276516495319,0.4126541265955737,0.6107932736183058,0.45408893965818314
2026-05-18 02:28:00,6.104590837725141,6.1041121848462065,0.00030517982778628384,0.42031943949242767,0.6130863658476032,0.45283092445268097
2026-05-18 02:29:00,6.122883728304831,6.122397332394869,0.00030431817708191183,0.42796331366401086,0.6153730446434266,0.45155239274943443
2026-05-18 02:30:00,6.141124505037023,6.140630366096036,0.0003034426995364159,0.4355854023021824,0.6176532062574921,0.4502533445484435
2026-05-18 02:31:00,6.159312338311255,6.158810456339239,0.00030255339514980345,0.4431853585988017,0.6199267469415173,0.44893377984971927
2026-05-18 02:32:00,6.177446398517056,6.176936773514012,0.00030165026392207456,0.45076283574572834,0.6221935629472185,0.44759369865326165
2026-05-18 02:33:00,6.1955258560439574,6.195008488009888,0.0003007333058532143,0.4583174869348215,0.6244535505263131,0.44623310095904867
2026-05-18 02:34:00,6.213549881281495,6.213024770216398,0.00029980252094325235,0.4658489653579402,0.6267066059305176,0.4448519867671243
2026-05-18 02:35:00,6.231517644619203,6.230984790523078,0.0002988579091921665,0.4733569242069451,0.6289526254115496,0.4434503560774556
2026-05-18 02:36:00,6.249428316446609,6.248887719319458,0.0002978994705999494,0.480841016673694,0.6311915052211253,0.4420282088900316
2026-05-18 02:37:00,6.2672810671532515,6.266732726995072,0.0002969272051666231,0.4883008959500473,0.633423141610962,0.44058554520488513
2026-05-18 02:38:00,6.285075067128659,6.284518983939453,0.00029594111289217296,0.4957362152278638,0.6356474308327765,0.43912236502199437
2026-05-18 02:39:00,6.302809486762365,6.302245660542133,0.0002949411937765989,0.5031466276990032,0.6378642691382856,0.4376386683413592
2026-05-18 02:40:00,6.320483496443905,6.319911927192645,0.0002939274478199083,0.5105317865553245,0.6400735527792064,0.4361344551629907
2026-05-18 02:41:00,6.338096266562809,6.337516954280522,0.00029289987502210865,0.5178913449886875,0.642275178007256,0.4346097254868998
2026-05-18 02:42:00,6.355646967508611,6.355059912195298,0.0002918584753831777,0.5252249561909516,0.6444690410741509,0.43306447931305364
2026-05-18 02:43:00,6.373134769670844,6.372539971326503,0.0002908032489031228,0.5325322733539755,0.6466550382316082,0.43149871664146305
2026-05-18 02:44:00,6.390558843439041,6.3899563020636725,0.00028973419558195876,0.539812949669619,0.6488330657313447,0.42991243747215
2026-05-18 02:45:00,6.407918359202734,6.4073080747963385,0.0002886513154196783,0.5470666383297418,0.6510030198250777,0.4283056418051037
2026-05-18 02:46:00,6.425212487351455,6.424594459914034,0.0002875546084162739,0.554292992526203,0.6531647967645235,0.42667832964031305
2026-05-18 02:47:00,6.44244039827474,6.441814627806291,0.00028644407457173817,0.5614916654508619,0.6553182928013996,0.425030500977767
2026-05-18 02:48:00,6.459601262362118,6.4589677488626425,0.00028531971388608596,0.5686623102955776,0.6574634041874227,0.42336215581748765
2026-05-18 02:49:00,6.476694250003126,6.476052993472622,0.00028418152635931724,0.5758045802522097,0.6596000271743097,0.4216732941594749
2026-05-18 02:50:00,6.493718531587293,6.4930695320257605,0.00028302951199143944,0.5829181285126174,0.6617280580137772,0.4199639160037398
2026-05-18 02:51:00,6.510673277504151,6.510016534911594,0.0002818636707824377,0.5900026082686609,0.6638473929575429,0.4182340213502603
2026-05-18 02:52:00,6.527557658143236,6.526893172519653,0.0002806840027322973,0.5970576727121985,0.6659579282573229,0.41648361019901453
2026-05-18 02:53:00,6.544370843894082,6.54369861523947,0.0002794905861207934,0.6040829750350897,0.6680595601648345,0.41471279870284006
2026-05-18 02:54:00,6.561112005146219,6.560432042854148,0.00027828389062637776,0.6110781723560569,0.6701521861065227,0.4129222837784664
2026-05-18 02:55:00,6.57778031228918,6.577092682114635,0.00027706477732616366,0.6180429414281345,0.6722357093824725,0.4111133431064928
2026-05-18 02:56:00,6.594374935712496,6.593679816133288,0.00027583418557705446,0.6249769825655296,0.6743100403411365,0.4092873705203781
2026-05-18 02:57:00,6.610895045805706,6.610192784383882,0.00027459305473597574,0.6318800196436263,0.6763750963793359,0.40744575985361414
2026-05-18 02:58:00,6.627339812958338,6.626630982701605,0.00027334232415980874,0.6387518000989825,0.6784308019422601,0.40558990493962693
2026-05-18 02:59:00,6.643708407559924,6.642993863283059,0.00027208293320545675,0.6455920949293309,0.6804770885234659,0.4037211996118753
2026-05-18 03:00:00,6.66,6.65928093468626,0.0002708158212297788,0.6524006986935791,0.6825138946648788,0.4018410377037523
2026-05-18 03:01:00,6.67621390157163,6.675491761830632,0.00026954192758970783,0.659177429511807,0.6845411659567915,0.3999508130487607
2026-05-18 03:02:00,6.692349987182023,6.691625965997025,0.0002682621916421472,0.6659221290652736,0.686558855037866,0.39805191948035934
2026-05-18 03:03:00,6.708408272641912,6.70768322482769,0.00026697755274395586,0.6726346625964086,0.688566921595131,0.3961457508319412
2026-05-18 03:04:00,6.724388773762038,6.7236632723262995,0.0002656889502520447,0.679314918908818,0.6905653323639842,0.3942337009369763
2026-05-18 03:05:00,6.740291506353144,6.7395658988579354,0.0002643973235233095,0.6859628103672818,0.6925540611281907,0.3923171636289124
2026-05-18 03:06:00,6.756116486225962,6.755390951149097,0.00026310361191465387,0.6925782728977554,0.6945330887198843,0.39039753274120853
2026-05-18 03:07:00,6.7718637291912325,6.771138332287694,0.0002618087547829588,0.6991612659873684,0.6965024030195663,0.3884762021072904
2026-05-18 03:08:00,6.7875332510596955,6.786808001723052,0.0002605136132053968,0.7057117726844246,0.6984619989561063,0.3865544494078453
2026-05-18 03:09:00,6.8031250676420925,6.8023999658723415,0.0002592186568604049,0.7122297956715414,0.7004118773320137,0.3846329715595807
2026-05-18 03:10:00,6.818639194749157,6.8179142405463,0.00025792396402771385,0.718715341558197,0.7023520401245263,0.3827118847152683
2026-05-18 03:11:00,6.8340756481916305,6.833350841555667,0.0002566295347073385,0.7251684169538705,0.7042824893108817,0.38079118887493013
2026-05-18 03:12:00,6.849434443780248,6.848709784711181,0.00025533536889928615,0.7315890284680406,0.7062032268683172,0.3788708840385771
2026-05-18 03:13:00,6.864715597325754,6.8639910858235815,0.00025404146660352734,0.7379771827101872,0.7081142547740708,0.3769509702061654
2026-05-18 03:14:00,6.879919124638884,6.879194760703604,0.0002527478278200842,0.7443328862897873,0.7100155750053794,0.37503144737772787
2026-05-18 03:15:00,6.895045041530376,6.894320825161992,0.00025145445254897146,0.7506561458163218,0.7119071895394814,0.37311231555328644
2026-05-18 03:16:00,6.91009336381097,6.909369295009481,0.0002501613407901523,0.7569469678992687,0.713789100353614,0.37119357473278636
2026-05-18 03:17:00,6.925064107291404,6.92434018605681,0.0002488684925436413,0.7632053591481068,0.7156613094250147,0.3692752249162494
2026-05-18 03:18:00,6.939957287782418,6.939233514114718,0.0002475759078094386,0.769431326172315,0.717523818730921,0.36735726610367575
2026-05-18 03:19:00,6.954772921094751,6.9540492949939425,0.000246283586587559,0.7756248755813722,0.7193766302485708,0.3654396982950872
2026-05-18 03:20:00,6.9695110230391375,6.968787544505225,0.00024499152887800244,0.7817860139847578,0.7212197459552014,0.36352252149048386
2026-05-18 03:21:00,6.98417160942632,6.983448278459303,0.0002436997346807394,0.7879147479919507,0.7230531678280508,0.36160573568982185
2026-05-18 03:22:00,6.998754696067036,6.9980315126669135,0.0002424082039957846,0.794011084212429,0.724876897844356,0.359689340893123
2026-05-18 03:23:00,7.013260298772029,7.012537262938797,0.00024111693682315287,0.8000750292556723,0.726690937981355,0.3577733371004093
2026-05-18 03:24:00,7.027688433352027,7.026965545085692,0.0002398259331628368,0.8061065897311595,0.7284952902162853,0.35585772431166984
2026-05-18 03:25:00,7.042039115617776,7.041316374918337,0.00023853519301482163,0.8121057722483696,0.7302899565263844,0.35394250252688264
2026-05-18 03:26:00,7.056312361380015,7.05558976824747,0.0002372447163791147,0.8180725834167807,0.7320749388888897,0.3520276717460586
2026-05-18 03:27:00,7.070508186449483,7.069785740883831,0.00023595450325572347,0.8240070298458726,0.7338502392810393,0.3501132319692088
2026-05-18 03:28:00,7.084626606636916,7.083904308638157,0.00023466455364464788,0.8299091181451235,0.7356158596800704,0.34819918319633314
2026-05-18 03:29:00,7.09866763775305,7.097945487321189,0.0002333748675458806,0.8357788549240132,0.7373718020632206,0.3462855254274208
2026-05-18 03:30:00,7.11263129560863,7.111909292743663,0.00023208544495942156,0.8416162467920196,0.7391180684077275,0.3443722586624716
2026-05-18 03:31:00,7.126517596014394,7.1257957407163195,0.0002307962858852856,0.8474213003586224,0.7408546606908286,0.34245938290150757
2026-05-18 03:32:00,7.140326554781075,7.139604847049897,0.0002295073903234431,0.8531940222333004,0.7425815808897619,0.34054689814448486
2026-05-18 03:33:00,7.154058187719419,7.153336627555133,0.0002282187582739237,0.8589344190255317,0.7442988309817644,0.3386348043914473
2026-05-18 03:34:00,7.167712510640158,7.166991098042768,0.00022693038973671255,0.8646424973447965,0.7460064129440741,0.33672310164237296
2026-05-18 03:35:00,7.181289539354035,7.180568274323538,0.00022564228471180965,0.8703182638005723,0.7477043287539283,0.3348117898972618
2026-05-18 03:36:00,7.194789289671786,7.194068172208185,0.00022435444319922985,0.8759617250023393,0.7493925803885649,0.33290086915613587
2026-05-18 03:37:00,7.208211777404154,7.207490807507446,0.0002230668651989509,0.8815728875595756,0.7510711698252212,0.33099033941896217
2026-05-18 03:38:00,7.221557018361873,7.220836196032059,0.00022177955071099505,0.8871517580817605,0.7527400990411348,0.32908020068577365
2026-05-18 03:39:00,7.234825028355683,7.234104353592765,0.00022049249973534005,0.8926983431783732,0.7543993700135436,0.32717045295653735
2026-05-18 03:40:00,7.248015823196324,7.2472952960003,0.00021920571227199333,0.8982126494588916,0.7560489847196848,0.3252610962312643
2026-05-18 03:41:00,7.2611294186945345,7.260409039065404,0.00021791918832096227,0.9036946835327954,0.7576889451367962,0.3233521305099654
2026-05-18 03:42:00,7.274165830661048,7.273445598598816,0.0002166329278822395,0.9091444520095631,0.7593192532421151,0.3214435557926298
2026-05-18 03:43:00,7.287125074906614,7.286404990411273,0.00021534693095583238,0.9145619614986739,0.7609399110128794,0.31953537207926835
2026-05-18 03:44:00,7.300007167241962,7.2992872303135155,0.00021406119754175575,0.9199472186096065,0.7625509204263264,0.31762757936990305
2026-05-18 03:45:00,7.312812123477835,7.312092334116284,0.0002127757276399652,0.9253002299518409,0.7641522834596942,0.3157201776644681
2026-05-18 03:46:00,7.325539959424968,7.324820317630311,0.00021149052125047548,0.9306210021348538,0.7657440020902198,0.3138131669629853
2026-05-18 03:47:00,7.338190690894105,7.337471196666341,0.00021020557837333106,0.9359095417681258,0.7673260782951411,0.31190654726552064
2026-05-18 03:48:00,7.35076433369598,7.350044987035111,0.0002089208990084801,0.9411658554611357,0.7688985140516955,0.3100003185719972
2026-05-18 03:49:00,7.363260903641335,7.3625417045473585,0.0002076364831559374,0.9463899498233617,0.7704613113371207,0.30809448088243707
2026-05-18 03:50:00,7.375680416540903,7.3749613650138235,0.0002063523308157178,0.9515818314642833,0.7720144721286543,0.30618903419686205
2026-05-18 03:51:00,7.3880228882054295,7.387303984245245,0.00020506844198779904,0.9567415069933793,0.7735579984035338,0.3042839785152393
2026-05-18 03:52:00,7.4002883344456505,7.399569578052359,0.00020378481667218857,0.9618689830201282,0.7750918921389968,0.30237931383757977
2026-05-18 03:53:00,7.412476771072303,7.411758162245907,0.00020250145486890858,0.9669642661540093,0.7766161553122808,0.3004750401639164
2026-05-18 03:54:00,7.424588213896129,7.423869752636628,0.00020121835657792205,0.972027363004502,0.7781307899006237,0.2985711574941943
2026-05-18 03:55:00,7.436622678727865,7.435904365035258,0.00019993552179924378,0.9770582801810836,0.7796357978812626,0.29666766582843535
2026-05-18 03:56:00,7.448580181378252,7.447862015252538,0.000198652950532896,0.9820570242932347,0.7811311812314354,0.29476456516667265
2026-05-18 03:57:00,7.460460737658024,7.459742719099205,0.00019737064277884907,0.9870236019504335,0.7826169419283796,0.2928618555088621
2026-05-18 03:58:00,7.472264363377924,7.4715464923859995,0.00019608859853711044,0.9919580197621589,0.7840930819493329,0.2909595368550149
2026-05-18 03:59:00,7.483991074348689,7.483273350923659,0.00019480681780768746,0.9968602843378899,0.7855596032715327,0.2890576092051418
2026-05-18 04:00:00,7.495640886381057,7.494923310522922,0.00019352530059058015,1.0017304022871054,0.7870165078722167,0.2871560725592429
2026-05-18 04:01:00,7.507213815285771,7.506496386994528,0.00019224404688577372,1.0065683802192844,0.7884637977286224,0.28525492691729626
2026-05-18 04:02:00,7.518709876873562,7.517992596149215,0.00019096305669328296,1.0113742247439053,0.7899014748179874,0.28335417227932386
2026-05-18 04:03:00,7.530129086955175,7.529411953797722,0.00018968233001310787,1.0161479424704478,0.7913295411175494,0.2814538086453256
2026-05-18 04:04:00,7.541471461341344,7.540754475750788,0.00018840186684524103,1.0208895400083902,0.7927479986045458,0.27955383601529055
2026-05-18 04:05:00,7.552737015842815,7.552020177819151,0.0001871216671896825,1.025599023967212,0.7941568492562143,0.27765425438921876
2026-05-18 04:06:00,7.5639257662703185,7.56320907581355,0.000185841731046447,1.030276400956391,0.7955560950497922,0.2757550637671321
2026-05-18 04:07:00,7.575037728434601,7.574321185544725,0.0001845620584155272,1.0349216775854078,0.7969457379625178,0.2738562641490197
2026-05-18 04:08:00,7.586072918146393,7.585356522823413,0.00018328264929689346,1.0395348604637402,0.7983257799716279,0.27195785553483753
2026-05-18 04:09:00,7.597031351216439,7.596315103460352,0.00018200350369058279,1.0441159562008668,0.7996962230543603,0.27005983792464056
2026-05-18 04:10:00,7.607913043455473,7.607196943266283,0.0001807246215965878,1.0486649714062675,0.8010570691879529,0.26816221131841783
2026-05-18 04:11:00,7.618718010674239,7.6180020580519425,0.00017944600301490106,1.0531819126894202,0.8024083203496429,0.26626497571615826
2026-05-18 04:12:00,7.6294462686834725,7.628730463628071,0.0001781676479455226,1.0576667866598048,0.8037499785166682,0.26436813111786195
2026-05-18 04:13:00,7.640097833293915,7.639382175805405,0.00017688955638845983,1.062119599926899,0.805082045666266,0.26247167752353984
2026-05-18 04:14:00,7.650672720316299,7.649957210394686,0.0001756117283437201,1.0665403591001832,0.8064045237756741,0.26057561493320286
2026-05-18 04:15:00,7.661170945561372,7.660455583206652,0.00017433416381126647,1.0709290707891355,0.8077174148221302,0.25867994334679617
2026-05-18 04:16:00,7.671592524839864,7.670877310052038,0.0001730568627911285,1.075285741603234,0.8090207207828715,0.2567846627643637
2026-05-18 04:17:00,7.681937473962519,7.681222406741587,0.0001717798252833284,1.0796103781519588,0.8103144436351359,0.25488977318593836
2026-05-18 04:18:00,7.6922058087400735,7.691490889086038,0.00017050305128782917,1.0839029870447892,0.8115985853561613,0.25299527461146526
2026-05-18 04:19:00,7.702397544983267,7.701682772896127,0.0001692265408046308,1.0881635748912029,0.8128731479231845,0.25110116704094443
2026-05-18 04:20:00,7.71251269850284,7.711798073982593,0.00016795029383374072,1.0923921483006795,0.8141381333134436,0.24920745047438678
2026-05-18 04:21:00,7.722551285109528,7.7218368081561755,0.0001666743103751737,1.096588713882697,0.8153935435041759,0.24731412491181431
2026-05-18 04:22:00,7.732513320614071,7.731798991227614,0.00016539859042891497,1.100753278246736,0.8166393804726194,0.2454211903532051
2026-05-18 04:23:00,7.742398820827209,7.741684639007645,0.00016412313399495707,1.1048858480022739,0.8178756461960114,0.24352864679854808
2026-05-18 04:24:00,7.752207801559678,7.751493767307009,0.00016284794107332228,1.10898642975879,0.8191023426515893,0.24163649424787625
2026-05-18 04:25:00,7.7619402786222205,7.761226391936444,0.00016157301166400313,1.1130550301257633,0.8203194718165909,0.23974473270117863
2026-05-18 04:26:00,7.7715962678255694,7.770882528706689,0.00016029834576698488,1.117091655712673,0.8215270356682538,0.23785336215843328
2026-05-18 04:27:00,7.781175784980469,7.780462193428482,0.00015902394338228228,1.1210963131289975,0.8227250361838154,0.23596238261966207
2026-05-18 04:28:00,7.790678845897654,7.789965401912563,0.00015774980450989536,1.1250690089842164,0.8239134753405137,0.2340717940848651
2026-05-18 04:29:00,7.800105466387867,7.7993921699696696,0.0001564759291498093,1.1290097498878078,0.8250923551155859,0.23218159655402035
2026-05-18 04:30:00,7.809455662261843,7.80874251341054,0.00015520231730203893,1.132918542449251,0.8262616774862696,0.23029179002714978
2026-05-18 04:31:00,7.818729449330323,7.818016448045914,0.00015392896896658422,1.1367953932780248,0.8274214444298024,0.22840237450425346
2026-05-18 04:32:00,7.827926843404044,7.8272139896865305,0.0001526558841434452,1.1406403089836084,0.828571657923422,0.22651334998533132
2026-05-18 04:33:00,7.837047860293748,7.836335154143128,0.000151383062832607,1.1444532961754807,0.8297123199443661,0.2246247164703614
2026-05-18 04:34:00,7.846092515810168,7.845379957226443,0.00015011050503409192,1.14823436146312,0.8308434324698719,0.22273647395937668
2026-05-18 04:35:00,7.855060825764051,7.854348414747219,0.00014883821074788509,1.1519835114560064,0.8319649974771773,0.22084862245235515
2026-05-18 04:36:00,7.863952805966125,7.8632405425161895,0.00014756617997397175,1.1557007527636176,0.8330770169435198,0.21896116194927492
2026-05-18 04:37:00,7.872768472227137,7.872056356344095,0.00014629441271238146,1.1593860919954326,0.8341794928461367,0.21707409245017983
2026-05-18 04:38:00,7.8815078403578225,7.880795872041675,0.00014502290896311424,1.1630395357609309,0.835272427162266,0.21518741395506993
2026-05-18 04:39:00,7.8901709261689215,7.889459105419669,0.0001437516687261479,1.1666610906695916,0.8363558218691451,0.21330112646391228
2026-05-18 04:40:00,7.898757745471172,7.898046072288813,0.00014248069200148983,1.1702507633308925,0.8374296789440115,0.21141522997671786
2026-05-18 04:41:00,7.907268314075312,7.906556788459848,0.00014120997878914744,1.1738085603543136,0.8384940003641029,0.20952972449349763
2026-05-18 04:42:00,7.91570264779208,7.914991269743511,0.0001399395290891133,1.177334488349333,0.8395487881066569,0.2076446100142406
2026-05-18 04:43:00,7.924060762432218,7.923349531950541,0.00013866934290140224,1.1808285539254304,0.840594044148911,0.20575988653896876
2026-05-18 04:44:00,7.9323426738064615,7.931631590891679,0.00013739942022599944,1.1842907636920845,0.841629770468103,0.20387555406766014
2026-05-18 04:45:00,7.940548397725548,7.939837462377661,0.00013612976106289754,1.187721124258774,0.8426559690414701,0.2019916126003038
2026-05-18 04:46:00,7.948677950000219,7.947967162219227,0.0001348603654121039,1.1911196422349775,0.8436726418462501,0.20010806213691062
2026-05-18 04:47:00,7.956731346441211,7.956020706227114,0.0001335912332736333,1.1944863242301742,0.8446797908596805,0.19822490267750262
2026-05-18 04:48:00,7.964708602859266,7.963998110212063,0.000132322364647471,1.1978211768538434,0.845677418058999,0.19634213422205787
2026-05-18 04:49:00,7.972609735065118,7.97189938998481,0.00013105375953362437,1.201124206715463,0.8466655254214429,0.1944597567705873
2026-05-18 04:50:00,7.980434758869511,7.979724561356098,0.000129785417932086,1.2043954204245135,0.8476441149242504,0.19257777032307996
2026-05-18 04:51:00,7.988183690083183,7.987473640136661,0.00012851733984285593,1.2076348245904722,0.8486131885446583,0.19069617487953586
2026-05-18 04:52:00,7.995856544516867,7.99514664213724,0.00012724952526594152,1.2108424258228194,0.8495727482599048,0.18881497043996595
2026-05-18 04:53:00,8.003453337981307,8.002743583168574,0.00012598197420134275,1.2140182307310328,0.8505227960472271,0.1869341570043702
2026-05-18 04:54:00,8.010974086287238,8.010264479041401,0.0001247146866490449,1.2171622459245923,0.8514633338838631,0.18505373457272672
2026-05-18 04:55:00,8.018418805245402,8.017709345566459,0.00012344766260906267,1.2202744780129755,0.85239436374705,0.18317370314505743
2026-05-18 04:56:00,8.025787510666536,8.025078198554489,0.00012218090208140353,1.2233549336056633,0.8533158876140259,0.18129406272137333
2026-05-18 04:57:00,8.03308021836138,8.032371053816227,0.00012091440506602306,1.2264036193121328,0.8542279074620277,0.17941481330160852
2026-05-18 04:58:00,8.040296944140671,8.039587927162412,0.00011964817156298046,1.2294205417418629,0.8551304252682933,0.17753595488585083
2026-05-18 04:59:00,8.047437703815152,8.046728834403785,0.00011838220157226095,1.2324057075043342,0.8560234430100605,0.1756574874740784
2026-05-18 05:00:00,8.054502513195553,8.053793791351083,0.00011711649509382009,1.2353591232090244,0.8569069626645667,0.1737794110662252
2026-05-18 05:01:00,8.06149138809262,8.060782813815043,0.0001158510521277023,1.238280795465412,0.8577809862090495,0.17190172566235715
2026-05-18 05:02:00,8.068404344317091,8.067695917606407,0.0001145858726739224,1.241170730882977,0.8586455156207463,0.1700244312624963
2026-05-18 05:03:00,8.0752413976797,8.074533118535914,0.00011332095673243596,1.2440289360711982,0.8595005528768953,0.1681475278665767
2026-05-18 05:04:00,8.08200256399119,8.0812944324143,0.00011205630430322818,1.2468554176395539,0.8603460999547333,0.16627101547457637
2026-05-18 05:05:00,8.088687859062299,8.087979875052302,0.00011079191538637308,1.2496501821975223,0.861182158831498,0.16439489408660515
2026-05-18 05:06:00,8.095297298703766,8.094589462260664,0.00010952778998182625,1.2524132363545846,0.8620087314844276,0.16251916370259714
2026-05-18 05:07:00,8.101830898726329,8.10112320985012,0.00010826392808955809,1.2551445867202173,0.8628258198907589,0.16064382432250846
2026-05-18 05:08:00,8.108288674940727,8.107581133631411,0.0001070003297096426,1.2578442399039003,0.8636334260277299,0.15876887594644887
2026-05-18 05:09:00,8.114670643157698,8.113963249415278,0.00010573699484203539,1.2605122025151136,0.8644315518725784,0.1568943185743525
2026-05-18 05:10:00,8.12097681918798,8.120269573012456,0.00010447392348670685,1.2631484811633347,0.8652201994025416,0.15502015220617543
2026-05-18 05:11:00,8.127207218842317,8.126500120233683,0.00010321111564370137,1.2657530824580423,0.865999370594857,0.1531463768419835
2026-05-18 05:12:00,8.133361857931439,8.1326549068897,0.00010194857131303377,1.2683260130087162,0.8667690674267624,0.15127299248179876
2026-05-18 05:13:00,8.139440752266088,8.138733948791247,0.00010068629049465964,1.2708672794248357,0.8675292918754958,0.14939999912555527
2026-05-18 05:14:00,8.145443917657007,8.144737261749059,9.942427318857898e-05,1.2733768883158785,0.8682800459182939,0.14752739677325302
2026-05-18 05:15:00,8.15137136991493,8.150664861573876,9.816251939482138e-05,1.2758548462913235,0.8690213315323947,0.14565518542493594
2026-05-18 05:16:00,8.157223124850598,8.156516764076438,9.690102911340167e-05,1.2783011599606504,0.8697531506950359,0.14378336508062603
2026-05-18 05:17:00,8.162999198274749,8.162292985067484,9.563980234426062e-05,1.2807158359333388,0.8704755053834552,0.14191193574023542
2026-05-18 05:18:00,8.16869960599812,8.167993540357749,9.437883908742783e-05,1.2830988808188653,0.8711883975748895,0.14004089740380798
2026-05-18 05:19:00,8.174324363831456,8.173618445757976,9.311813934294773e-05,1.2854503012267107,0.871891829246577,0.1381702500714097
2026-05-18 05:20:00,8.179873487585485,8.179167717078903,9.18577031107463e-05,1.287770103766354,0.8725858023757553,0.1362999937429307
2026-05-18 05:21:00,8.185346993070953,8.184641370131265,9.059753039085313e-05,1.2900582950472728,0.8732703189396618,0.1344301284184149
2026-05-18 05:22:00,8.190744896098598,8.190039420725805,8.933762118328304e-05,1.292314881678947,0.8739453809155339,0.1325606540978843
2026-05-18 05:23:00,8.196067212479159,8.19536188467326,8.807797548803601e-05,1.2945398702708548,0.8746109902806094,0.1306915707813389
2026-05-18 05:24:00,8.201313958023373,8.20060877778437,8.681859330508245e-05,1.2967332674324765,0.8752671490121261,0.1288228784687347
2026-05-18 05:25:00,8.20648514854198,8.205780115869869,8.555947463443718e-05,1.298895079773289,0.875913859087321,0.12695457716009376
2026-05-18 05:26:00,8.211580799845716,8.210875914740502,8.430061947610017e-05,1.301025313902773,0.8765511224834323,0.12508666685541603
2026-05-18 05:27:00,8.216600927745324,8.215896190207001,8.304202783008623e-05,1.3031239764304055,0.8771789411776967,0.12321914755472348
2026-05-18 05:28:00,8.22154554805154,8.220840958080112,8.178369969641016e-05,1.3051910739656676,0.8777973171473529,0.12135201925803807
2026-05-18 05:29:00,8.226414676575102,8.22571023417057,8.052563507499795e-05,1.3072266131180375,0.8784062523696379,0.11948528196524998
2026-05-18 05:30:00,8.23120832912675,8.230504034289112,7.926783396592363e-05,1.3092306004969925,0.8790057488217891,0.11761893567646906
2026-05-18 05:31:00,8.235926521517223,8.235222374246481,7.801029636915758e-05,1.3112030427120143,0.8795958084810446,0.11575298039165134
2026-05-18 05:32:00,8.24056926955726,8.23986526985341,7.675302228468498e-05,1.313143946372579,0.8801764333246413,0.11388741611077487
2026-05-18 05:33:00,8.245136589057598,8.244432736920643,7.549601171255027e-05,1.3150533180881674,0.8807476253298174,0.11202224283390556
2026-05-18 05:34:00,8.249628495828976,8.248924791258917,7.423926465270903e-05,1.3169311644682578,0.8813093864738104,0.11015746056097751
2026-05-18 05:35:00,8.254045005682134,8.253341448678968,7.298278110517605e-05,1.3187774921223288,0.8818617187338574,0.10829306929201267
2026-05-18 05:36:00,8.25838613442781,8.257682724991538,7.172656106996615e-05,1.3205923076598596,0.8824046240871966,0.106429069027033
2026-05-18 05:37:00,8.262651897876744,8.261948636007364,7.047060454707932e-05,1.3223756176903292,0.8829381045110649,0.10456545976603852
2026-05-18 05:38:00,8.266842311839671,8.266139197537187,6.921491153650076e-05,1.324127428823217,0.8834621619827007,0.10270224150900728
2026-05-18 05:39:00,8.27095739212733,8.270254425391744,6.795948203821566e-05,1.3258477476680015,0.8839767984793412,0.10083941425591726
2026-05-18 05:40:00,8.274997154550466,8.274294335381773,6.670431605223884e-05,1.327536580834161,0.8844820159782236,0.09897697800679048
2026-05-18 05:41:00,8.278961614919814,8.278258943318013,6.54494135785851e-05,1.3291939349311748,0.8849778164565859,0.0971149327616489
2026-05-18 05:42:00,8.282850789046108,8.282148265011203,6.419477461723962e-05,1.330819816568522,0.8854642018916656,0.0952532785204705
2026-05-18 05:43:00,8.286664692740093,8.285962316272082,6.294039916821721e-05,1.3324142323556811,0.8859411742607003,0.0933920152832773
2026-05-18 05:44:00,8.290403341812505,8.28970111291139,6.168628723150309e-05,1.3339771889021321,0.8864087355409277,0.09153114305004732
2026-05-18 05:45:00,8.294066752074082,8.293364670739862,6.0432438807067614e-05,1.3355086928173527,0.8868668877095851,0.08967066182073663
2026-05-18 05:46:00,8.297654939335567,8.296953005568238,5.917885389498482e-05,1.3370087507108215,0.8873156327439099,0.08781057159545504
2026-05-18 05:47:00,8.301167919407693,8.30046613320726,5.79255324952103e-05,1.3384773691920198,0.8877549726211407,0.08595087237413668
2026-05-18 05:48:00,8.304605708101201,8.303904069467663,5.6672474607714446e-05,1.3399145548704234,0.8881849093185139,0.0840915641567376
2026-05-18 05:49:00,8.307968321226832,8.307266830160186,5.5419680232571265e-05,1.341320314355513,0.8886054448132674,0.08223264694336764
2026-05-18 05:50:00,8.31125577459532,8.310554431095571,5.416714936972156e-05,1.3426946542567681,0.8890165810826395,0.08037412073393893
2026-05-18 05:51:00,8.314468084017408,8.313766888084553,5.2914882019180114e-05,1.3440375811836658,0.8894183201038669,0.07851598552847344
2026-05-18 05:52:00,8.31760526530383,8.316904216937873,5.166287818094695e-05,1.3453491017456867,0.8898106638541876,0.07665824132697117
2026-05-18 05:53:00,8.320667334265332,8.319966433466266,5.0411202588011385e-05,1.3466292225523078,0.8901936143108389,0.07480098418132262
2026-05-18 05:54:00,8.323654306712648,8.322953561248434,4.91602436384575e-05,1.3478779534603067,0.8905671744224934,0.07294479040309054
2026-05-18 05:55:00,8.326566198456515,8.325865662702881,4.791071339527164e-05,1.3490953205629475,0.8909313519949985,0.07109071656322428
2026-05-18 05:56:00,8.32940302530767,8.328702846855867,4.666338865451832e-05,1.3502813694372766,0.8912861606628101,0.06923991528469557
2026-05-18 05:57:00,8.332164803076864,8.331465269341424,4.541904621224724e-05,1.3514361651441282,0.8916316198889944,0.06739353919045411
2026-05-18 05:58:00,8.334851547574821,8.334153132401337,4.417846286452291e-05,1.3525597922281178,0.8919677549652263,0.0655527409034716
2026-05-18 05:59:00,8.337463274612286,8.336766684885166,4.294241540738024e-05,1.3536523547176496,0.8922945970117909,0.06371867304667579
2026-05-18 06:00:00,8.34,8.339306222250222,4.171168063683932e-05,1.354713976124907,0.892612182977582,0.061892488242972485
2026-05-18 06:01:00,8.342461856068105,8.341772086561587,4.0487035349009066e-05,1.3557447994458622,0.8929205556401032,0.060075339115399265
2026-05-18 06:02:00,8.34484944122438,8.344164666492103,3.92692563399244e-05,1.356744987160271,0.8932197636054677,0.0582683782868839
2026-05-18 06:03:00,8.347163470396003,8.346484397322378,3.8059120405605404e-05,1.3577147212316736,0.8935098613083979,0.05647275838033217
2026-05-18 06:04:00,8.349404658510162,8.348731760940776,3.685740434210179e-05,1.3586542031073932,0.8937909090122252,0.054689632018693805
2026-05-18 06:05:00,8.351573720494041,8.35090728584343,3.566488494549288e-05,1.3595636537185396,0.894062972808891,0.05292015182496248
2026-05-18 06:06:00,8.353671371274823,8.353011547134235,3.448233901181356e-05,1.3604433134800067,0.8943261246189461,0.051165470422065935
2026-05-18 06:07:00,8.355698325779683,8.355045166524848,3.331054333712835e-05,1.3612934422904723,0.8945804421915506,0.04942674043297586
2026-05-18 06:08:00,8.357655298935812,8.35700881233469,3.215020998445321e-05,1.3621143195324006,0.8948260091044741,0.047705018428685575
2026-05-18 06:09:00,8.359543005670396,8.358903191722982,3.100172735179818e-05,1.3629062408247392,0.8950629137926601,0.04600088072064798
2026-05-18 06:10:00,8.361362160910613,8.360729019616906,2.9865160172241426e-05,1.3636695050337362,0.8952912456624876,0.04431442336088538
2026-05-18 06:11:00,8.363113479583648,8.362487010943651,2.8740508445738538e-05,1.3644044110256408,0.8955110941203361,0.04264564634933188
2026-05-18 06:12:00,8.364797676616679,8.364177880630395,2.7627772172259905e-05,1.3651112576666984,0.8957225485725843,0.04099454968594354
2026-05-18 06:13:00,8.3664154669369,8.365802343604322,2.652695135184994e-05,1.3657903438231567,0.8959256984256108,0.03936113337078627
2026-05-18 06:14:00,8.367967565471483,8.367361114792617,2.543804598449384e-05,1.3664419683612636,0.8961206330857948,0.037745397403838095
2026-05-18 06:15:00,8.369454687147615,8.368854909122462,2.4361056070191604e-05,1.3670664301472661,0.8963074419595153,0.03614734178509901
2026-05-18 06:16:00,8.370877546892487,8.37028444152104,2.329598160894323e-05,1.3676640280474117,0.896486214453151,0.03456696651456903
2026-05-18 06:17:00,8.37223685963327,8.371650426915535,2.2242822600748723e-05,1.3682350609279479,0.8966570399730809,0.03300427159224815
2026-05-18 06:18:00,8.373533340297156,8.37295358023313,2.120157904560808e-05,1.3687798276551217,0.896820007925684,0.03145925701813636
2026-05-18 06:19:00,8.374767703811322,8.374194616401008,2.0172250943506496e-05,1.3692986270951808,0.8969752077173391,0.029931922792211706
2026-05-18 06:20:00,8.375940665102956,8.37537425034635,1.915483829445878e-05,1.3697917581143717,0.897122728754425,0.02842226891449615
2026-05-18 06:21:00,8.377052939099238,8.376493196996343,1.814934109849453e-05,1.3702595195789424,0.8972626604433209,0.02693029538503362
2026-05-18 06:22:00,8.378105240727354,8.37755217127817,1.7155759355569344e-05,1.3707022103551414,0.8973950921904059,0.025456002203758224
2026-05-18 06:23:00,8.379098284914487,8.378551888119011,1.617409306568322e-05,1.3711201293092141,0.8975201134020585,0.02399938937066996
2026-05-18 06:24:00,8.380032786587819,8.379493062446052,1.5204342228880563e-05,1.371513575307409,0.8976378134846578,0.02256045688583472
2026-05-18 06:25:00,8.380909460674529,8.380376409186477,1.4246506845102166e-05,1.3718828472159739,0.8977482818445829,0.02113920474916465
2026-05-18 06:26:00,8.381729022101808,8.381202643267464,1.3300586914377633e-05,1.3722282439011542,0.897851607888212,0.019735632960703676
2026-05-18 06:27:00,8.382492185796837,8.381972479616202,1.2366582436721767e-05,1.3725500642291992,0.8979478810219249,0.018349741520473764
2026-05-18 06:28:00,8.383199666686798,8.38268663315987,1.1444493412119765e-05,1.3728486070663553,0.8980371906521001,0.016981530428452952
2026-05-18 06:29:00,8.383852179698872,8.383345818825656,1.0534319840571626e-05,1.3731241712788709,0.8981196261851169,0.015630999684641232
2026-05-18 06:30:00,8.384450439760244,8.38395075154074,9.63606172206255e-06,1.373377055732992,0.8981952770273536,0.014298149289016649
2026-05-18 06:31:00,8.3849951617981,8.384502146232304,8.749719056607338e-06,1.3736075592949666,0.8982642325851895,0.012982979241601161
2026-05-18 06:32:00,8.385487060739617,8.385000717827532,7.875291844220792e-06,1.3738159808310417,0.8983265822650034,0.011685489542416735
2026-05-18 06:33:00,8.385926851511988,8.38544718125361,7.012780084888112e-06,1.3740026192074657,0.8983824154731744,0.010405680191441408
2026-05-18 06:34:00,8.386315249042383,8.385842251437719,6.162183778609295e-06,1.3741677732904847,0.8984318216160814,0.009143551188675178
2026-05-18 06:35:00,8.386652968257998,8.386186643307044,5.323502925369539e-06,1.3743117419463475,0.8984748901001033,0.00789910253409608
2026-05-18 06:36:00,8.386940724086008,8.386481071788763,4.496737525183647e-06,1.3744348240412996,0.8985117103316187,0.006672334227726078
2026-05-18 06:37:00,8.3871792314536,8.386726251810066,3.681887578066423e-06,1.3745373184415899,0.8985423717170069,0.00546324626958714
2026-05-18 06:38:00,8.387369205287955,8.386922898298131,2.8789530839882596e-06,1.3746195240134649,0.8985669636626467,0.004271838659635333
2026-05-18 06:39:00,8.387511360516259,8.387071726180144,2.0879340429787635e-06,1.3746817396231723,0.8985855755749171,0.0030981113979145886
2026-05-18 06:40:00,8.387606412065693,8.387173450383289,1.3088304550083288e-06,1.37472426413696,0.8985982968601971,0.0019420644843809768
2026-05-18 06:41:00,8.387655074863442,8.387228785834745,5.416423201065612e-07,1.374747396421074,0.8986052169248653,0.0008036979190784271
2026-05-18 06:42:00,8.387658063836684,8.387238447461701,-2.1363036174134227e-07,1.3747514353417636,0.898606425175301,-0.0003169882980150254
2026-05-18 06:43:00,8.387616093912609,8.387203150191336,-9.569875905649875e-07,1.3747366797652742,0.8986020110178828,-0.0014199941669433105
2026-05-18 06:44:00,8.387529880018398,8.387123608950834,-1.6884293663199657e-06,1.3747034285578539,0.8985920638589897,-0.0025053196876405333
2026-05-18 06:45:00,8.387400137081233,8.387000538667378,-2.4079556890062767e-06,1.37465198058575,0.8985766731050007,-0.0035729648601066943
2026-05-18 06:46:00,8.387227580028297,8.386834654268153,-3.1155665586387233e-06,1.3745826347152106,0.8985559281622948,-0.004622929684363757
2026-05-18 06:47:00,8.387012923786775,8.386626670680341,-3.811261975232109e-06,1.3744956898124825,0.8985299184372508,-0.0056552141604336885
2026-05-18 06:48:00,8.38675688328385,8.386377302831125,-4.4950419387716305e-06,1.3743914447438128,0.8984987333362476,-0.006669818288294523
2026-05-18 06:49:00,8.386460173446705,8.386087265647689,-5.166906449242485e-06,1.374270198375449,0.8984624622656644,-0.0076667420679242945
2026-05-18 06:50:00,8.38612350920252,8.385757274057216,-5.8268555066742774e-06,1.3741322495736394,0.89842119463188,-0.008645985499366933
2026-05-18 06:51:00,8.385747605478484,8.385388042986888,-6.4748891110522065e-06,1.3739778972046297,0.8983750198412729,-0.009607548582600475
2026-05-18 06:52:00,8.385333177201776,8.38498028736389,-7.111007262376271e-06,1.3738074401346685,0.8983240273002224,-0.01055143131762492
2026-05-18 06:53:00,8.384880939299578,8.384534722115403,-7.73520996063167e-06,1.3736211772300022,0.8982683064151074,-0.011477633704418304
2026-05-18 06:54:00,8.384391606699078,8.384052062168614,-8.347497205848005e-06,1.37341940735688,0.8982079465923071,-0.012386155743024551
2026-05-18 06:55:00,8.383865894327453,8.3835330224507,-8.947868998025281e-06,1.3732024293815466,0.8981430372381997,-0.013276997433443672
2026-05-18 06:56:00,8.383304517111895,8.38297831788885,-9.536325337119085e-06,1.3729705421702512,0.8980736677591648,-0.01415015877560976
2026-05-18 06:57:00,8.382708189979581,8.382388663410246,-1.011286622317383e-05,1.3727240445892408,0.8979999275615809,-0.01500563976958872
2026-05-18 06:58:00,8.382077627857697,8.38176477394207,-1.0677491656159906e-05,1.3724632355047626,0.8979219060518272,-0.015843440415336616
2026-05-18 06:59:00,8.381413545673421,8.381107364411507,-1.1230201636106921e-05,1.3721884137830647,0.8978396926362827,-0.01666356071289738
2026-05-18 07:00:00,8.38071665835394,8.380417149745737,-1.1770996163014876e-05,1.371899878290393,0.897753376721326,-0.01746600066227101
2026-05-18 07:01:00,8.37998768082644,8.379694844871945,-1.2299875236854163e-05,1.371597927892996,0.897663047713336,-0.01825076026341358
2026-05-18 07:02:00,8.3792273280181,8.378941164717315,-1.2816838857624784e-05,1.3712828614571202,0.8975687950186919,-0.01901783951632509
2026-05-18 07:03:00,8.378436314856106,8.37815682420903,-1.3321887025356343e-05,1.3709549778490147,0.8974707080437727,-0.019767238421049466
2026-05-18 07:04:00,8.377615356267635,8.377342538274272,-1.381501974004884e-05,1.3706145759349244,0.897368876194957,-0.020498956977586708
2026-05-18 07:05:00,8.37676516717988,8.376499021840225,-1.429623700167267e-05,1.3702619545810983,0.8972633888786239,-0.021212995185892886
2026-05-18 07:06:00,8.375886462520016,8.375626989834071,-1.4765538810227833e-05,1.3698974126537833,0.8971543355011521,-0.021909353045968003
2026-05-18 07:07:00,8.374979957215231,8.374727157182997,-1.5222925165743936e-05,1.3695212490192277,0.8970418054689211,-0.02258803055785599
2026-05-18 07:08:00,8.374046366192706,8.373800238814182,-1.5668396068220975e-05,1.369133762543677,0.8969258881883091,-0.02324902772155684
2026-05-18 07:09:00,8.373086404379626,8.37284694965481,-1.6101951517614548e-05,1.36873525209338,0.8968066730656956,-0.023892344537004673
2026-05-18 07:10:00,8.37210078670317,8.371868004632068,-1.6523591513969056e-05,1.368326016534584,0.8966842495074593,-0.024517981004265364
2026-05-18 07:11:00,8.371090228090527,8.370864118673135,-1.6933316057284506e-05,1.3679063547335355,0.896558706919979,-0.025125937123338927
2026-05-18 07:12:00,8.370055443468878,8.369836006705194,-1.7331125147531285e-05,1.3674765655564824,0.8964301347096337,-0.025716212894181422
2026-05-18 07:13:00,8.368997147765405,8.36878438365543,-1.7717018784724203e-05,1.3670369478696722,0.8962986222828024,-0.026288808316814828
2026-05-18 07:14:00,8.367916055907292,8.367709964451027,-1.8090996968863257e-05,1.366587800539352,0.896164259045864,-0.026843723391239135
2026-05-18 07:15:00,8.366812882821723,8.366613464019167,-1.8453059699948447e-05,1.3661294224317693,0.8960271344051975,-0.027380958117454342
2026-05-18 07:16:00,8.365688343435878,8.365495597287033,-1.8803206977979768e-05,1.3656621124131716,0.8958873377671817,-0.02790051249546045
2026-05-18 07:17:00,8.364543152676942,8.36435707918181,-1.914143880297203e-05,1.3651861693498062,0.8957449585381956,-0.028402386525279426
2026-05-18 07:18:00,8.3633780254721,8.363198624630677,-1.9467755174895628e-05,1.3647018921079193,0.8956000861246177,-0.02888658020686734
2026-05-18 07:19:00,8.362193676748536,8.362020948560822,-1.978215609376536e-05,1.3642095795537605,0.8954528099328277,-0.02935309354024616
2026-05-18 07:20:00,8.36099082143343,8.360824765899425,-2.0084641559596033e-05,1.3637095305535751,0.895303219369204,-0.029801926525437852
2026-05-18 07:21:00,8.359770174453965,8.35961079157367,-2.0375211572343233e-05,1.3632020439736117,0.8951514038401256,-0.03023307916237651
2026-05-18 07:22:00,8.358532450737327,8.358379740510744,-2.0653866132066175e-05,1.362687418680118,0.8949974527519717,-0.03064655145115
2026-05-18 07:23:00,8.357278365210698,8.357132327637823,-2.0920605238735255e-05,1.3621659535393393,0.8948414555111206,-0.031042343391714397
2026-05-18 07:24:00,8.356008632801258,8.355869267882095,-2.1175428892335665e-05,1.3616379474175253,0.894683501523952,-0.031420454984047726
2026-05-18 07:25:00,8.354723968436199,8.354591276170742,-2.141833709288221e-05,1.3611036991809216,0.8945236801968443,-0.03178088622817196
2026-05-18 07:26:00,8.353425087042693,8.35329906743095,-2.1649329840374894e-05,1.3605635076957772,0.8943620809361765,-0.0321236371240871
2026-05-18 07:27:00,8.352112703547931,8.351993356589897,-2.1868407134828517e-05,1.3600176718283383,0.8941987931483278,-0.03244870767181511
2026-05-18 07:28:00,8.350787532879094,8.35067485857477,-2.207556897621347e-05,1.3594664904448523,0.8940339062396768,-0.03275609787131205
2026-05-18 07:29:00,8.349450289963366,8.349344288312752,-2.227081536454456e-05,1.3589102624115674,0.8938675096166027,-0.03304580772259989
2026-05-18 07:30:00,8.348101689727928,8.348002360731025,-2.245414629983659e-05,1.3583492865947302,0.8936996926854842,-0.03331783722570061
2026-05-18 07:31:00,8.346742447099967,8.346649790756771,-2.2625561782074755e-05,1.357783861860588,0.8935305448527001,-0.03357218638059223
2026-05-18 07:32:00,8.345373277006658,8.345287293317176,-2.2785061811244253e-05,1.3572142870753885,0.8933601555246297,-0.03380885518725278
2026-05-18 07:33:00,8.343994894375196,8.343915583339422,-2.2932646387359887e-05,1.356640861105379,0.8931886141076517,-0.034027843645704235
2026-05-18 07:34:00,8.342608014132757,8.342535375750693,-2.306831551043646e-05,1.3560638828168072,0.8930160100081451,-0.034229151755968565
2026-05-18 07:35:00,8.341213351206525,8.34114738547817,-2.3192069180444363e-05,1.3554836510759196,0.8928424326324887,-0.034412779518001826
2026-05-18 07:36:00,8.339811620523681,8.33975232744904,-2.3303907397413207e-05,1.3549004647489649,0.8926679713870618,-0.03457872693184795
2026-05-18 07:37:00,8.338403537011416,8.33835091659048,-2.340383016132819e-05,1.3543146227021885,0.8924927156782426,-0.03472699399748499
2026-05-18 07:38:00,8.336989815596903,8.33694386782968,-2.34918374721745e-05,1.3537264238018398,0.8923167549124108,-0.03485758071489096
2026-05-18 07:39:00,8.335571171207333,8.33553189609382,-2.356792932998175e-05,1.3531361669141648,0.8921401784959448,-0.0349704870841098
2026-05-18 07:40:00,8.334148318769888,8.334115716310082,-2.3632105734720336e-05,1.3525441509054115,0.8919630758352238,-0.035065713105097575
2026-05-18 07:41:00,8.332721973211745,8.332696043405653,-2.3684366686419858e-05,1.3519506746418273,0.8917855363366266,-0.035143258777898215
2026-05-18 07:42:00,8.331292849460095,8.331273592307712,-2.3724712185065518e-05,1.351356036989659,0.8916076494065321,-0.03520312410248976
2026-05-18 07:43:00,8.329861662442118,8.329849077943445,-2.375314223064251e-05,1.3507605368151543,0.8914295044513194,-0.03524530907885025
2026-05-18 07:44:00,8.328429127084998,8.328423215240035,-2.3769656823180442e-05,1.350164472984561,0.8912511908773674,-0.0352698137070236
2026-05-18 07:45:00,8.326995958315917,8.326996719124663,-2.3774255962664505e-05,1.3495681443641256,0.8910727980910547,-0.03527663798698785
2026-05-18 07:46:00,8.32556287106206,8.325570304524515,-2.3766939649079905e-05,1.348971849820096,0.8908944154987605,-0.03526578191872105
2026-05-18 07:47:00,8.324130580250607,8.324144686366774,-2.3747707882456243e-05,1.34837588821872,0.8907161325068638,-0.0352372455022671
2026-05-18 07:48:00,8.322699800808744,8.32272057957862,-2.3716560662778717e-05,1.347780558426244,0.8905380385217434,-0.03519102873760407
2026-05-18 07:49:00,8.321271247663653,8.32129869908724,-2.3673497990032524e-05,1.3471861593089158,0.8903602229497782,-0.03512713162470997
2026-05-18 07:50:00,8.319845635742519,8.319879759819816,-2.3618519864262075e-05,1.3465929897329831,0.8901827751973471,-0.035045554163650704
2026-05-18 07:51:00,8.318423679972526,8.318464476703529,-2.3551626285422955e-05,1.346001348564692,0.8900057846708289,-0.034946296354360376
2026-05-18 07:52:00,8.31700609528085,8.317053564665565,-2.3472817253500366e-05,1.3454115346702915,0.8898293407766029,-0.03482935819681702
2026-05-18 07:53:00,8.315593596594681,8.315647738633109,-2.338209276855352e-05,1.3448238469160287,0.8896535329210481,-0.0346947396911085
2026-05-18 07:54:00,8.3141868988412,8.314247713533339,-2.327945283056761e-05,1.3442385841681501,0.8894784505105429,-0.03454244083721284
2026-05-18 07:55:00,8.312786716947594,8.31285420429344,-2.3164897439513037e-05,1.3436560452929032,0.8893041829514663,-0.03437246163508612
2026-05-18 07:56:00,8.311393765841038,8.311467925840597,-2.3038426595404596e-05,1.3430765291565356,0.8891308196501975,-0.034184802084750304
2026-05-18 07:57:00,8.310008760448726,8.310089593101992,-2.2900040298242293e-05,1.3425003346252948,0.8889584500131154,-0.03397946218620539
2026-05-18 07:58:00,8.308632415697833,8.308719921004808,-2.2749738548026126e-05,1.341927760565428,0.8887871634465987,-0.03375644193945138
2026-05-18 07:59:00,8.307265446515546,8.307359624476229,-2.258752134474129e-05,1.3413591058431824,0.8886170493570265,-0.03351574134446631
2026-05-18 08:00:00,8.305908567829041,8.30600941844344,-2.2413388688417393e-05,1.3407946693248067,0.8884481971507779,-0.03325736040129411
2026-05-18 08:01:00,8.304562494565511,8.304670017833619,-2.2227340579039633e-05,1.3402347498765461,0.8882806962342314,-0.03298129910991281
2026-05-18 08:02:00,8.303227941652139,8.303342137573955,-2.202937701660801e-05,1.33967964636465,0.8881146360137664,-0.032687557470322405
2026-05-18 08:03:00,8.3019056240161,8.302026492591626,-2.1819498001137323e-05,1.3391296576553637,0.8879501058957612,-0.03237613548254487
2026-05-18 08:04:00,8.300596256584582,8.300723797813818,-2.1597703532583167e-05,1.3385850826149361,0.8877871952865953,-0.03204703314651432
2026-05-18 08:05:00,8.299300554284768,8.299434768167716,-2.1363993610989952e-05,1.3380462201096146,0.8876259935926475,-0.03170025046229663
2026-05-18 08:06:00,8.298019232043842,8.2981601185805,-2.1118368236357673e-05,1.3375133690056453,0.8874665902202964,-0.03133578742989181
2026-05-18 08:07:00,8.296753004788984,8.296900563979353,-2.0860827408656726e-05,1.3369868281692765,0.8873090745759213,-0.030953644049255918
2026-05-18 08:08:00,8.295502587447384,8.29565681929146,-2.059137112790192e-05,1.3364668964667554,0.887153536065901,-0.03055382032041094
2026-05-18 08:09:00,8.294268694946219,8.294429599444005,-2.0309999394093244e-05,1.3359538727643294,0.8870000640966142,-0.03013631624335686
2026-05-18 08:10:00,8.293052042212674,8.29321961936417,-2.0016712207230707e-05,1.335448055928246,0.8868487480744403,-0.029701131818093682
2026-05-18 08:11:00,8.291853344173932,8.292027593979137,-1.9711509567314303e-05,1.3349497448247523,0.8866996774057577,-0.029248267044621405
2026-05-18 08:12:00,8.290673315757175,8.290854238216092,-1.9394391474344038e-05,1.3344592383200957,0.886552941496946,-0.028777721922940036
2026-05-18 08:13:00,8.289512671889588,8.289700267002216,-1.906535792831991e-05,1.333976835280524,0.8864086297543834,-0.028289496453049567
2026-05-18 08:14:00,8.288372127498356,8.288566395264693,-1.8724408929256717e-05,1.3335028345722841,0.8862668315844494,-0.027783590634971968
2026-05-18 08:15:00,8.28725239751066,8.287453337930705,-1.8371544477124856e-05,1.3330375350616226,0.8861276363935221,-0.0272600044686633
2026-05-18 08:16:00,8.28615419685368,8.286361809927438,-1.8006764571939133e-05,1.3325812356147888,0.8859911335879815,-0.02671873795414554
2026-05-18 08:17:00,8.285078240454606,8.285292526182072,-1.763006921371435e-05,1.332134235098028,0.8858574125742057,-0.02615979109144065
2026-05-18 08:18:00,8.284025243240615,8.284246201621793,-1.7241458402420897e-05,1.331696832377589,0.8857265627585741,-0.025583163880504693
2026-05-18 08:19:00,8.282995920138896,8.283223551173782,-1.6840932138058782e-05,1.3312693263197186,0.8855986735474654,-0.02498885632133768
2026-05-18 08:20:00,8.281990986076627,8.282225289765226,-1.6428490420672404e-05,1.3308520157906654,0.8854738343472588,-0.024376868414005493
2026-05-18 08:21:00,8.281011155980995,8.281252132323301,-1.6004133250232162e-05,1.3304451996566737,0.8853521345643325,-0.02374720015846421
2026-05-18 08:22:00,8.28005714477918,8.280304793775198,-1.5567860626723253e-05,1.3300491767839941,0.8852336636050664,-0.023099851554691863
2026-05-18 08:23:00,8.279129667398369,8.279383989048094,-1.5119672550175286e-05,1.329664246038872,0.8851185108758386,-0.022434822602732392
2026-05-18 08:24:00,8.27822943876574,8.278490433069177,-1.465956902055865e-05,1.3292907062875554,0.8850067657830284,-0.021752113302541853
2026-05-18 08:25:00,8.27735717380848,8.277624840765627,-1.4187550037888149e-05,1.3289288563962918,0.8848985177330149,-0.021051723654142217
2026-05-18 08:26:00,8.276513587453772,8.27678792706463,-1.3703615602178587e-05,1.3285789952313287,0.8847938561321766,-0.020333653657555448
2026-05-18 08:27:00,8.2756993946288,8.275980406893366,-1.3207765713400359e-05,1.3282414216589127,0.8846928703868927,-0.01959790331273762
2026-05-18 08:28:00,8.274915310260745,8.275202995179022,-1.2700000371568265e-05,1.3279164345452925,0.8845956499035422,-0.01884447261971069
2026-05-18 08:29:00,8.274162049276791,8.274456406848778,-1.2180319576697111e-05,1.3276043327567137,0.8845022840885038,-0.018073361578496632
2026-05-18 08:30:00,8.273440326604119,8.273741356829818,-1.1648723328757289e-05,1.3273054151594252,0.8844128623481565,-0.017284570189051506
2026-05-18 08:31:00,8.27275085716992,8.273058560049327,-1.1105211627778406e-05,1.3270199806196739,0.8843274740888795,-0.016478098451419253
2026-05-18 08:32:00,8.272094355901368,8.272408731434485,-1.0549784473745661e-05,1.3267483280037065,0.8842462087170511,-0.015653946365577903
2026-05-18 08:33:00,8.271471537725649,8.271792585912477,-9.982441866644247e-06,1.3264907561777708,0.8841691556390507,-0.014812113931505489
2026-05-18 08:34:00,8.270883117569948,8.271210838410488,-9.403183806503771e-06,1.3262475640081146,0.8840964042612571,-0.01395260114924594
2026-05-18 08:35:00,8.27032981036145,8.270664203855697,-8.812010293309433e-06,1.3260190503609843,0.8840280439900492,-0.0130754080187773
2026-05-18 08:36:00,8.269812331027333,8.27015339717529,-8.208921327046425e-06,1.3258055141026284,0.883964164231806,-0.012180534540077592
2026-05-18 08:37:00,8.269331394494786,8.269679133296451,-7.593916907729555e-06,1.3256072540992936,0.8839048543929063,-0.01126798071316879
2026-05-18 08:38:00,8.268887715690983,8.269242127146363,-6.966997035373624e-06,1.3254245692172277,0.8838502038797295,-0.010337746538072854
2026-05-18 08:39:00,8.26848200954312,8.268843093652206,-6.3281617099638275e-06,1.3252577583226772,0.8838003020986537,-0.009389832014767821
2026-05-18 08:40:00,8.26811499097837,8.268482747741167,-5.677410931500167e-06,1.3251071202818905,0.8837552384560583,-0.008424237143253691
2026-05-18 08:41:00,8.26778737492392,8.268161804340426,-5.01474469996784e-06,1.324972953961114,0.8837151023583223,-0.0074409619235085
2026-05-18 08:42:00,8.267499876306953,8.267880978377171,-4.340163015396451e-06,1.3248555582265964,0.8836799832118246,-0.006440006355576174
2026-05-18 08:43:00,8.267253210054651,8.267640984778579,-3.6536658777711986e-06,1.3247552319445828,0.8836499704229437,-0.005421370439434753
2026-05-18 08:44:00,8.267048091094201,8.267442538471839,-2.955253287062476e-06,1.3246722739813233,0.8836251533980592,-0.0043850541750403045
2026-05-18 08:45:00,8.266885234352781,8.267286354384131,-2.244925243344298e-06,1.324606983203064,0.8836056215435497,-0.0033310575625026535
2026-05-18 08:46:00,8.26676535475758,8.267173147442637,-1.5226817465722556e-06,1.3245596584760513,0.8835914642657938,-0.0022593806017559047
2026-05-18 08:47:00,8.266689167235775,8.267103632574543,-7.885227967019404e-07,1.3245305986665332,0.8835827709711708,-0.0011700232927341645
2026-05-18 08:48:00,8.266657386714554,8.267078524707033,-4.2448393822169804e-08,1.324520102640759,0.8835796310660597,-6.29856355692214e-05
2026-05-18 08:49:00,8.266670728121099,8.267098538767284,7.155414621262679e-07,1.324528469264972,0.8835821339568388,0.0010617323698267837
2026-05-18 08:50:00,8.266729906382592,8.267164389682488,1.4854467711581757e-06,1.324555997405424,0.8835903690498882,0.002204130723475816
2026-05-18 08:51:00,8.266835636426215,8.267276792379823,2.2672675331995387e-06,1.3246029859283597,0.8836044257515858,0.0033642094252680508
2026-05-18 08:52:00,8.266988633179153,8.267436461786472,3.061003748309569e-06,1.3246697337000268,0.8836243934683109,0.0045419684752913475
2026-05-18 08:53:00,8.267189611568591,8.26764411282962,3.866504914048127e-06,1.3247565395866732,0.8836503616064422,0.005737184555511894
2026-05-18 08:54:00,8.267439286521713,8.267900442376158,4.682868015966809e-06,1.32486369490467,0.8836824173137998,0.006948517758012343
2026-05-18 08:55:00,8.267738372965695,8.268206056991536,5.508437527460922e-06,1.3249914532210154,0.8837206364454102,0.00817351158477218
2026-05-18 08:56:00,8.268087585827725,8.268561454879453,6.341407419559649e-06,1.3251400228034513,0.8837650813049455,0.009409486219846894
2026-05-18 08:57:00,8.26848764003499,8.268967025881883,7.179971663292169e-06,1.3253095666204737,0.883815800644726,0.010653761847291976
2026-05-18 08:58:00,8.26893925051467,8.269423051479048,8.022324229687664e-06,1.3255002023413218,0.8838728296657178,0.011903658651162918
2026-05-18 08:59:00,8.269443132193944,8.269929704789446,8.86665908979012e-06,1.325712002335989,0.8839361900175353,0.013156496815537174
2026-05-18 09:00:00,8.27,8.270487050569823,9.711170214584304e-06,1.3259449936752128,0.884005889798439,0.01440959652440434
2026-05-18 09:01:00,8.270610297955674,8.271095045215196,1.0554051575099403e-05,1.326199158130482,0.8840819235553362,0.015660277961819912
2026-05-18 09:02:00,8.271273386466417,8.271753536758835,1.1393497142379398e-05,1.326474432174032,0.8841642722837816,0.01690586131186134
2026-05-18 09:03:00,8.271988355033331,8.272462264872281,1.2227700887453471e-05,1.3267707069788501,0.8842529034279772,0.018143666758584115
2026-05-18 09:04:00,8.272754293157524,8.27322086086533,1.305485678129159e-05,1.3270878284186687,0.8843477708807708,0.01937101448595587
2026-05-18 09:05:00,8.2735702903401,8.274028847686036,1.387315879498215e-05,1.3274255970679696,0.8844488149836581,0.02058522467811996
2026-05-18 09:06:00,8.274435436082163,8.274885639920727,1.4680800899524726e-05,1.3277837682019862,0.8845559625267817,0.021783617519087937
2026-05-18 09:07:00,8.275348819884817,8.27579054379398,1.5475977065933694e-05,1.3281620517966966,0.8846691267489307,0.02296351319289333
2026-05-18 09:08:00,8.276309531249165,8.27674275716864,1.625703176767838e-05,1.3285601125288307,0.8847882073375418,0.024122455201625453
2026-05-18 09:09:00,8.277316659676318,8.2777413876061,1.7023061990206757e-05,1.3289775773257404,0.8849130926872568,0.025259103637213204
2026-05-18 09:10:00,8.278369294667373,8.278785524607464,1.77739172311675e-05,1.3294140655649014,0.8850436689341588,0.026373235181754547
2026-05-18 09:11:00,8.279466525723441,8.27987425767384,1.8509597490545814e-05,1.3298691966237939,0.8851798222143318,0.027464849835227536
2026-05-18 09:12:00,8.280607442345618,8.28100667630633,1.923010276831209e-05,1.3303425898798922,0.885321438663858,0.02853394759758823
2026-05-18 09:13:00,8.281791134035018,8.282181870006038,1.9935433064510733e-05,1.3308338647106752,0.8854684044188216,0.029580528468902523
2026-05-18 09:14:00,8.28301669029274,8.283398928274071,2.062558837911214e-05,1.3313426404936195,0.8856206056153053,0.030604592449126486
2026-05-18 09:15:00,8.284283200619893,8.284656940611532,2.1300568712116313e-05,1.3318685366062026,0.885777928389393,0.03160613953826013
2026-05-18 09:16:00,8.285589754517577,8.285954996519525,2.196037406353805e-05,1.3324111724259013,0.8859402588771674,0.0325851697363254
2026-05-18 09:17:00,8.286935441486897,8.287292185499156,2.2605004433362553e-05,1.3329701673301935,0.8861074832147121,0.033541683043300345
2026-05-18 09:18:00,8.28831935102896,8.288667597051528,2.323445982158982e-05,1.333545140696555,0.8862794875381099,0.03447567945918496
2026-05-18 09:19:00,8.28974057264487,8.290080320677747,2.384874022823465e-05,1.3341357119024642,0.8864561579834447,0.035387158984001216
2026-05-18 09:20:00,8.291198195835731,8.291529445878917,2.444784565329705e-05,1.3347415003253975,0.8866373806867993,0.03627612161774911
2026-05-18 09:21:00,8.292691310102647,8.293014062156143,2.5031776096762216e-05,1.3353621253428332,0.8868230417842573,0.03714256736040668
2026-05-18 09:22:00,8.294219004946724,8.294533259010528,2.5600531558630143e-05,1.3359972063322472,0.8870130274119018,0.03798649621197391
2026-05-18 09:23:00,8.295780369869068,8.296086125943178,2.6154112038915638e-05,1.3366463626711174,0.8872072237058161,0.03880790817247278
2026-05-18 09:24:00,8.297374494370775,8.297671752455198,2.66925175376187e-05,1.3373092137369207,0.8874055168020836,0.03960680324190329
2026-05-18 09:25:00,8.29900046795296,8.299289228047693,2.7215748054724524e-05,1.337985378907135,0.8876077928367873,0.040383181420243476
2026-05-18 09:26:00,8.300657380116721,8.300937642221765,2.7723803590233112e-05,1.3386744775592367,0.8878139379460108,0.041137042707493326
2026-05-18 09:27:00,8.302344320363169,8.30261608447852,2.8216684144159268e-05,1.3393761290707034,0.8880238382658372,0.04186838710367481
2026-05-18 09:28:00,8.304060378193403,8.304323644319064,2.869438971648819e-05,1.3400899528190118,0.8882373799323499,0.04257721460876598
2026-05-18 09:29:00,8.305804643108527,8.3060594112445,2.9156920307219873e-05,1.3408155681816396,0.8884544490816318,0.04326352522276681
2026-05-18 09:30:00,8.30757620460965,8.30782247475593,2.9604275916383928e-05,1.3415525945360631,0.8886749318497664,0.043927318945721244
2026-05-18 09:31:00,8.309374152197877,8.309611924354465,3.0036456543950744e-05,1.3423006512597613,0.8888987143728374,0.04456859577758535
2026-05-18 09:32:00,8.311197575374306,8.311426849541204,3.0453462189905524e-05,1.3430593577302097,0.8891256827869274,0.045187355718337166
2026-05-18 09:33:00,8.313045563640049,8.313266339817254,3.085529285429267e-05,1.3438283333248857,0.88935572322812,0.04578359876804258
2026-05-18 09:34:00,8.314917206496203,8.31512948468372,3.1241948537097386e-05,1.3446071974212674,0.8895887218324985,0.046357324926679634
2026-05-18 09:35:00,8.316811593443878,8.317015373641706,3.1613429238290064e-05,1.3453955693968316,0.8898245647361462,0.0469085341942044
2026-05-18 09:36:00,8.318727813984179,8.318923096192314,3.19697349579003e-05,1.3461930686290546,0.8900631380751461,0.04743722657066078
2026-05-18 09:37:00,8.32066495761821,8.320851741836654,3.231086569592812e-05,1.3469993144954153,0.8903043279855819,0.04794340205604882
2026-05-18 09:38:00,8.32262211384707,8.322800400075826,3.263682145234389e-05,1.3478139263733895,0.8905480206035365,0.048427060650324566
2026-05-18 09:39:00,8.32459837217187,8.324768160410935,3.2947602227177226e-05,1.3486365236404543,0.8907941020650935,0.04888820235353194
2026-05-18 09:40:00,8.326592822093716,8.326754112343087,3.324320802044293e-05,1.3494667256740873,0.8910424585063357,0.049326827165692914
2026-05-18 09:41:00,8.328604553113705,8.328757345373388,3.35236388321114e-05,1.3503041518517669,0.891292976063347,0.049742935086763564
2026-05-18 09:42:00,8.330632654732945,8.33077694900294,3.378889466216783e-05,1.3511484215509686,0.8915455408722102,0.05013652611672192
2026-05-18 09:43:00,8.332676216452546,8.332812012732848,3.403897551062703e-05,1.35199915414917,0.8918000390690087,0.05050760025558995
2026-05-18 09:44:00,8.334734327773605,8.334861626064216,3.42738813775186e-05,1.3528559690238477,0.8920563567898256,0.05085615750341158
2026-05-18 09:45:00,8.336806078197231,8.33692487849815,3.449361226282773e-05,1.3537184855524804,0.8923143801707447,0.05118219786016485
2026-05-18 09:46:00,8.338890557224524,8.339000859535755,3.4698168166539625e-05,1.3545863231125446,0.8925739953478488,0.05148572132582779
2026-05-18 09:47:00,8.340986854356593,8.341088658678135,3.4887549088654285e-05,1.3554591010815176,0.8928350884572215,0.0517667279004004
2026-05-18 09:48:00,8.343094059094543,8.343187365426393,3.5061755029171714e-05,1.3563364388368757,0.8930975456349457,0.052025217583882684
2026-05-18 09:49:00,8.345211260939477,8.345296069281636,3.5220785988106704e-05,1.357217955756097,0.8933612530171049,0.052261190376296604
2026-05-18 09:50:00,8.347337549392497,8.347413859744966,3.536464196545926e-05,1.3581032712166585,0.8936260967397824,0.05247464627764216
2026-05-18 09:51:00,8.349472013954712,8.349539826317491,3.549332296121458e-05,1.3589920045960378,0.8938919629390616,0.05266558528789739
2026-05-18 09:52:00,8.351613744127224,8.351673058500312,3.560682897537267e-05,1.359883775271711,0.8941587377510253,0.05283400740706229
2026-05-18 09:53:00,8.35376182941114,8.353812645794536,3.570516000794832e-05,1.3607782026211561,0.8944263073117572,0.052979912635158825
2026-05-18 09:54:00,8.35591535930756,8.355957677701266,3.578831605892674e-05,1.36167490602185,0.8946945577573405,0.053103300972165035
2026-05-18 09:55:00,8.358073423317592,8.358107243721607,3.585629712832272e-05,1.36257350485127,0.8949633752238583,0.05320417241810288
2026-05-18 09:56:00,8.360235110942341,8.360260433356665,3.590910321612147e-05,1.3634736184868932,0.895232645847394,0.0532825269729504
2026-05-18 09:57:00,8.36239951168291,8.362416336107541,3.594673432235259e-05,1.3643748663061968,0.895502255764031,0.05333836463675152
2026-05-18 09:58:00,8.364565715040404,8.364574041475347,3.5969190446971663e-05,1.3652768676866591,0.8957720911098526,0.05337168540944034
2026-05-18 09:59:00,8.366732810515927,8.366732638961178,3.5976471589993506e-05,1.3661792420057548,0.8960420380209415,0.05338248929103884
2026-05-18 10:00:00,8.368899887610583,8.368891218066146,3.596857775144772e-05,1.3670816086409638,0.896311982633382,0.05337077628159094
2026-05-18 10:01:00,8.37106603582548,8.371048868291352,3.5945508931304694e-05,1.3679835869697614,0.8965818110832563,0.05333654638105271
2026-05-18 10:02:00,8.373230344661721,8.373204679137903,3.5907265129564435e-05,1.3688847963696262,0.8968514095066485,0.05327979958942415
2026-05-18 10:03:00,8.375391903620407,8.3753577401069,3.585384634621214e-05,1.3697848562180337,0.8971206640396413,0.053200535906683305
2026-05-18 10:04:00,8.377549802202648,8.377507140699448,3.578525258129221e-05,1.3706833858924616,0.8973894608183182,0.053098755332896055
2026-05-18 10:05:00,8.379703129909547,8.379651970416655,3.570148383478984e-05,1.3715800047703879,0.8976576859787624,0.05297445786804044
2026-05-18 10:06:00,8.381850976242204,8.381791318759623,3.5602540106690243e-05,1.3724743322292894,0.8979252256570573,0.0528276435120945
2026-05-18 10:07:00,8.383992430701731,8.383924275229457,3.548842139700821e-05,1.3733659876466433,0.8981919659892863,0.0526583122650802
2026-05-18 10:08:00,8.386126582789228,8.386049929327264,3.5359127705728945e-05,1.374254590399927,0.8984577931115324,0.052466464126975566
2026-05-18 10:09:00,8.388252522005798,8.388167370554145,3.5214659032852445e-05,1.3751397598666173,0.8987225931598791,0.05225209909778061
2026-05-18 10:10:00,8.39036933785255,8.390275688411206,3.505501537839351e-05,1.3760211154241915,0.8989862522704095,0.052015217177517295
2026-05-18 10:11:00,8.392476119830585,8.392373972399552,3.488019674235214e-05,1.3768982764501267,0.8992486565792068,0.051755818366185605
2026-05-18 10:12:00,8.394571957441013,8.394461312020288,3.4690203124698724e-05,1.377770862321901,0.8995096922223548,0.05147390266374162
2026-05-18 10:13:00,8.396655940184932,8.396536796774516,3.448503452544808e-05,1.3786384924169894,0.8997692453359359,0.051169470070207314
2026-05-18 10:14:00,8.398727157563448,8.398599516163342,3.426469094464461e-05,1.379500786112871,0.900027202056034,0.05084252058564858
2026-05-18 10:15:00,8.400784699077672,8.400648559687873,3.40291723822291e-05,1.380357362787023,0.9002834485187324,0.05049305420997755
2026-05-18 10:16:00,8.402827654228698,8.40268301684921,3.3778478838216346e-05,1.3812078418169211,0.900537870860114,0.05012107094321618
2026-05-18 10:17:00,8.404855112517637,8.40470197714846,3.3512610312635974e-05,1.3820518425800439,0.9007903552162624,0.04972657078540843
2026-05-18 10:18:00,8.406866163445594,8.406704530086726,3.323156680545836e-05,1.3828889844538685,0.9010407877232609,0.04930955373651034
2026-05-18 10:19:00,8.408859896513672,8.408689765165114,3.29353483166687e-05,1.3837188868158716,0.9012890545171925,0.04887001979649996
2026-05-18 10:20:00,8.410835401222975,8.410656771884726,3.262395484629662e-05,1.3845411690435299,0.9015350417341406,0.04840796896542121
2026-05-18 10:21:00,8.41279176707461,8.41260463974667,3.22973863943569e-05,1.3853554505143215,0.9017786355101886,0.04792340124329607
2026-05-18 10:22:00,8.41472808356968,8.414532458252049,3.195564296080514e-05,1.3861613506057238,0.9020197219814196,0.04741631663005864
2026-05-18 10:23:00,8.416643440209288,8.416439316901966,3.1598724545670956e-05,1.3869584886952124,0.9022581872839167,0.04688671512575284
2026-05-18 10:24:00,8.418536926494541,8.41832430519753,3.122663114895434e-05,1.3877464841602667,0.9024939175537637,0.04633459673037868
2026-05-18 10:25:00,8.420407631926544,8.420186512639841,3.0839362770625674e-05,1.3885249563783624,0.9027267989270438,0.04575996144389222
2026-05-18 10:26:00,8.422254646006397,8.422025028730005,3.043691941071458e-05,1.3892935247269764,0.9029567175398396,0.0451628092663374
2026-05-18 10:27:00,8.424077058235211,8.423838942969127,3.0019301069221052e-05,1.390051808583587,0.903183559528235,0.04454314019771422
2026-05-18 10:28:00,8.425873958114085,8.425627344858311,2.958650774613029e-05,1.3907994273256707,0.9034072110283131,0.043900954238000715
2026-05-18 10:29:00,8.427644435144128,8.427389323898662,2.9138539441457095e-05,1.391536000330705,0.9036275581761571,0.043236251387218844
2026-05-18 10:30:00,8.429387578826443,8.429123969591286,2.8675396155201463e-05,1.3922611469761672,0.9038444871078507,0.04254903164536861
2026-05-18 10:31:00,8.431102478662131,8.430830371437287,2.8197077887333794e-05,1.3929744866395344,0.9040578839594768,0.041839295012406075
2026-05-18 10:32:00,8.4327882241523,8.432507618937766,2.770358463786889e-05,1.3936756386982831,0.9042676348671185,0.04110704148835322
2026-05-18 10:33:00,8.43444390479806,8.43415480159383,2.7194916406836355e-05,1.394364222529891,0.9044736259668592,0.04035227107325397
2026-05-18 10:34:00,8.436068610100504,8.435771008906586,2.6671073194221388e-05,1.3950398575118357,0.9046757433947824,0.03957498376708635
2026-05-18 10:35:00,8.437661429560748,8.437355330377137,2.613205499999438e-05,1.3957021630215942,0.9048738732869714,0.03877517956980643
2026-05-18 10:36:00,8.439221452679885,8.438906855506586,2.5577861824170137e-05,1.396350758436643,0.9050679017795091,0.037952858481436196
2026-05-18 10:37:00,8.44074776895903,8.440424673796038,2.5008493666778265e-05,1.3969852631344597,0.9052577150084791,0.037108020502019556
2026-05-18 10:38:00,8.44223946789928,8.4419078747466,2.4423950527789155e-05,1.3976052964925223,0.9054431991099646,0.03624066563151259
2026-05-18 10:39:00,8.443695639001744,8.443355547859372,2.3824232407217614e-05,1.3982104778883067,0.9056242402200486,0.035350793869937266
2026-05-18 10:40:00,8.445115371767526,8.444766782635465,2.3209339305034032e-05,1.3988004266992915,0.9058007244748151,0.03443840521724964
2026-05-18 10:41:00,8.44649775569773,8.446140668575977,2.2579271221268014e-05,1.3993747623029515,0.9059725380103463,0.033503499673493656
2026-05-18 10:42:00,8.447841880293458,8.447476295182017,2.193402815591957e-05,1.3999331040767669,0.9061395669627265,0.032546077238669306
2026-05-18 10:43:00,8.44914683505582,8.448772751954687,2.1273610108973885e-05,1.4004750713982121,0.9063016974680382,0.03156613791275463
2026-05-18 10:44:00,8.45041170948592,8.450029128395094,2.059801708046057e-05,1.4010002836447668,0.9064588156623655,0.030563681695793554
2026-05-18 10:45:00,8.451635593084857,8.451244514004342,1.9907249070320413e-05,1.401508360193907,0.906610807681791,0.02953870858769822
2026-05-18 10:46:00,8.45281757535374,8.452417998283533,1.9201306078597825e-05,1.401998920423109,0.906757559662398,0.028491218588534525
2026-05-18 10:47:00,8.453956745793672,8.453548670733774,1.8480188105307605e-05,1.4024715837098514,0.9068989577402701,0.02742121169832443
2026-05-18 10:48:00,8.455052193905756,8.45463562085617,1.774389515042015e-05,1.402925969431611,0.9070348880514905,0.02632868791702401
2026-05-18 10:49:00,8.4561030091911,8.455677938151824,1.6992427213935458e-05,1.4033616969658649,0.9071652367321423,0.025213647244633257
2026-05-18 10:50:00,8.457108281150807,8.456674712121842,1.622578429585353e-05,1.4037783856900903,0.9072898899183091,0.024076089681152178
2026-05-18 10:51:00,8.458067099285985,8.457625032267327,1.5443966396174365e-05,1.4041756549817639,0.9074087337460736,0.02291601522658077
2026-05-18 10:52:00,8.458978553097733,8.458527988089383,1.4646973514912769e-05,1.404553124218363,0.9075216543515193,0.021733423880941
2026-05-18 10:53:00,8.459841732087158,8.459382669089116,1.3834805652083541e-05,1.4049104127773653,0.9076285378707298,0.020528315644254832
2026-05-18 10:54:00,8.460655725755363,8.460188164767633,1.3007462807642274e-05,1.4052471400362483,0.9077292704397883,0.01930069051645637
2026-05-18 10:55:00,8.461419623603454,8.460943564626033,1.2164944981618574e-05,1.405562925372488,0.9078237381947777,0.018050548497589542
2026-05-18 10:56:00,8.462132515132536,8.461647958165427,1.1307252174012443e-05,1.4058573881635632,0.9079118272717819,0.016777889587654356
2026-05-18 10:57:00,8.462793489843715,8.462300434886915,1.043438438479427e-05,1.4061301477869497,0.9079934238068836,0.015482713786606874
2026-05-18 10:58:00,8.463401637238094,8.462900084291602,9.546341613993666e-06,1.4063808236201252,0.9080684139361663,0.01416502109449103
2026-05-18 10:59:00,8.463956046816778,8.463445995880594,8.643123861595825e-06,1.4066090350405664,0.9081366837957131,0.012824811511284858
2026-05-18 11:00:00,8.464455808080865,8.463937259154994,7.724731127630354e-06,1.4068144014257509,0.9081981195216074,0.011462085037032287
2026-05-18 11:01:00,8.464900010531471,8.46437296361591,6.791163412052844e-06,1.4069965421531567,0.9082526072499327,0.010076841671667423
2026-05-18 11:02:00,8.465287743669698,8.46475219876444,5.8424207148929e-06,1.407155076600259,0.9083000331167719,0.008669081415234195
2026-05-18 11:03:00,8.465618096996643,8.465074054101697,4.878503036165327e-06,1.4072896241445374,0.9083402832582088,0.007238804267754569
2026-05-18 11:04:00,8.465890160013416,8.46533761912878,3.899410375796109e-06,1.4073998041634677,0.9083732438103261,0.005786010229118722
2026-05-18 11:05:00,8.46610302222112,8.465541983346792,2.905142733874063e-06,1.407485236034526,0.9083988009092071,0.004310699299458439
2026-05-18 11:06:00,8.466255773120862,8.465686236256845,1.895700110369584e-06,1.4075455391351925,0.9084168406909356,0.002812871478729794
2026-05-18 11:07:00,8.466347502213743,8.465769467360037,8.710825052382631e-07,1.4075803328429417,0.9084272492915946,0.001292526766866891
2026-05-18 11:08:00,8.466377299000872,8.465790766157474,-1.687100814458849e-07,1.4075892365352516,0.908429912847267,-0.0002503348360204455
2026-05-18 11:09:00,8.466344252983351,8.465749222150263,-1.223677649727269e-06,1.4075718695896005,0.9084247174940367,-0.00181571332999811
2026-05-18 11:10:00,8.466247453662284,8.465643924839506,-2.2938201996354954e-06,1.4075278513834641,0.9084115493679867,-0.0034036087151100326
2026-05-18 11:11:00,8.46608599053878,8.465473963726307,-3.3791377311113515e-06,1.4074568012943192,0.9083902946051999,-0.005014020991268353
2026-05-18 11:12:00,8.465858953113933,8.465238428311773,-4.479630244154838e-06,1.4073583386996447,0.9083608393417603,-0.006646950158473072
2026-05-18 11:13:00,8.465565430888859,8.464936408097008,-5.5952977388251665e-06,1.4072320829769172,0.9083230697137508,-0.00830239621681205
2026-05-18 11:14:00,8.465204513364657,8.464566992583114,-6.726140215063126e-06,1.4070776535036125,0.9082768718572541,-0.009980359166197425
2026-05-18 11:15:00,8.464775290042434,8.4641292712712,-7.872157672883517e-06,1.4068946696572102,0.9082221319083548,-0.011680839006651162
2026-05-18 11:16:00,8.46427685042329,8.463622333662368,-9.033350112315948e-06,1.4066827508151856,0.9081587360031351,-0.013403835738217195
2026-05-18 11:17:00,8.463708284008337,8.463045269257723,-1.0209717533330812e-05,1.406441516355017,0.9080865702776787,-0.01514934936085159
2026-05-18 11:18:00,8.46306868029867,8.462397167558368,-1.1401259935942912e-05,1.4061705856541806,0.9080055208680687,-0.016917379874576314
2026-05-18 11:19:00,8.462357128795407,8.46167711806541,-1.2607977320122644e-05,1.4058695780901542,0.9079154739103885,-0.018707927279347437
2026-05-18 11:20:00,8.461572718999637,8.460884210279954,-1.3829869685914412e-05,1.4055381130404154,0.9078163155407214,-0.020520991575230848
2026-05-18 11:21:00,8.460714540412475,8.4600175337031,-1.5066937033303419e-05,1.40517580988244,0.9077079318951505,-0.022356572762204593
2026-05-18 11:22:00,8.459781682535024,8.459076177835957,-1.6319179362260054e-05,1.4047822879937066,0.9075902091097592,-0.024214670840224734
2026-05-18 11:23:00,8.458773234868385,8.458059232179629,-1.7586596672813924e-05,1.4043571667516916,0.9074630333206307,-0.0260952858093352
2026-05-18 11:24:00,8.457688286913669,8.45696578623522,-1.8869188964965032e-05,1.4039000655338727,0.9073262906638485,-0.027998417669535997
2026-05-18 11:25:00,8.45652592817197,8.455794929503833,-2.0166956238698575e-05,1.4034106037177265,0.9071798672754956,-0.02992406642080516
2026-05-18 11:26:00,8.455285248144405,8.454545751486576,-2.1479898494029353e-05,1.402888400680731,0.9070236492916556,-0.03187223206316465
2026-05-18 11:27:00,8.45396533633207,8.45321734168455,-2.2808015730957365e-05,1.4023330758003623,0.9068575228484111,-0.03384291459661446
2026-05-18 11:28:00,8.45256528223607,8.45180878959886,-2.415130794945301e-05,1.4017442484540983,0.9066813740818461,-0.03583611402111068
2026-05-18 11:29:00,8.451084175357517,8.450319184730615,-2.550977514954589e-05,1.4011215380194166,0.9064950891280438,-0.03785183033669722
2026-05-18 11:30:00,8.449521105197505,8.448747616580915,-2.6883417331236002e-05,1.4004645638737936,0.906298554123087,-0.03989006354337409
2026-05-18 11:31:00,8.447875161257148,8.447093174650867,-2.8272234494523354e-05,1.399772945394707,0.9060916552030596,-0.04195081364114129
2026-05-18 11:32:00,8.446145433037547,8.445354948441572,-2.967622663939314e-05,1.3990463019596329,0.9058742785040441,-0.04403408062997686
2026-05-18 11:33:00,8.444331010039802,8.44353202745414,-3.1095393765845356e-05,1.3982842529460502,0.9056463101621246,-0.04613986450988078
2026-05-18 11:34:00,8.442430981765023,8.441623501189671,-3.252973587390962e-05,1.3974864177314348,0.9054076363133838,-0.048268165280897
2026-05-18 11:35:00,8.440444437714314,8.43962845914927,-3.39792529635415e-05,1.396652415693264,0.9051581430939052,-0.050418982942959614
2026-05-18 11:36:00,8.438370467388781,8.437545990834046,-3.5443945034770626e-05,1.395781866209016,0.904897716639772,-0.05259231749611256
2026-05-18 11:37:00,8.436208160289524,8.435375185745098,-3.692381208759698e-05,1.3948743886561668,0.9046262430870675,-0.05478816894035583
2026-05-18 11:38:00,8.433956605917649,8.433115133383534,-3.841885412200578e-05,1.3939296024121943,0.9043436085718751,-0.05700653727566747
2026-05-18 11:39:00,8.431614893774263,8.430764923250457,-3.9929071138011805e-05,1.3929471268545752,0.9040496992302779,-0.059247422502069436
2026-05-18 11:40:00,8.42918211336047,8.428323644846973,-4.145446313560027e-05,1.391926581360787,0.9037444011983592,-0.06151082461953977
2026-05-18 11:41:00,8.426657354177372,8.425790387674185,-4.299503011478597e-05,1.390867585308307,0.9034276006122023,-0.06379674362810042
2026-05-18 11:42:00,8.424039705726077,8.423164241233199,-4.45507720755689e-05,1.389769758074612,0.9030991836078907,-0.06610517952775141
2026-05-18 11:43:00,8.421328257507687,8.420444295025117,-4.612168901791946e-05,1.388632719037179,0.9027590363215071,-0.06843613231844878
2026-05-18 11:44:00,8.418522099023308,8.417629638551048,-4.770778094186727e-05,1.3874560875734867,0.9024070448891355,-0.0707896020002365
2026-05-18 11:45:00,8.415620319774042,8.414719361312093,-4.93090478474271e-05,1.3862394830610105,0.9020430954468587,-0.0731655885731365
2026-05-18 11:46:00,8.412622009261,8.411712552809357,-5.092548973455458e-05,1.384982524877228,0.9016670741307599,-0.0755640920370829
2026-05-18 11:47:00,8.409526256985277,8.408608302543946,-5.255710660327928e-05,1.3836848323996174,0.9012788670769228,-0.07798511239211964
2026-05-18 11:48:00,8.406332152447986,8.405405700016964,-5.420389845358642e-05,1.3823460250056545,0.9008783604214303,-0.08042864963822473
2026-05-18 11:49:00,8.40303878515023,8.402103834729516,-5.5865865285490796e-05,1.380965722072818,0.9004654403003662,-0.08289470377542016
2026-05-18 11:50:00,8.399645244593108,8.398701796182705,-5.75430070989924e-05,1.3795435429785836,0.9000399928498131,-0.0853832748037059
2026-05-18 11:51:00,8.39615062027773,8.395198673877637,-5.923532389407645e-05,1.3780791071004295,0.8996019042058546,-0.08789436272306
2026-05-18 11:52:00,8.392554001705196,8.391593557315415,-6.094281567075773e-05,1.376572033815832,0.8991510605045739,-0.09042796753350446
2026-05-18 11:53:00,8.38885447837662,8.387885535997146,-6.266532714445105e-05,1.375021942502269,0.8986873478820543,-0.09298385882117872
2026-05-18 11:54:00,8.385051139793099,8.384073718058081,-6.440192660766009e-05,1.373428460326987,0.8982106548047027,-0.09556065410294184
2026-05-18 11:55:00,8.381143075455736,8.380157304804227,-6.615090593000694e-05,1.371791253406085,0.897720881390546,-0.09815581882641622
2026-05-18 11:56:00,8.377129374865639,8.37613560934648,-6.791040169655816e-05,1.3701100345942803,0.8972179417395527,-0.10076658802540774
2026-05-18 11:57:00,8.373009127523915,8.37200805660064,-6.967855049233584e-05,1.3683845634849106,0.8967017639336347,-0.10339019673365635
2026-05-18 11:58:00,8.368781422931663,8.3677741832874,-7.145348890236214e-05,1.366614646409935,0.8961722900366468,-0.10602387998490204
2026-05-18 11:59:00,8.364445350589989,8.363433637932356,-7.323335351165916e-05,1.364800136439933,0.8956294760943873,-0.10866487281288477
2026-05-18 12:00:00,8.36,8.358986180866001,-7.501628090529344e-05,1.362940933384105,0.8950732921345969,-0.11131041025141039
2026-05-18 12:01:00,8.355444740175045,8.354431684223721,-7.680040766831672e-05,1.3610369837902703,0.8945037221669587,-0.11395772733426285
2026-05-18 12:02:00,8.350780058177449,8.349770131945803,-7.858387038573629e-05,1.3590882809448688,0.8939207641830995,-0.11660405909516011
2026-05-18 12:03:00,8.346006720581782,8.345001619777433,-8.036480564258912e-05,1.3570948648729624,0.8933244301565888,-0.11924664056786413
2026-05-18 12:04:00,8.341125493962618,8.340126355268692,-8.21413500239269e-05,1.355056822338232,0.8927147460429388,-0.12188270678615878
2026-05-18 12:05:00,8.33613714489453,8.335144657774562,-8.391164011478658e-05,1.352974286842979,0.8920917517796048,-0.12450949278380603
2026-05-18 12:06:00,8.331042439952084,8.330056958454918,-8.567381250019027e-05,1.3508474386281255,0.8914555012859846,-0.12712423359454583
2026-05-18 12:07:00,8.325842145709856,8.324863800274539,-8.742600376517491e-05,1.3486765046732148,0.8908060624634196,-0.12972416425214012
2026-05-18 12:08:00,8.320537028742413,8.319565838003097,-8.916650577937743e-05,1.3464617586964094,0.8901435171951939,-0.13230675020423333
2026-05-18 12:09:00,8.315127855624333,8.314163819581013,-9.089438683531625e-05,1.344203513364722,0.8894679590162101,-0.13487060896770636
2026-05-18 12:10:00,8.30961539293018,8.308658511582859,-9.260949164839143e-05,1.341902089134936,0.888779483791695,-0.1374155101286768
2026-05-18 12:11:00,8.30400040723453,8.303050680583206,-9.431182021860293e-05,1.3395578064638356,0.8880781873868758,-0.13994145368714464
2026-05-18 12:12:00,8.298283665111951,8.297341093156627,-9.600137254595076e-05,1.3371709858082035,0.8873641656669794,-0.14244843964310985
2026-05-18 12:13:00,8.292465933137017,8.291530515877692,-9.767814863044973e-05,1.3347419476248237,0.8866375144972324,-0.14493646799659443
2026-05-18 12:14:00,8.286547977884297,8.285619715320973,-9.934214847211465e-05,1.3322710123704788,0.8858983297428616,-0.14740553874762033
2026-05-18 12:15:00,8.280530565928364,8.279609458061039,-0.0001009933720709159,1.3297585005019519,0.885146707269094,-0.14985565189614364
2026-05-18 12:16:00,8.27441446384379,8.273500510672463,-0.00010263181942683867,1.327204732476027,0.8843827429411563,-0.15228680744214237
2026-05-18 12:17:00,8.268200438205145,8.267293639729818,-0.00010425749053992739,1.3246100287494877,0.8836065326242757,-0.15469900538568243
2026-05-18 12:18:00,8.261889255587002,8.260989611807672,-0.00010587038541018204,1.3219747097791161,0.8828181721836784,-0.1570922457267638
2026-05-18 12:19:00,8.255481682563927,8.254589193480596,-0.00010747050403754343,1.3192990960216961,0.8820177574845915,-0.15946652846529866
2026-05-18 12:20:00,8.248978485710499,8.248093151323166,-0.00010905784642204116,1.316583507934012,0.8812053843922423,-0.16182185360133092
2026-05-18 12:21:00,8.242380431601282,8.241502251909951,-0.00011063241256373443,1.3138282659728466,0.8803811487718574,-0.16415822113494843
2026-05-18 12:22:00,8.235688286810854,8.234817261815518,-0.00011219420246254923,1.3110336905949813,0.879545146488663,-0.16647563106604135
2026-05-18 12:23:00,8.228902817913783,8.228038947614445,-0.00011374321611847075,1.3082001022572025,0.8786974734078868,-0.16877408339458774
2026-05-18 12:24:00,8.222024791484637,8.221168075881302,-0.00011527945353158782,1.3053278214162924,0.8778382253947556,-0.1710535781207194
2026-05-18 12:25:00,8.215054974097992,8.214205413190655,-0.00011680291470184123,1.3024171685290329,0.8769674983144955,-0.17331411524434845
2026-05-18 12:26:00,8.20799413232842,8.20715172611708,-0.00011831359962921617,1.2994684640522094,0.8760853880323342,-0.1755556947654529
2026-05-18 12:27:00,8.200843032750488,8.200007781235149,-0.00011981150831375705,1.296482028442604,0.8751919904134979,-0.17777831668409871
2026-05-18 12:28:00,8.193602441938772,8.19277434511943,-0.00012129664075544906,1.2934581821570001,0.8742874013232138,-0.17998198100026389
2026-05-18 12:29:00,8.186273126467837,8.185452184344495,-0.00012276899695426262,1.2903972456521813,0.8733717166267085,-0.18216668771390448
2026-05-18 12:30:00,8.17885585291226,8.178042065484918,-0.0001242285769102273,1.2872995393849314,0.8724450321892092,-0.18433243682506442
2026-05-18 12:31:00,8.171351387846613,8.170544755115268,-0.00012567538062334312,1.2841653838120328,0.8715074438759425,-0.18647922833374375
2026-05-18 12:32:00,8.16376049784546,8.162961019810117,-0.00012710940809359527,1.28099509939027,0.8705590475521354,-0.18860706223992044
2026-05-18 12:33:00,8.156083949483385,8.155291626144036,-0.00012853065932101338,1.277789006576425,0.8695999390830144,-0.1907159385436385
2026-05-18 12:34:00,8.148322509334944,8.147537340691596,-0.000129939134305553,1.2745474258272815,0.8686302143338065,-0.19280585724483196
2026-05-18 12:35:00,8.140476943974718,8.13969893002737,-0.00013133483304724378,1.2712706775996239,0.8676499691697389,-0.19487681834354478
2026-05-18 12:36:00,8.132548019977278,8.131777160725926,-0.00013271775554610048,1.267959082350234,0.8666592994560379,-0.19692882183979893
2026-05-18 12:37:00,8.12453650391719,8.123772799361838,-0.0001340879018020639,1.2646129605358958,0.8656583010579306,-0.19896186773350652
2026-05-18 12:38:00,8.11644316236903,8.115686612509679,-0.00013544527181519328,1.2612326326133938,0.8646470698406442,-0.20097595602475546
2026-05-18 12:39:00,8.108268761907368,8.107519366744015,-0.0001367898655854738,1.257818419039509,0.8636257016694048,-0.2029710867135238
2026-05-18 12:40:00,8.100014069106775,8.099271828639422,-0.00013812168311289064,1.2543706402710266,0.8625942924094397,-0.20494725979978948
2026-05-18 12:41:00,8.091679850541825,8.090944764770468,-0.0001394407243974586,1.2508896167647288,0.8615529379259758,-0.2069044752835745
2026-05-18 12:42:00,8.083266872787082,8.082538941711727,-0.00014074698943916292,1.2473756689773996,0.8605017340842396,-0.20884273316485696
2026-05-18 12:43:00,8.074775902417127,8.074055126037768,-0.0001420404782380184,1.243829117365822,0.8594407767494582,-0.2107620334436588
2026-05-18 12:44:00,8.066207706006523,8.065494084323165,-0.00014332119079401017,1.2402502823867798,0.8583701617868585,-0.21266237611995797
2026-05-18 12:45:00,8.057563050129847,8.056856583142487,-0.0001445891271071531,1.2366394844970559,0.8572899850616673,-0.21454376119377655
2026-05-18 12:46:00,8.048842701361668,8.048143389070306,-0.00014584428717744717,1.2329970441534337,0.8562003424391114,-0.2164061886651145
2026-05-18 12:47:00,8.040047426276555,8.039355268681193,-0.00014708667100487755,1.2293232818126962,0.8551013297844173,-0.2182496585339498
2026-05-18 12:48:00,8.031177991449086,8.030492988549721,-0.0001483162785894591,1.2256185179316277,0.8539930429628125,-0.22007417080030447
2026-05-18 12:49:00,8.022235163453825,8.021557315250458,-0.00014953310993117696,1.2218830729670103,0.8528755778395234,-0.22187972546415655
2026-05-18 12:50:00,8.013219708865345,8.01254901535798,-0.00015073716503004596,1.2181172673756286,0.8517490302797771,-0.22366632252552798
2026-05-18 12:51:00,8.004132394258221,8.003468855446853,-0.0001519284438860513,1.2143214216142644,0.8506134961488,-0.2254339619843968
2026-05-18 12:52:00,7.994973986207021,7.9943176020916535,-0.00015310694649920778,1.2104958561397032,0.8494690713118196,-0.22718264384078501
2026-05-18 12:53:00,7.985745251286317,7.985096021866948,-0.0001542726728695154,1.206640891408726,0.8483158516340622,-0.22891236809469256
2026-05-18 12:54:00,7.976446956070681,7.975804881347312,-0.00015542562299695196,1.202756847878118,0.8471539329807549,-0.23062313474608656
2026-05-18 12:55:00,7.967079867134684,7.9664449471073135,-0.00015656579688156185,1.1988440460046614,0.8459834112171246,-0.23231494379503284
2026-05-18 12:56:00,7.957644751052898,7.957016985721524,-0.00015769319452329326,1.1949028062451392,0.8448043822083976,-0.23398779524145452
2026-05-18 12:57:00,7.948142374399894,7.947521763764518,-0.0001588078159221684,1.1909334490563364,0.8436169418198016,-0.2356416890853846
2026-05-18 12:58:00,7.9385735037502405,7.937960047810864,-0.0001599096610781947,1.1869362948950346,0.8424211859165629,-0.23727662532683402
2026-05-18 12:59:00,7.92893890567851,7.928332604435135,-0.00016099872999137215,1.1829116642180186,0.8412172103639085,-0.23889260396580286
2026-05-18 13:00:00,7.919239346759277,7.918640200211899,-0.00016207502266169332,1.17885987748207,0.8400051110270651,-0.24048962500228005
2026-05-18 13:01:00,7.909475593567113,7.908883601715732,-0.0001631385390891434,1.1747812551439736,0.8387849837712597,-0.2420676884362436
2026-05-18 13:02:00,7.899648412676583,7.899063575521202,-0.00016418927927374464,1.1706761176605125,0.837556924461719,-0.24362679426772657
2026-05-18 13:03:00,7.889758570662265,7.889180888202882,-0.00016522724321549703,1.1665447854884698,0.8363210289636701,-0.2451669424967289
2026-05-18 13:04:00,7.879806834098723,7.8792363063353426,-0.00016625243091440052,1.1623875790846285,0.8350773931423395,-0.24668813312325055
2026-05-18 13:05:00,7.869793969560537,7.869230596493154,-0.00016726484237044036,1.1582048189057723,0.8338261128629542,-0.2481903661472696
2026-05-18 13:06:00,7.859720743622273,7.85916452525089,-0.00016826447758362396,1.1539968254086845,0.8325672839907413,-0.2496736415687971
2026-05-18 13:07:00,7.849587922858507,7.8490388591831195,-0.00016925133655395128,1.1497639190501485,0.8313010023909272,-0.2511379593878329
2026-05-18 13:08:00,7.8393962738438026,7.838854364864416,-0.00017022541928142973,1.1455064202869476,0.830027363928739,-0.25258331960438807
2026-05-18 13:09:00,7.829146563152736,7.828611808869348,-0.00017118672576605932,1.141224649575865,0.8287464644694035,-0.25400972221846263
2026-05-18 13:10:00,7.818839557359878,7.818311957772488,-0.00017213525600781783,1.1369189273736837,0.8274583998781475,-0.25541716723002356
2026-05-18 13:11:00,7.808476023039799,7.80795557814841,-0.0001730710100067201,1.1325895741371879,0.826163266020198,-0.25680565463909294
2026-05-18 13:12:00,7.798056726767072,7.797543436571682,-0.00017399398776278088,1.1282369103231604,0.8248611587607815,-0.2581751844456926
2026-05-18 13:13:00,7.787582435116269,7.787076299616876,-0.00017490418927598543,1.1238612563883845,0.8235521739651253,-0.25952575664980065
2026-05-18 13:14:00,7.777053914661958,7.776554933858564,-0.0001758016145463263,1.1194629327896437,0.822236407498456,-0.2608573712514061
2026-05-18 13:15:00,7.766471931978712,7.765980105871317,-0.0001766862635738183,1.1150422599837213,0.8209139552260003,-0.26217002825053093
2026-05-18 13:16:00,7.755837253641102,7.755352582229706,-0.00017755813635845404,1.1105995584274002,0.8195849130129851,-0.2634637276471641
2026-05-18 13:17:00,7.7451506462237,7.7446731295083024,-0.00017841723290022612,1.1061351485774646,0.8182493767246376,-0.2647384694412947
2026-05-18 13:18:00,7.734412876301074,7.7339425142816784,-0.00017926355319915674,1.1016493508906975,0.8169074422261844,-0.26599425363295565
2026-05-18 13:19:00,7.723624710447803,7.723161503124404,-0.00018009709725522367,1.0971424858238816,0.8155592053828521,-0.26723108022211395
2026-05-18 13:20:00,7.712786915238452,7.712330862611052,-0.00018091786506843437,1.0926148738338013,0.8142047620598679,-0.26844894920878065
2026-05-18 13:21:00,7.701900257247593,7.7014513593161915,-0.00018172585663880358,1.088066835377239,0.8128442081224586,-0.2696478605929777
2026-05-18 13:22:00,7.690965503049798,7.690523759814395,-0.00018252107196630913,1.083498690910978,0.8114776394358507,-0.27082781437467207
2026-05-18 13:23:00,7.679983419219639,7.679548830680234,-0.00018330351105095845,1.0789107608918023,0.8101051518652715,-0.27198881055387497
2026-05-18 13:24:00,7.668954772331686,7.66852733848828,-0.00018407317389273665,1.0743033657764949,0.8087268412759475,-0.2731308491305641
2026-05-18 13:25:00,7.657880328960513,7.657460049813106,-0.00018483006049167341,1.06967682602184,0.8073428035331061,-0.2742539301047837
2026-05-18 13:26:00,7.646760855680687,7.646347731229279,-0.00018557417084778352,1.0650314620846193,0.8059531345019734,-0.2753580534765556
2026-05-18 13:27:00,7.635597119066782,7.635191149311372,-0.00018630550496100037,1.0603675944216164,0.8045579300477763,-0.27644321924578097
2026-05-18 13:28:00,7.624389885693367,7.623991070633959,-0.00018702406283136093,1.0556855434896166,0.8031572860357424,-0.27750942741251466
2026-05-18 13:29:00,7.613139922135019,7.612748261771609,-0.00018772984445888745,1.050985629745401,0.801751298331098,-0.27855667797678973
2026-05-18 13:30:00,7.601847994966305,7.601463489298893,-0.0001884228498435503,1.046268173645754,0.80034006279907,-0.27958497093856216
2026-05-18 13:31:00,7.590514870761795,7.590137519790383,-0.00018910307898536426,1.0415334956474585,0.7989236753048851,-0.280594306297854
2026-05-18 13:32:00,7.579141316096062,7.578771119820649,-0.00018977053188432198,1.036781916207298,0.7975022317137703,-0.28158468405465414
2026-05-18 13:33:00,7.5677280975436805,7.567365055964264,-0.00019042520854041604,1.0320137557820557,0.7960758278909525,-0.2825561042089517
2026-05-18 13:34:00,7.556275981679216,7.555920094795799,-0.00019106710895365383,1.027229334828515,0.7946445597016585,-0.2835085667607577
2026-05-18 13:35:00,7.544785735077245,7.5444370028898255,-0.00019169623312403534,1.0224289738034598,0.7932085230111151,-0.28444207171007196
2026-05-18 13:36:00,7.533258124312333,7.532916546820915,-0.000192312581051568,1.017612993163673,0.7917678136845493,-0.2853566190569057
2026-05-18 13:37:00,7.521693915959057,7.521359493163637,-0.0001929161527362518,1.0127817133659376,0.7903225275871877,-0.28625220880125873
2026-05-18 13:38:00,7.510093876591985,7.509766608492565,-0.00019350694817807935,1.0079354548670372,0.7888727605842573,-0.2871288409431202
2026-05-18 13:39:00,7.49845877278569,7.498138659382268,-0.0001940849673770506,1.003074538123755,0.7874186085409849,-0.28798651548249
2026-05-18 13:40:00,7.486789371114743,7.486476412407319,-0.0001946502103331582,0.9981992835928744,0.7859601673225971,-0.2888252324193572
2026-05-18 13:41:00,7.4750864381537125,7.474780634142289,-0.00019520267704640216,0.9933100117311789,0.7844975327943212,-0.28964499175372177
2026-05-18 13:42:00,7.463350740477174,7.46305209116175,-0.00019574236751681944,0.9884070429954525,0.7830308008213841,-0.2904457934856387
2026-05-18 13:43:00,7.4515830446596985,7.4512915500402706,-0.00019626928174437303,0.9834906978424762,0.7815600672690117,-0.291227637615053
2026-05-18 13:44:00,7.439784117275854,7.439499777352426,-0.0001967834197290482,0.978561296729036,0.7800854280024322,-0.2919905241419427
2026-05-18 13:45:00,7.427954724900215,7.427677539672785,-0.00019728478147088926,0.9736191601119141,0.7786069788868715,-0.29273445306637375
2026-05-18 13:46:00,7.416095634107349,7.415825603575919,-0.0001977733669698815,0.9686646084478936,0.7771248157875567,-0.2934594243883242
2026-05-18 13:47:00,7.404207611471831,7.403944735636399,-0.00019824917622600265,0.9636979621937577,0.7756390345697145,-0.294165438107761
2026-05-18 13:48:00,7.392291423568231,7.392035702428799,-0.00019871220923926015,0.9587195418062908,0.7741497310985721,-0.2948524942246952
2026-05-18 13:49:00,7.380347836971119,7.380099270527688,-0.00019916246600969837,0.9537296677422757,0.7726570012393562,-0.29552059273919273
2026-05-18 13:50:00,7.368377618255071,7.368136206507635,-0.00019959994653725814,0.9487286604584944,0.7711609408572931,-0.2961697336511657
2026-05-18 13:51:00,7.3563815339946546,7.356147276943217,-0.00020002465082193943,0.9437168404117326,0.7696616458176107,-0.2967999169606141
2026-05-18 13:52:00,7.344360350764439,7.344133248409002,-0.00020043657886380887,0.9386945280587725,0.7681592119855353,-0.29741114266763674
2026-05-18 13:53:00,7.332314835138999,7.33209488747956,-0.00020083573066281463,0.9336620438563965,0.7666537352262933,-0.29800341077215675
2026-05-18 13:54:00,7.3202457536929035,7.320032960729464,-0.00020122210621894196,0.9286197082613892,0.7651453114051121,-0.29857672127415225
2026-05-18 13:55:00,7.308153873000727,7.307948234733287,-0.0002015957055322204,0.9235678417305339,0.7636340363872185,-0.2991310741736671
2026-05-18 13:56:00,7.296039959637038,7.295841476065598,-0.00020195652860266478,0.9185067647206135,0.7621200060378392,-0.29966646947072323
2026-05-18 13:57:00,7.283904780176411,7.283713451300967,-0.0002023045754302381,0.9134367976884108,0.760603316222201,-0.3001829071652658
2026-05-18 13:58:00,7.2717491011934134,7.271564927013969,-0.00020263984601494775,0.9083582610907106,0.759084062805531,-0.3006803872573058
2026-05-18 13:59:00,7.259573689262619,7.259396669779173,-0.00020296234035683074,0.903271475384295,0.7575623416530557,-0.3011589097468981
2026-05-18 14:00:00,7.247379310958596,7.24720944617115,-0.00020327205845583525,0.8981767610259471,0.7560382486300021,-0.30161847463396574
2026-05-18 14:01:00,7.23516673285592,7.235004022764473,-0.0002035690003119835,0.8930744384724518,0.7545118796015973,-0.3020590819185418
2026-05-18 14:02:00,7.2229367215291616,7.222781166133712,-0.00020385316592529031,0.887964828180591,0.7529833304330678,-0.30248073160064826
2026-05-18 14:03:00,7.210690043552888,7.210541642853438,-0.00020412455529573344,0.8828482506071486,0.7514526969896403,-0.30288342368025206
2026-05-18 14:04:00,7.198427465501674,7.198286219498224,-0.0002043831684233203,0.8777250262089078,0.7499200751365422,-0.30326715815736427
2026-05-18 14:05:00,7.18614975395009,7.18601566264264,-0.0002046290053080657,0.8725954754426521,0.748385560739,-0.3036319350320068
2026-05-18 14:06:00,7.173857675472709,7.173730738861256,-0.00020486206594994745,0.8674599187651642,0.7468492496622404,-0.30397775430414675
2026-05-18 14:07:00,7.1615519966441,7.161432214728646,-0.00020508235034895814,0.8623186766332284,0.7453112377714906,-0.3043046159737731
2026-05-18 14:08:00,7.149233484038836,7.149120856819381,-0.00020528985850512733,0.8571720695036276,0.7437716209319772,-0.30461252004092976
2026-05-18 14:09:00,7.136902904231487,7.136797431708031,-0.0002054845904184551,0.8520204178331451,0.7422304950089271,-0.30490146650561684
2026-05-18 14:10:00,7.124561023796624,7.124462705969166,-0.00020566654608891177,0.8468640420785637,0.7406879558675672,-0.3051714553677903
2026-05-18 14:11:00,7.112208609308821,7.112117446177361,-0.00020583572551651218,0.8417032626966678,0.7391440993731243,-0.30542248662747207
2026-05-18 14:12:00,7.099846427342646,7.099762418907185,-0.00020599212870126376,0.8365384001442399,0.7375990213908252,-0.3056545602846733
2026-05-18 14:13:00,7.087475244472671,7.08739839073321,-0.00020613575564315162,0.8313697748780638,0.7360528177858968,-0.30586767633937184
2026-05-18 14:14:00,7.075095827273468,7.075026128230006,-0.00020626660634219066,0.8261977073549228,0.734505584423566,-0.30606183479158977
2026-05-18 14:15:00,7.06270894231961,7.062646397972147,-0.00020638468079838083,0.8210225180316001,0.7329574171690595,-0.3062370356413271
2026-05-18 14:16:00,7.050315356185665,7.050259966534201,-0.00020648997901171474,0.8158445273648786,0.7314084118876042,-0.30639327888857276
2026-05-18 14:17:00,7.037915835446207,7.037867600490741,-0.00020658250098218496,0.8106640558115422,0.7298586644444269,-0.30653056453331584
2026-05-18 14:18:00,7.025511146675806,7.0254700664163385,-0.00020666224670979895,0.8054814238283741,0.7283082707047546,-0.3066488925755673
2026-05-18 14:19:00,7.013102056449034,7.013068130885565,-0.00020672921619456405,0.8002969518721578,0.7267573265338141,-0.3067482630153381
2026-05-18 14:20:00,7.000689331340461,7.000662560472991,-0.0002067834094364729,0.7951109603996762,0.7252059277968321,-0.3068286758526173
2026-05-18 14:21:00,6.98827373792466,6.988254121753188,-0.00020682482643552547,0.7899237698677132,0.7236541703590356,-0.30689013108740487
2026-05-18 14:22:00,6.975856042776199,6.975843581300728,-0.00020685346719172178,0.7847357007330515,0.7221021500856513,-0.3069326287197008
2026-05-18 14:23:00,6.9634370124696545,6.963431705690182,-0.00020686933170507664,0.7795470734524752,0.7205499628419063,-0.3069561687495271
2026-05-18 14:24:00,6.951017413579594,6.951019261496119,-0.0002068724199755604,0.7743582084827662,0.7189977044930268,-0.3069607511768398
2026-05-18 14:25:00,6.938598012680589,6.9386070152931145,-0.00020686273200318055,0.7691694262807098,0.7174454709042407,-0.3069463760016499
2026-05-18 14:26:00,6.926179576347212,6.926195733655737,-0.0002068402677879666,0.763981047303088,0.7158933579407739,-0.3069130432240013
2026-05-18 14:27:00,6.913762871154036,6.9137861831585585,-0.00020680502732988899,0.7587933920066846,0.7143414614678538,-0.3068607528438501
2026-05-18 14:28:00,6.901348663675629,6.90137913037615,-0.00020675701062896254,0.7536067808482827,0.7127898773507069,-0.3067895048612183
2026-05-18 14:29:00,6.888937720486564,6.888975341883083,-0.0002066962176851798,0.7484215342846655,0.7112387014545601,-0.30669929927609485
2026-05-18 14:30:00,6.876530808161409,6.876575584253929,-0.000206622648498526,0.7432379727726165,0.7096880296446404,-0.30659013608845787
2026-05-18 14:31:00,6.8641286932747425,6.86418062406326,-0.00020653630306903073,0.7380564167689198,0.7081379577861747,-0.3064620152983511
2026-05-18 14:32:00,6.851732142401129,6.851791227885645,-0.00020643718139667921,0.7328771867303573,0.7065885817443895,-0.3063149369057528
2026-05-18 14:33:00,6.839341922115143,6.839408162295658,-0.000206325283481464,0.7277006031137137,0.7050399973845122,-0.3061489009106519
2026-05-18 14:34:00,6.826958798991354,6.827032193867869,-0.00020620060932340737,0.7225269863757714,0.7034923005717691,-0.3059639073130813
2026-05-18 14:35:00,6.814583539604334,6.8146640891768495,-0.00020606315892249445,0.717356656973314,0.7019455871713872,-0.3057599561130191
2026-05-18 14:36:00,6.802216910528658,6.80230461479717,-0.00020591293227872526,0.7121899353631247,0.7003999530485934,-0.30553704731046527
2026-05-18 14:37:00,6.7898596783388925,6.7899545373034025,-0.00020574992939208502,0.7070271420019869,0.6988554940686145,-0.30529518090539787
2026-05-18 14:38:00,6.77751260960961,6.77761462327012,-0.0002055741502626033,0.7018685973466847,0.6973123060966775,-0.30503435689786085
2026-05-18 14:39:00,6.76517647091538,6.76528563927189,-0.00020538559489027274,0.6967146218540001,0.6957704849980091,-0.3047545752878431
2026-05-18 14:40:00,6.75285202883078,6.752968351883287,-0.00020518426327507852,0.6915655359807173,0.694230126637836,-0.30445583607532284
2026-05-18 14:41:00,6.740540049930375,6.740663527678881,-0.0002049701554170206,0.6864216601836193,0.6926913268813852,-0.3041381392602999
2026-05-18 14:42:00,6.728241300788738,6.728371933233245,-0.00020474327131612125,0.6812833149194902,0.6911541815938839,-0.30380148484280733
2026-05-18 14:43:00,6.715956547980443,6.716094335120946,-0.000204503610972373,0.6761508206451118,0.6896187866405582,-0.30344587282283414
2026-05-18 14:44:00,6.703686558080056,6.70383149991656,-0.00020425117438574631,0.6710244978172687,0.6880852378866357,-0.3030713032003363
2026-05-18 14:45:00,6.691432097662153,6.6915841941946566,-0.00020398596155628556,0.6659046668927441,0.6865536311973426,-0.30267777597537987
2026-05-18 14:46:00,6.679193933301306,6.6793531845298055,-0.00020370797248395374,0.6607916483283204,0.685024062437906,-0.30226529114790984
2026-05-18 14:47:00,6.666972831572082,6.667139237496582,-0.00020341720716877306,0.6556857625807827,0.6834966274735531,-0.30183384871795915
2026-05-18 14:48:00,6.654769559049053,6.654943119669553,-0.00020311366561075092,0.6505873301069123,0.6819714221695101,-0.30138344868553885
2026-05-18 14:49:00,6.642584882306795,6.642765597623292,-0.0002027973478098577,0.6454966713634938,0.6804485423910043,-0.3009140910506049
2026-05-18 14:50:00,6.6304195679198745,6.63060743793237,-0.00020246825376610822,0.64041410680731,0.6789280840032623,-0.30042577581317936
2026-05-18 14:51:00,6.6182743824628645,6.618469407171359,-0.00020212638347950987,0.6353399568951449,0.6774101428715112,-0.29991850297327316
2026-05-18 14:52:00,6.606150092510333,6.606352271914829,-0.00020177173695006266,0.630274542083781,0.6758948148609776,-0.2993922725308863
2026-05-18 14:53:00,6.594047464636859,6.5942567987373515,-0.0002014043818644081,0.625218182830002,0.6743821958368884,-0.29884718492058776
2026-05-18 14:54:00,6.581967265417008,6.5821837460911,-0.0002010247243425282,0.6201711961951254,0.6728723806487108,-0.2982838427499883
2026-05-18 14:55:00,6.569910261425353,6.570133831816248,-0.0002006335089376939,0.6151338822631377,0.6713654590671124,-0.2977033507996642
2026-05-18 14:56:00,6.5578772192364605,6.558107725018576,-0.00020023154788981757,0.6101065207452293,0.6698615147682022,-0.2971069142847603
2026-05-18 14:57:00,6.545868905424912,6.54610604606947,-0.00019981965343884115,0.6050893709797949,0.6683606253335307,-0.29649573842046567
2026-05-18 14:58:00,6.53388608656527,6.5341293666059155,-0.00019939863782469184,0.6000826719324311,0.6668628622500884,-0.2958710284219472
2026-05-18 14:59:00,6.521929529232108,6.522178209530507,-0.0001989693132873042,0.59508664219594,0.665368290910308,-0.2952339895043828
2026-05-18 15:00:00,6.51,6.510253049011439,-0.0001985324920666054,0.5901014799903249,0.6638769706120622,-0.2945858268829394
2026-05-18 15:01:00,6.498098143607526,6.498354310482514,-0.0001980889864025226,0.5851273631627951,0.6623889545586654,-0.2939277457727841
2026-05-18 15:02:00,6.486224117449309,6.486482370643136,-0.00019763960853496815,0.5801644491877614,0.6609042898588732,-0.2932609513890617
2026-05-18 15:03:00,6.474377957083986,6.474637557458318,-0.00019718517070389148,0.5752128751668408,0.6594230175268819,-0.2925866489469723
2026-05-18 15:04:00,6.462559698070188,6.462820150158669,-0.00019672648514923452,0.5702727578288503,0.6579451724823289,-0.2919060436617047
2026-05-18 15:05:00,6.4507693759665585,6.45103037924041,-0.00019626436411089484,0.5653441935298132,0.6564707835502926,-0.29122034074838193
2026-05-18 15:06:00,6.439007026331724,6.439268426465362,-0.00019579961982881441,0.5604272582529554,0.654999873461293,-0.2905307454221929
2026-05-18 15:07:00,6.427272684724322,6.427534424860952,-0.0001953330645429352,0.5555220076087066,0.6535324588512905,-0.28983846289832665
2026-05-18 15:08:00,6.415566386702985,6.41582845872021,-0.0001948654428065133,0.5506284768346991,0.6520685502616868,-0.2891445979573372
2026-05-18 15:09:00,6.403888167826355,6.404150571724171,-0.0001943971607395086,0.5457466841912365,0.6506081531550845,-0.2884497532068026
2026-05-18 15:10:00,6.392238063653061,6.392500799431469,-0.00019392828602859957,0.5408766445431549,0.6491512719783264,-0.2877540290813466
2026-05-18 15:11:00,6.380616109741738,6.380879177400739,-0.00019345881867378624,0.5360183727552909,0.6476979111782555,-0.2870574255809693
2026-05-18 15:12:00,6.369022341651021,6.369285741190614,-0.00019298875867503895,0.5311718836924806,0.646248075201714,-0.28635994270562665
2026-05-18 15:13:00,6.357456794939549,6.357720526359734,-0.00019251810603236515,0.5263371922195621,0.6448017684955453,-0.28566158045532963
2026-05-18 15:14:00,6.345919505165954,6.3461835684667305,-0.00019204686074579443,0.5215143132013711,0.6433589955065921,-0.2849623388301223
2026-05-18 15:15:00,6.334410507888869,6.334674903070239,-0.00019157502281531199,0.5167032615027443,0.641919760681697,-0.28426221782998257
2026-05-18 15:16:00,6.322929838666931,6.323194565728893,-0.0001911025922409104,0.511904051988518,0.6404840684677026,-0.28356121745489943
2026-05-18 15:17:00,6.311477533058776,6.3117425920013295,-0.00019062956902258973,0.5071166995235292,0.639051923311452,-0.28285933770487304
2026-05-18 15:18:00,6.300053626623037,6.300319017446182,-0.00019015595316036472,0.5023412189726145,0.637623329659788,-0.28215657857992527
2026-05-18 15:19:00,6.288658154918348,6.288923877622086,-0.00018968174465422056,0.4975776252006102,0.636198291959553,-0.28145294008003413
2026-05-18 15:20:00,6.277291153503347,6.277557208087676,-0.0001892069435041425,0.4928259330723533,0.6347768146575903,-0.28074842220517765
2026-05-18 15:21:00,6.265952657936665,6.266219044401589,-0.00018873154971016753,0.4880861574526809,0.6333589022007425,-0.2800430249554109
2026-05-18 15:22:00,6.25464270377694,6.254909422122456,-0.0001882555632722808,0.4833583132064283,0.6319445590358522,-0.27933674833071165
2026-05-18 15:23:00,6.243361326582808,6.243628376808915,-0.00018777898419047496,0.47864241519843326,0.6305337896097624,-0.2786295923310691
2026-05-18 15:24:00,6.232108561912899,6.232375944019599,-0.0001873018124647574,0.4739384782935314,0.6291265983693156,-0.27792155695649423
2026-05-18 15:25:00,6.22088444532585,6.221152159313144,-0.00018682404809512813,0.4692465173565603,0.6277229897613549,-0.277212642206987
2026-05-18 15:26:00,6.2096890123802995,6.209957058248183,-0.00018634569108157232,0.46456654725235547,0.6263229682327227,-0.2765028480825254
2026-05-18 15:27:00,6.198522298634878,6.198790676383355,-0.00018586674142409738,0.45989858284575513,0.6249265382302625,-0.27579217458312044
2026-05-18 15:28:00,6.187384339648224,6.187653049277292,-0.00018538719912272554,0.4552426390015945,0.6235337042008162,-0.27508062170880515
2026-05-18 15:29:00,6.176275170978967,6.176544212488628,-0.00018490706417742715,0.4505987305847107,0.6221444705912272,-0.2743681894595355
2026-05-18 15:30:00,6.165194828185746,6.165464201576,-0.00018442633658821705,0.4459668724599405,0.6207588418483381,-0.27365487783533354
2026-05-18 15:31:00,6.154143346827197,6.154413052098042,-0.00018394501635509523,0.4413470794921202,0.6193768224189916,-0.2729406868361992
2026-05-18 15:32:00,6.143120762461952,6.143390799613389,-0.00018346310347805428,0.43673936654608647,0.6179984167500305,-0.2722256164621215
2026-05-18 15:33:00,6.1321271106486455,6.132397479680676,-0.0001829805979570942,0.43214374848667614,0.6166236292882977,-0.27150966671310045
2026-05-18 15:34:00,6.121162426945914,6.121433127858538,-0.00018249749979222242,0.4275602401787259,0.615252464480636,-0.2707928375891471
2026-05-18 15:35:00,6.110226746912393,6.110497779705609,-0.00018201380898345368,0.4229888564870721,0.6138849267738881,-0.27007512909028325
2026-05-18 15:36:00,6.099320106106716,6.099591470780523,-0.00018152952553075844,0.4184296122765507,0.6125210206148964,-0.26935654121646513
2026-05-18 15:37:00,6.088442540087519,6.088714236641918,-0.00018104464943413667,0.4138825224119995,0.6111607504505044,-0.2686370739676927
2026-05-18 15:38:00,6.077594084413435,6.077866112848427,-0.00018055918069360318,0.4093476017582546,0.6098041207275545,-0.2679167273439879
2026-05-18 15:39:00,6.0667747746431,6.067047134958686,-0.00018007311930915795,0.404824865180153,0.6084511358928896,-0.26719550134535075
2026-05-18 15:40:00,6.055984646335151,6.056257338531328,-0.00017958646528080103,0.4003143275425307,0.6071018003933523,-0.26647339597178127
2026-05-18 15:41:00,6.045223735048221,6.0454967591249895,-0.00017909921860853235,0.3958160037102248,0.6057561186757856,-0.26575041122327936
2026-05-18 15:42:00,6.034492076340941,6.034765432298304,-0.00017861137929235196,0.39132990854807126,0.6044140951870319,-0.26502654709984513
2026-05-18 15:43:00,6.0237897057719545,6.024063393609907,-0.00017812294733224505,0.38685605692090724,0.6030757343739345,-0.26430180360145655
2026-05-18 15:44:00,6.0131166588998886,6.013390678618435,-0.000177633922728219,0.38239446369356944,0.6017410406833359,-0.26357618072812466
2026-05-18 15:45:00,6.002472971283383,6.002747322882521,-0.00017714430548028867,0.3779451437308945,0.6004100185620789,-0.26284967847987145
2026-05-18 15:46:00,5.991858678481069,5.9921333619608,-0.00017665409558844657,0.3735081118977185,0.5990826724570063,-0.26212229685668575
2026-05-18 15:47:00,5.981273816051584,5.981548831411907,-0.00017616329305268538,0.3690833830588785,0.5977590068149609,-0.2613940358585568
2026-05-18 15:48:00,5.970718419553562,5.970993766794478,-0.00017567189787301245,0.3646709720792109,0.5964390260827855,-0.2606648954854955
2026-05-18 15:49:00,5.96019252454564,5.960468203667146,-0.0001751799100494204,0.3602708938235523,0.5951227347073228,-0.2599348757374908
2026-05-18 15:50:00,5.949696166586448,5.949972177588547,-0.0001746873295819092,0.35588316315673957,0.5938101371354156,-0.2592039766145428
2026-05-18 15:51:00,5.939229381234624,5.939505724117317,-0.0001741941564704863,0.35150779494360934,0.5925012378139068,-0.2584721981166624
2026-05-18 15:52:00,5.928792204048805,5.929068878812089,-0.0001737003907151517,0.34714480404899795,0.5911960411896391,-0.2577395402438497
2026-05-18 15:53:00,5.918384670587622,5.918661677231499,-0.00017320603231589792,0.3427942053377422,0.5898945517094553,-0.2570060029960936
2026-05-18 15:54:00,5.908006816409712,5.908284154934181,-0.00017271108127273985,0.33845601367467876,0.5885967738201983,-0.2562715863734161
2026-05-18 15:55:00,5.897658677073707,5.89793634747877,-0.00017221553758566265,0.33413024392464363,0.5873027119687104,-0.25553629037579534
2026-05-18 15:56:00,5.887340288138248,5.887618290423902,-0.00017171940125465895,0.3298169109524743,0.586012370601835,-0.25480011500322025
2026-05-18 15:57:00,5.877051685161965,5.877330019328211,-0.0001712226722797509,0.3255160296230071,0.5847257541664145,-0.2540630602557237
2026-05-18 15:58:00,5.866792903703495,5.8670715697503315,-0.0001707253506609237,0.32122761480107836,0.5834428671092918,-0.2533251261332839
2026-05-18 15:59:00,5.856563979321469,5.8568429772489,-0.00017022743639818482,0.3169516813515252,0.5821637138773098,-0.2525863126359117
2026-05-18 16:00:00,5.846364947574526,5.846644277382549,-0.0001697289294915416,0.31268824413918356,0.5808882989173111,-0.25184661976361816
2026-05-18 16:01:00,5.836195844021301,5.836475505709915,-0.00016922982994097187,0.30843731802889024,0.5796166266761384,-0.2511060475163702
2026-05-18 16:02:00,5.826056704220426,5.826336697789633,-0.0001687301377464756,0.30419891788548226,0.5783487016006348,-0.25036459589416804
2026-05-18 16:03:00,5.815947563730539,5.816227889180338,-0.00016822985290807502,0.2999730585737964,0.577084528137643,-0.24962226489704445
2026-05-18 16:04:00,5.805868458110271,5.806149115440664,-0.0001677289754257627,0.2957597549586686,0.5758241107340056,-0.24887905452498849
2026-05-18 16:05:00,5.795819422918262,5.796100412129246,-0.00016722750529953866,0.291559021904936,0.5745674538365655,-0.24813496477800018
2026-05-18 16:06:00,5.785800493713142,5.786081814804719,-0.0001667254425293955,0.2873708742774345,0.5733145618921655,-0.24738999565606853
2026-05-18 16:07:00,5.77581170605355,5.776093359025719,-0.00016622278711534062,0.2831953269410017,0.5720654393476482,-0.24664414715920452
2026-05-18 16:08:00,5.765853095498118,5.766135080350878,-0.00016571953905736663,0.2790323947604731,0.5708200906498565,-0.2458974192873972
2026-05-18 16:09:00,5.755924697605482,5.756207014338835,-0.0001652156983554735,0.2748820926006865,0.5695785202456334,-0.24514981204064648
2026-05-18 16:10:00,5.7460265479342745,5.746309196548221,-0.00016471126500968344,0.2707444353264777,0.5683407325818214,-0.2444013254189854
2026-05-18 16:11:00,5.7361586820431345,5.736441662537673,-0.00016420623901995944,0.2666194378026832,0.5671067321052633,-0.24365195942235898
2026-05-18 16:12:00,5.7263211354906955,5.726604447865826,-0.00016370062038632374,0.2625071148941406,0.5658765232628021,-0.24290171405080022
2026-05-18 16:13:00,5.716513943835593,5.716797588091314,-0.00016319440910878374,0.2584074814656855,0.5646501105012803,-0.24215058930432012
2026-05-18 16:14:00,5.706737142636458,5.707021118772772,-0.00016268760518731718,0.25432055238215495,0.5634274982675409,-0.24139858518288565
2026-05-18 16:15:00,5.69699076745193,5.697275075468836,-0.0001621802086219389,0.2502463425083857,0.5622086910084266,-0.24064570168651883
2026-05-18 16:16:00,5.687274853840641,5.6875594937381395,-0.0001616722194126415,0.2461848667092141,0.5609936931707802,-0.23989193881520868
2026-05-18 16:17:00,5.6775894373612275,5.677874409139319,-0.0001611636375594398,0.24213613984947724,0.5597825092014446,-0.23913729656897717
2026-05-18 16:18:00,5.667934553572323,5.668219857231007,-0.00016065446306232634,0.23810017679401074,0.5585751435472622,-0.23838177494781326
2026-05-18 16:19:00,5.658310238032563,5.65859587357184,-0.00016014469592127897,0.23407699240765206,0.5573716006550762,-0.23762537395168407
2026-05-18 16:20:00,5.648716526300584,5.649002493720453,-0.00015963433613633466,0.23006660155523792,0.5561718849717293,-0.23686809358064448
2026-05-18 16:21:00,5.639153453935018,5.63943975323548,-0.00015912338370747866,0.22606901910160396,0.5549760009440641,-0.23610993383467255
2026-05-18 16:22:00,5.629621056494503,5.629907687675556,-0.0001586118386346887,0.2220842599115876,0.5537839530189234,-0.23535089471373524
2026-05-18 16:23:00,5.620119369537672,5.620406332599317,-0.00015809970091799444,0.21811233885002557,0.5525957456431502,-0.23459097621787664
2026-05-18 16:24:00,5.610648428623159,5.6109357235653965,-0.00015758697055738105,0.2141532707817539,0.5514113832635871,-0.23383017834707465
2026-05-18 16:25:00,5.601208269309602,5.601495896132431,-0.00015707364755284853,0.21020707057160998,0.550230870327077,-0.23306850110132935
2026-05-18 16:26:00,5.591798927155632,5.592086885859055,-0.0001565597319044265,0.20627375308442986,0.5490542112804626,-0.23230594448068462
2026-05-18 16:27:00,5.582420437719886,5.5827087283039,-0.00015604522361207057,0.2023533331850495,0.5478814105705865,-0.23154250848507463
2026-05-18 16:28:00,5.573072836560997,5.573361459025606,-0.00015553012267579546,0.19844582573830707,0.5467124726442919,-0.23077819311452122
2026-05-18 16:29:00,5.563756159237606,5.564045113582805,-0.00015501442909561606,0.1945512456090379,0.5455474019484212,-0.23001299836904646
2026-05-18 16:30:00,5.55447044130834,5.554759727534132,-0.00015449814287151012,0.19066960766207935,0.5443862029298175,-0.2292469242486174
2026-05-18 16:31:00,5.545215718331839,5.545505336438223,-0.00015398126400349986,0.18680092676226784,0.5432288800353234,-0.22847997075326693
2026-05-18 16:32:00,5.535992025866735,5.536281975853712,-0.0001534637924915705,0.18294521777443967,0.5420754377117817,-0.22771213788297318
2026-05-18 16:33:00,5.526799399471667,5.527089681339235,-0.00015294572833572938,0.179102495563432,0.5409258804060352,-0.226943425637747
2026-05-18 16:34:00,5.5176378747052635,5.517928488453425,-0.00015242707153597656,0.17527277499408078,0.5397802125649267,-0.22617383401758848
2026-05-18 16:35:00,5.508507487126166,5.508798432754918,-0.0001519078220923046,0.1714560709312231,0.5386384386352989,-0.22540336302248665
2026-05-18 16:36:00,5.499408272293003,5.499699549802348,-0.00015138798000470614,0.1676523982396953,0.5375005630639946,-0.22463201265243046
2026-05-18 16:37:00,5.4903402657644165,5.490631875154353,-0.00015086754527320333,0.1638617717843349,0.5363665902978568,-0.2238597829074529
2026-05-18 16:38:00,5.481303503099034,5.481595444369564,-0.00015034651789778882,0.16008420642997706,0.535236524783728,-0.22308667378754302
2026-05-18 16:39:00,5.472298019855497,5.472590293006618,-0.00014982489787845516,0.15631971704145967,0.5341103709684512,-0.22231268529268974
2026-05-18 16:40:00,5.463323851592435,5.463616456624149,-0.0001493026852152172,0.15256831848361835,0.532988133298869,-0.22153781742291512
2026-05-18 16:41:00,5.454381033868486,5.454673970780792,-0.0001487798799080453,0.14883002562129016,0.5318698162218242,-0.2207620701781752
2026-05-18 16:42:00,5.445469602242284,5.445762871035184,-0.00014825648195696908,0.1451048533193122,0.5307554241841598,-0.21998544355851388
2026-05-18 16:43:00,5.436589592272465,5.436883192945956,-0.00014773249136198116,0.1413928164425201,0.5296449616327181,-0.21920793756392024
2026-05-18 16:44:00,5.427741039517662,5.428034972071746,-0.00014720790812307408,0.1376939298557513,0.5285384330143426,-0.2184295521943832
2026-05-18 16:45:00,5.418923979536512,5.419218243971187,-0.0001466827322402553,0.1340082084238418,0.5274358427758755,-0.21765028744991385
2026-05-18 16:46:00,5.410138447887647,5.410433044202915,-0.0001461569637135248,0.13033566701162871,0.5263371953641598,-0.21687014333051213
2026-05-18 16:47:00,5.401384480129705,5.401679408325564,-0.00014563060254287516,0.126676320483948,0.5252424952260382,-0.21608911983616705
2026-05-18 16:48:00,5.392662111821318,5.39295737189777,-0.000145103648728299,0.1230301837056371,0.5241517468083535,-0.21530721696686766
2026-05-18 16:49:00,5.383971378521123,5.384266970478168,-0.0001445761022698185,0.11939727154153242,0.5230649545579487,-0.21452443472264687
2026-05-18 16:50:00,5.375312315787755,5.375608239625392,-0.0001440479631674189,0.11577759885647025,0.5219821229216662,-0.21374077310348277
2026-05-18 16:51:00,5.366684959179848,5.366981214898078,-0.00014351923142111496,0.11217118051528774,0.5209032563463493,-0.21295623210939726
2026-05-18 16:52:00,5.358089344256037,5.358385931854858,-0.0001429899070308993,0.10857803138282048,0.5198283592788402,-0.2121708117403794
2026-05-18 16:53:00,5.349525506574956,5.34982242605437,-0.00014245998999675712,0.10499816632390593,0.518757436165982,-0.21138451199640723
2026-05-18 16:54:00,5.34099348169524,5.3412907330552475,-0.00014192948031869582,0.10143160020338045,0.5176904914546174,-0.21059733287749172
2026-05-18 16:55:00,5.332493305175528,5.332790888416127,-0.0001413983779967228,0.09787834788608113,0.5166275295915894,-0.20980927438364388
2026-05-18 16:56:00,5.324025012574449,5.324322927695641,-0.00014086668303085284,0.09433842423684395,0.5155685550237404,-0.20902033651488558
2026-05-18 16:57:00,5.315588639450642,5.315886886452424,-0.00014033439542104897,0.09081184412050528,0.5145135721979134,-0.20823051927116204
2026-05-18 16:58:00,5.30718422136274,5.307482800245115,-0.00013980151516732598,0.08729862240190293,0.5134625855609514,-0.20743982265249514
2026-05-18 16:59:00,5.298811793869379,5.299110704632345,-0.00013926804226969866,0.08379877394587254,0.5124155995596967,-0.20664824665890683
2026-05-18 17:00:00,5.290471392529189,5.290770635172751,-0.0001387339767281596,0.08031231361725118,0.5113726186409925,-0.20585579129038617
2026-05-18 17:01:00,5.282163052900813,5.282462627424966,-0.00013819931854270145,0.07683925628087483,0.5103336472516813,-0.2050624565469222
2026-05-18 17:02:00,5.273886810542882,5.274186716947627,-0.00013766406771333154,0.07337961680158098,0.509298689838606,-0.20426824242852584
2026-05-18 17:03:00,5.26564270101403,5.265942939299366,-0.00013712822424004993,0.06993341004420521,0.5082677508486094,-0.20347314893519713
2026-05-18 17:04:00,5.257430759872892,5.257731330038821,-0.0001365917881228344,0.06650065087358502,0.5072408347285342,-0.20267717606690314
2026-05-18 17:05:00,5.249251022678103,5.249551924724626,-0.00013605475936170712,0.06308135415455711,0.5062179459252235,-0.20188032382367677
2026-05-18 17:06:00,5.241103524988301,5.241404758915416,-0.00013551713795669773,0.05967553475195784,0.5051990888855197,-0.20108259220556193
2026-05-18 17:07:00,5.232988302362116,5.233289868169822,-0.00013497892390774703,0.056283207530622444,0.5041842680562655,-0.20028398121247087
2026-05-18 17:08:00,5.224905390358187,5.225207288046486,-0.00013444011721487718,0.05290438735539025,0.5031734878843042,-0.19948449084443642
2026-05-18 17:09:00,5.2168548245351465,5.217157054104037,-0.00013390071787811042,0.04953908909109538,0.502166752816478,-0.19868412110149158
2026-05-18 17:10:00,5.208836640451629,5.209139201901113,-0.00013336072589740974,0.04618732760257605,0.5011640672996301,-0.19788287198358148
2026-05-18 17:11:00,5.200850873666273,5.201153766996348,-0.00013282014127281213,0.04284911775466823,0.5001654357806031,-0.19708074349076093
2026-05-18 17:12:00,5.192897559737709,5.193200784948376,-0.00013227896400428799,0.03952447441220828,0.4991708627062399,-0.1962777356229861
2026-05-18 17:13:00,5.184976734224573,5.185280291315833,-0.00013173719409184474,0.036213412440033656,0.4981803525233832,-0.1954738483802679
2026-05-18 17:14:00,5.177088432685501,5.177392321657354,-0.00013119483153549715,0.032915946702980356,0.4971939096788757,-0.19466908176262832
2026-05-18 17:15:00,5.169232690679129,5.169536911531574,-0.00013065187633523785,0.029632092065885088,0.4962115386195604,-0.19386343577005638
2026-05-18 17:16:00,5.16140954376409,5.161714096497126,-0.00013010832849105942,0.026361863393584213,0.49523324379227984,-0.1930569104025411
2026-05-18 17:17:00,5.153619027499018,5.1539239121126466,-0.00012956418800295447,0.023105275550914826,0.49425902964387697,-0.19224950566007154
2026-05-18 17:18:00,5.145861177442549,5.146166393936771,-0.0001290194548709452,0.019862343402713648,0.49328890062119457,-0.1914412215426806
2026-05-18 17:19:00,5.13813602915332,5.138441577528133,-0.0001284741290950242,0.01663308181381666,0.4923228611710754,-0.19063205805035724
2026-05-18 17:20:00,5.130443618189962,5.130749498445368,-0.00012792821067518408,0.013417505649060963,0.49136091574036206,-0.18982201518309058
2026-05-18 17:21:00,5.122783980111113,5.123090192247111,-0.00012738169961142484,0.0102156297732829,0.4904030687758976,-0.1890110929408806
2026-05-18 17:22:00,5.115157150475406,5.115463694491997,-0.00012683459590376127,0.007027469051319572,0.4894493247245248,-0.18819929132374918
2026-05-18 17:23:00,5.107563164841477,5.10787004073866,-0.00012628689955217857,0.003853038348006587,0.48849968803308613,-0.18738661033167445
2026-05-18 17:24:00,5.10000205876796,5.100309266545736,-0.00012573861055666934,0.0006923525281817836,0.4875541631484247,-0.18657304996464538
2026-05-18 17:25:00,5.09247386781349,5.092781407471859,-0.00012518972891726322,-0.0024545735433188576,0.4866127545173832,-0.18575861022270596
2026-05-18 17:26:00,5.084978627536704,5.085286499075664,-0.00012464025463393796,-0.005587725001658984,0.48567546658680427,-0.1849432911058232
2026-05-18 17:27:00,5.077516373496235,5.077824576915787,-0.00012409018770669354,-0.0087070869820015,0.4847423038035309,-0.184127092613997
2026-05-18 17:28:00,5.070087141250717,5.070395676550861,-0.00012353952813553743,-0.011812644619510055,0.48381327061440565,-0.18331001474723854
2026-05-18 17:29:00,5.062690966358786,5.062999833539522,-0.00012298827592046221,-0.014904383049347924,0.48288837146627156,-0.18249205750553674
2026-05-18 17:30:00,5.055327884379076,5.055637083440406,-0.00012243643106146784,-0.01798228740667838,0.48196761080597117,-0.18167322088889154
2026-05-18 17:31:00,5.047997930870224,5.048307461812146,-0.00012188399355856916,-0.021046342826664705,0.48105099308034754,-0.180853504897325
2026-05-18 17:32:00,5.040701141390864,5.041011004213377,-0.00012133096341175875,-0.024096534444470914,0.48013852273624313,-0.1800329095308261
2026-05-18 17:33:00,5.033437551499629,5.033747746202735,-0.00012077734062101441,-0.027132847395259917,0.479230204220501,-0.17921143478936188
2026-05-18 17:34:00,5.0262071967551565,5.026517723338856,-0.00012022312518636577,-0.03015526681419461,0.47832604197996387,-0.17838908067297632
2026-05-18 17:35:00,5.019010112716079,5.019320971180371,-0.00011966831710782018,-0.033163777836439395,0.4774260404614744,-0.1775658471816803
2026-05-18 17:36:00,5.011846334941034,5.012157525285917,-0.00011911291638534808,-0.03615836559715754,0.4765302041118753,-0.17674173431543
2026-05-18 17:37:00,5.004715898988656,5.0050274212141295,-0.00011855692301894205,-0.03913901523151194,0.4756385373780096,-0.1759167420742144
2026-05-18 17:38:00,4.9976188404175765,4.997930694523644,-0.0001180003370086317,-0.042105711874665525,0.4747510447067201,-0.17509087045807742
2026-05-18 17:39:00,4.990555194786434,4.990867380773094,-0.00011744315835441703,-0.04505844066178267,0.4738677305448493,-0.17426411946701906
2026-05-18 17:40:00,4.983524997653862,4.983837515521114,-0.00011688538705629063,-0.047997186728026275,0.47298859933924026,-0.17343648910102832
2026-05-18 17:41:00,4.976528284578495,4.976841134326339,-0.0001163270231142303,-0.050921935208560365,0.4721136555367354,-0.17260797936007227
2026-05-18 17:42:00,4.969565091118969,4.9698782727474065,-0.00011576806652825085,-0.053832671238546737,0.47124290358417803,-0.1717785902441729
2026-05-18 17:43:00,4.9626354528339185,4.962948966342949,-0.00011520851729838929,-0.056729379953150146,0.4703763479284107,-0.17094832175338512
2026-05-18 17:44:00,4.955739405281978,4.9560532506716,-0.00011464837542459379,-0.05961204648753424,0.46951399301627583,-0.170117173887632
2026-05-18 17:45:00,4.948876984021783,4.949191161291997,-0.00011408764090687917,-0.062480655976861185,0.4686558432946168,-0.16928514664693556
2026-05-18 17:46:00,4.942048224611969,4.942362733762774,-0.00011352631374525282,-0.06533519355629536,0.4678019032102759,-0.16845224003130674
2026-05-18 17:47:00,4.935253162611168,4.935568003642567,-0.00011296439393971476,-0.06817564436099931,0.46695217721009635,-0.16761845404074557
2026-05-18 17:48:00,4.9284918335780175,4.9288070064900085,-0.00011240188149027237,-0.07100199352613742,0.46610666974092047,-0.16678378867526303
2026-05-18 17:49:00,4.921764273071153,4.922079777863734,-0.00011183877639689607,-0.0738142261868726,0.4652653852495913,-0.1659482439348152
2026-05-18 17:50:00,4.915070516649207,4.915386353322381,-0.00011127507865960062,-0.07661232747836776,0.46442832818295177,-0.165111819819424
2026-05-18 17:51:00,4.908410599870815,4.908726768424582,-0.00011071078827840086,-0.07939628253578652,0.46359550298784447,-0.16427451632911144
2026-05-18 17:52:00,4.9017845582946125,4.902101058728973,-0.00011014590525329679,-0.08216607649429256,0.46276691411111215,-0.1634363334638775
2026-05-18 17:53:00,4.895192427479235,4.895509259794187,-0.00010958041033467165,-0.08492169448904952,0.46194256599959765,-0.16259724266081946
2026-05-18 17:54:00,4.888634242983316,4.888951409488812,-0.00010901418802496583,-0.08766312068957403,0.4611224633890185,-0.16175707254272967
2026-05-18 17:55:00,4.882110040365492,4.882427557231191,-0.0001084470265786323,-0.09039033443715486,0.46030661245946575,-0.1609155089180297
2026-05-18 17:56:00,4.875619855184394,4.875937766299376,-0.00010787869500052208,-0.09310330927920359,0.45949502112427903,-0.1600722090322603
2026-05-18 17:57:00,4.869163722998665,4.869482113831128,-0.00010730896229550849,-0.09580201296925767,0.45868769903004597,-0.15922683013099523
2026-05-18 17:58:00,4.862741679366931,4.863060690823915,-0.00010673759746842038,-0.09848640746697851,0.45788465755660274,-0.15837902945974233
2026-05-18 17:59:00,4.856353759847831,4.856673602134918,-0.000106164369524131,-0.10115644893815114,0.4570859098170341,-0.15752846426407532
2026-05-18 18:00:00,4.85,4.85032096648102,-0.00010558904746751362,-0.10381208775468675,0.4562914706576727,-0.1566747917895679
2026-05-18 18:01:00,4.843680470031344,4.844002916438816,-0.00010501140030339713,-0.10645326849462021,0.45550135665809965,-0.15581766928172797
2026-05-18 18:02:00,4.837395378746854,4.837719598444612,-0.00010443119703664738,-0.10907992994211031,0.45471558613114477,-0.15495675398611822
2026-05-18 18:03:00,4.831144969600795,4.831471172794418,-0.00010384820667213024,-0.11169200508744133,0.4539341791228858,-0.15409170314830145
2026-05-18 18:04:00,4.82492948604743,4.825257813643956,-0.00010326219821468937,-0.1142894211270215,0.4531571574126489,-0.15322217401380744
2026-05-18 18:05:00,4.8187491715410244,4.819079709008656,-0.00010267294066919803,-0.11687209946338345,0.4523845445130088,-0.1523478238282099
2026-05-18 18:06:00,4.81260426953584,4.812937060763653,-0.00010208020304051472,-0.11943995570518522,0.45161636566978824,-0.15146830983706067
2026-05-18 18:07:00,4.80649502348614,4.806830084643794,-0.00010148375433346087,-0.12199289966720847,0.45085264786205853,-0.15058328928585651
2026-05-18 18:08:00,4.800421676846187,4.800759010243637,-0.00010088338280251907,-0.12453083537035847,0.45009341980213957,-0.14969244798306297
2026-05-18 18:09:00,4.7943844730702505,4.794724078707492,-0.00010027897295011486,-0.12705366200731336,0.44933871164672423,-0.1487956145514504
2026-05-18 18:10:00,4.788383655612587,4.7887255334896235,-9.967050552664633e-05,-0.1295612778051027,0.44858855384138074,-0.14789276042813806
2026-05-18 18:11:00,4.782419467927464,4.782763618044294,-9.905798053213565e-05,-0.13205358099075837,0.4478429768316769,-0.14698388561315887
2026-05-18 18:12:00,4.776492153469143,4.776838575825767,-9.844139796654587e-05,-0.1345304697913111,0.4471020110631807,-0.14606899010645794
2026-05-18 18:13:00,4.770601955691891,4.770950650288309,-9.782075782989174e-05,-0.13699184243379092,0.44636568698146023,-0.14514807390805726
2026-05-18 18:14:00,4.764749118049968,4.76510008488618,-9.719606012219551e-05,-0.13943759714522927,0.44563403503208326,-0.14422113701798972
2026-05-18 18:15:00,4.7589338839976385,4.759287123073645,-9.656730484343493e-05,-0.14186763215265724,0.44490708566061776,-0.14328817943622243
2026-05-18 18:16:00,4.753156496989169,4.753512008304968,-9.593449199361004e-05,-0.1442818456831052,0.44418486931263185,-0.14234920116275537
2026-05-18 18:17:00,4.747417200478819,4.747774984034412,-9.529762157271342e-05,-0.1466801359636043,0.4434674164336933,-0.14140420219757754
2026-05-18 18:18:00,4.741716237920855,4.742076293716242,-9.465669358075987e-05,-0.1490624012211845,0.44275475746937043,-0.1404531825407109
2026-05-18 18:19:00,4.736053852769539,4.736416180804721,-9.401170801777159e-05,-0.15142853968287762,0.44204692286523084,-0.13949614219218842
2026-05-18 18:20:00,4.730430288479136,4.73079488875411,-9.336266488370418e-05,-0.15377844957571482,0.44134394306684244,-0.1385330811519442
2026-05-18 18:21:00,4.724845788503908,4.725212661018676,-9.270956417856505e-05,-0.1561120291267257,0.4406458485197735,-0.13756399941998926
2026-05-18 18:22:00,4.71930059629812,4.719669741052682,-9.20524059023838e-05,-0.15842917656294173,0.43995266966959184,-0.13658889699636745
2026-05-18 18:23:00,4.713794955316036,4.71416637231039,-9.139119005513082e-05,-0.16072979011139404,0.43926443696186535,-0.1356077738810349
2026-05-18 18:24:00,4.708329109011916,4.708702798246066,-9.072591663681351e-05,-0.16301376799911257,0.4385811808421622,-0.13462063007400257
2026-05-18 18:25:00,4.702903300840028,4.7032792623139725,-9.005658564745408e-05,-0.16528100845312885,0.43790293175605016,-0.13362746557530344
2026-05-18 18:26:00,4.697517774254634,4.697896007968372,-8.938319708703031e-05,-0.16753140970047398,0.4372297201490972,-0.13262828038490448
2026-05-18 18:27:00,4.6921727727099976,4.692553278663529,-8.870575095552743e-05,-0.1697648699681783,0.43656157646687127,-0.13162307450278382
2026-05-18 18:28:00,4.6868685396603835,4.6872513178537085,-8.802424725297501e-05,-0.17198128748327218,0.43589853115494054,-0.13061184792898534
2026-05-18 18:29:00,4.681605318560052,4.681990368993172,-8.733868597937307e-05,-0.17418056047278746,0.43524061465887276,-0.12959460066350906
2026-05-18 18:30:00,4.67638335286327,4.676770675536184,-8.66490671347068e-05,-0.17636258716375455,0.4345878574242359,-0.12857133270633297
2026-05-18 18:31:00,4.671202886024301,4.671592480937007,-8.595539071896882e-05,-0.1785272657832045,0.43394028989659794,-0.12754204405744615
2026-05-18 18:32:00,4.666064161497407,4.6664560286499075,-8.525765673217389e-05,-0.18067449455816734,0.433297942521527,-0.12650673471687052
2026-05-18 18:33:00,4.660967422736853,4.661361562129146,-8.455586517432944e-05,-0.1828041717156749,0.43266084574459074,-0.1254654046846171
2026-05-18 18:34:00,4.6559129131969,4.656309324828988,-8.385001604541328e-05,-0.18491619548275753,0.4320290300113574,-0.12441805396065292
2026-05-18 18:35:00,4.650900876331815,4.651299560203697,-8.314010934543278e-05,-0.187010464086446,0.43140252576739485,-0.12336468254498896
2026-05-18 18:36:00,4.64593155559586,4.646332511707536,-8.242614507439535e-05,-0.18908687575377103,0.4307813634582711,-0.1223052904376362
2026-05-18 18:37:00,4.6410051944432995,4.641408422794769,-8.17081232323084e-05,-0.1911453287117637,0.43016557352955404,-0.12123987763860564
2026-05-18 18:38:00,4.636122036328396,4.636527536919659,-8.098604381914972e-05,-0.19318572118745517,0.4295551864268115,-0.12016844414786432
2026-05-18 18:39:00,4.6312823247054125,4.631690097536471,-8.025990683494152e-05,-0.1952079514078754,0.42895023259561177,-0.11909098996544518
2026-05-18 18:40:00,4.6264863030286145,4.626896348099466,-7.952971227966898e-05,-0.1972119176000566,0.42835074248152244,-0.11800751509132626
2026-05-18 18:41:00,4.621734214752267,4.622146532062911,-7.879546015332473e-05,-0.19919751799102803,0.4277567465301118,-0.1169180195254966
2026-05-18 18:42:00,4.617026303330627,4.617440892881067,-7.805715045593835e-05,-0.20116465080782153,0.4271682751869476,-0.1158225032680001
2026-05-18 18:43:00,4.612362812217966,4.612779674008198,-7.731478318747283e-05,-0.20311321427746787,0.42658535889759785,-0.11472096631878186
2026-05-18 18:44:00,4.607743984868543,4.60816311889857,-7.65683583479578e-05,-0.205043106626997,0.42600802810763067,-0.11361340867788583
2026-05-18 18:45:00,4.603170064736624,4.603591471006443,-7.581787593737843e-05,-0.20695422608344116,0.4254363132626137,-0.11249983034529
2026-05-18 18:46:00,4.59864129527647,4.599064973786085,-7.506333595574214e-05,-0.20884647087382963,0.4248702448081153,-0.11138023132100539
2026-05-18 18:47:00,4.594157919942346,4.594583870691754,-7.430473840305632e-05,-0.21071973922519494,0.424309853189703,-0.11025461160504295
2026-05-18 18:48:00,4.589720182188517,4.590148405177718,-7.354208327928399e-05,-0.21257392936456673,0.423755168852945,-0.10912297119734783
2026-05-18 18:49:00,4.585328325469245,4.58575882069824,-7.277537058446212e-05,-0.21440893951897577,0.4232062222434094,-0.10798531009797487
2026-05-18 18:50:00,4.580982593238794,4.581415360707583,-7.200460031857592e-05,-0.2162246679154535,0.4226630438066639,-0.10684162830690214
2026-05-18 18:51:00,4.576683228951427,4.577118268660011,-7.12297724816476e-05,-0.21802101278102992,0.42212566398827683,-0.10569192582416256
2026-05-18 18:52:00,4.572430476061408,4.572867788009785,-7.045088707365495e-05,-0.21979787234273762,0.42159411323381546,-0.10453620264972323
2026-05-18 18:53:00,4.568224578023001,4.5686641622111726,-6.966794409457577e-05,-0.2215551448276055,0.4210684219888484,-0.10337445878355117
2026-05-18 18:54:00,4.564065778290471,4.564507634718436,-6.888094354446187e-05,-0.223292728462665,0.42054862069894344,-0.10220669422572327
2026-05-18 18:55:00,4.559954320318077,4.560398448985837,-6.808988542329105e-05,-0.22501052147494766,0.42003473980966843,-0.10103290897620656
2026-05-18 18:56:00,4.555890447560089,4.556336848467641,-6.72947697310411e-05,-0.22670842209148376,0.4195268097665913,-0.09985310303496814
2026-05-18 18:57:00,4.551874403470766,4.552323076618112,-6.64955964677342e-05,-0.2283863285393037,0.41902486101528025,-0.0986672764020409
2026-05-18 18:58:00,4.547906431504374,4.548357376891513,-6.56923656333704e-05,-0.23004413904543902,0.41852892400130304,-0.09747542907742487
2026-05-18 18:59:00,4.543986775115172,4.544439992742108,-6.488507722794968e-05,-0.23168175183692,0.4180390291702277,-0.09627756106112006
2026-05-18 19:00:00,4.54011567775743,4.540571167624159,-6.407373125147942e-05,-0.2332990651407781,0.4175552069676222,-0.09507367235313745
2026-05-18 19:01:00,4.536293382885409,4.53675114499193,-6.325832770393003e-05,-0.23489597718404417,0.4170774878390543,-0.09386376295343307
2026-05-18 19:02:00,4.532520133953372,4.532980168299687,-6.243886658531631e-05,-0.23647238619374808,0.41660590223009236,-0.09264783286202893
2026-05-18 19:03:00,4.528796174415584,4.529258481001692,-6.161534789565308e-05,-0.23802819039692139,0.4161404805863041,-0.09142588207894699
2026-05-18 19:04:00,4.525121747726304,4.525586326552209,-6.078777163493291e-05,-0.2395632880205948,0.41568125335325745,-0.09019791060417623
2026-05-18 19:05:00,4.521497097339803,4.5219639484055,-5.995613780315582e-05,-0.2410775772917994,0.41522825097652044,-0.0889639184377167
2026-05-18 19:06:00,4.51792246671034,4.51839159001583,-5.91204464002996e-05,-0.24257095643756596,0.4147815039016609,-0.08772390557953542
2026-05-18 19:07:00,4.514398099292181,4.514869494837464,-5.8280697426386456e-05,-0.24404332368492446,0.4143410425742472,-0.08647787202966535
2026-05-18 19:08:00,4.510924238539586,4.511397906324664,-5.7436890881431184e-05,-0.24549457726090676,0.4139068974398468,-0.08522581778812845
2026-05-18 19:09:00,4.507501127906822,4.507977067931693,-5.658902676539679e-05,-0.24692461539254357,0.4134790989440279,-0.08396774285486981
2026-05-18 19:10:00,4.504129010848149,4.504607223112816,-5.5737105078312864e-05,-0.24833333630686488,0.41305767753235856,-0.08270364722993336
2026-05-18 19:11:00,4.500808130817835,4.501288615322295,-5.4881125820164615e-05,-0.24972063823090293,0.4126426636504064,-0.08143353091329714
2026-05-18 19:12:00,4.497538731270143,4.4980214880143965,-5.4021088990952035e-05,-0.25108641939168697,0.4122340877437399,-0.08015739390496114
2026-05-18 19:13:00,4.494321055659334,4.494806084643381,-5.3156994590689935e-05,-0.2524305780162492,0.41183198025792644,-0.07887523620494732
2026-05-18 19:14:00,4.491155347439672,4.491642648663514,-5.228884261936351e-05,-0.2537530123316196,0.4114363716385344,-0.07758705781323375
2026-05-18 19:15:00,4.4880418500654224,4.488531423529057,-5.141663307696535e-05,-0.2550536205648297,0.4110472923311315,-0.0762928587298094
2026-05-18 19:16:00,4.484980806990849,4.485472652694278,-5.054036596351767e-05,-0.25633230094290915,0.41066477278128605,-0.07499263895470724
2026-05-18 19:17:00,4.481972461670213,4.482466579613435,-4.966004127901306e-05,-0.2575889516928904,0.4102888434345655,-0.0736863984879163
2026-05-18 19:18:00,4.479017057557779,4.479513447740796,-4.8775659023436726e-05,-0.25882347104180287,0.4099195347365382,-0.0723741373294146
2026-05-18 19:19:00,4.476114838107812,4.476613500530623,-4.788721919680346e-05,-0.26003575721667826,0.40955687713277195,-0.07105585547922409
2026-05-18 19:20:00,4.473266046774576,4.47376698143718,-4.6994721799113275e-05,-0.2612257084445466,0.4092009010688349,-0.0697315529373448
2026-05-18 19:21:00,4.4704709270123315,4.470974133914729,-4.609816683035876e-05,-0.26239322295243983,0.40885163699029464,-0.06840122970376573
2026-05-18 19:22:00,4.467729722275344,4.468235201417537,-4.519755429054732e-05,-0.2635381989673875,0.40850911534271966,-0.06706488577849788
2026-05-18 19:23:00,4.465042676017878,4.465550427399863,-4.429288417968635e-05,-0.2646605347164218,0.4081733665716773,-0.06572252116155221
2026-05-18 19:24:00,4.462410031694195,4.4629200553159745,-4.338415649773886e-05,-0.26576012842657276,0.407844421122736,-0.06437413585287383
2026-05-18 19:25:00,4.459832032758562,4.460344328620135,-4.247137124474924e-05,-0.2668368783248708,0.40752230944146367,-0.0630197298525286
2026-05-18 19:26:00,4.457308922665238,4.457823490766605,-4.155452842069529e-05,-0.26789068263834803,0.4072070619734279,-0.061659303160483604
2026-05-18 19:27:00,4.45484094486849,4.455357785209651,-4.063362802557702e-05,-0.26892143959403375,0.4068987091641972,-0.06029285577673884
2026-05-18 19:28:00,4.45242834282258,4.452947455403535,-3.9708670059409217e-05,-0.2699290474189602,0.40659728145933904,-0.05892038770131625
2026-05-18 19:29:00,4.450071359981773,4.450592744802522,-3.8779654522169694e-05,-0.2709134043401573,0.40630280930442164,-0.05754189893418292
2026-05-18 19:30:00,4.447770239800333,4.448293896860875,-3.784658141387324e-05,-0.2718744085846563,0.40601532314501293,-0.05615738947536079
2026-05-18 19:31:00,4.445525225732521,4.446051155032857,-3.690945073451986e-05,-0.2728119583794878,0.4057348534266809,-0.054766859324849856
2026-05-18 19:32:00,4.443336561232601,4.443864762772733,-3.596826248410216e-05,-0.2737259519516829,0.40546143059499334,-0.05337030848263917
2026-05-18 19:33:00,4.441204489754841,4.441734963534765,-3.502301666262753e-05,-0.2746162875282721,0.4051950850955185,-0.05196773694873968
2026-05-18 19:34:00,4.4391292547534995,4.439662000773217,-3.407371327009597e-05,-0.27548286333628674,0.40493584737382404,-0.050559144723151386
2026-05-18 19:35:00,4.437111099682843,4.437646117942354,-3.312035230649268e-05,-0.2763255776027573,0.40468374787547806,-0.04914453180585234
2026-05-18 19:36:00,4.435150267997132,4.435687558496438,-3.2162933771839874e-05,-0.2771443285547144,0.4044388170460486,-0.04772389819687549
2026-05-18 19:37:00,4.433247003150634,4.433786565889733,-3.1201457666115334e-05,-0.27793901441918956,0.4042010853311034,-0.046297243896187876
2026-05-18 19:38:00,4.431401548597611,4.431943383576504,-3.0235923989333872e-05,-0.2787095334232124,0.4039705831762108,-0.04486456890381148
2026-05-18 19:39:00,4.429614147792326,4.430158255011013,-2.9266332741502883e-05,-0.27945578379381514,0.4037473410269383,-0.04342587321975726
2026-05-18 19:40:00,4.427885044189044,4.428431423647524,-2.8292683922600166e-05,-0.28017766375802783,0.40353138932885424,-0.041981156843992284
2026-05-18 19:41:00,4.4262144812420265,4.426763132940301,-2.7314977532640523e-05,-0.2808750715428815,0.40332275852752636,-0.040530419776538526
2026-05-18 19:42:00,4.424602702405538,4.425153626343607,-2.6333213571616555e-05,-0.2815479053754069,0.4031214790685227,-0.039073662017384984
2026-05-18 19:43:00,4.423049951133844,4.423603147311707,-2.5347392039535658e-05,-0.2821960634826348,0.4029275813974112,-0.03761088356654265
2026-05-18 19:44:00,4.421556470881208,4.422111939298863,-2.4357512936390435e-05,-0.2828194440915963,0.4027410959597598,-0.03614208442400054
2026-05-18 19:45:00,4.420122505101889,4.42068024575934,-2.3363576262195687e-05,-0.28341794542932175,0.4025620532011367,-0.03466726458978062
2026-05-18 19:46:00,4.418748297250155,4.419308310147399,-2.2365582016936612e-05,-0.28399146572284295,0.40239048356710944,-0.03318642406386093
2026-05-18 19:47:00,4.4174340907802705,4.4179963759173075,-2.136353020060581e-05,-0.2845399031991896,0.4022264175032463,-0.031699562846230475
2026-05-18 19:48:00,4.416180129146495,4.416744686523327,-2.0357420813225485e-05,-0.2850631560853931,0.4020698854551151,-0.030206680936922217
2026-05-18 19:49:00,4.414986655803094,4.4155534854197205,-1.934725385478823e-05,-0.28556112260848426,0.4019209178682839,-0.02870777833592516
2026-05-18 19:50:00,4.413853914204333,4.414423016060752,-1.8333029325279247e-05,-0.2860337009954942,0.40177954518832043,-0.027202855043217344
2026-05-18 19:51:00,4.412782147804474,4.413353521900687,-1.7314747224713342e-05,-0.2864807894734528,0.401645797860793,-0.02569191105882074
2026-05-18 19:52:00,4.411771600057779,4.4123452463937864,-1.6292407553090508e-05,-0.286902286269392,0.4015197063312694,-0.02417494638273534
2026-05-18 19:53:00,4.410822514418515,4.411398432994316,-1.5266010310403348e-05,-0.28729808961034176,0.4014013010453176,-0.022651961014950168
2026-05-18 19:54:00,4.409935134340943,4.410513325156538,-1.4235555496666662e-05,-0.28766809772333357,0.4012906124485055,-0.021122954955487182
2026-05-18 19:55:00,4.409109703279328,4.409690166334716,-1.320104311185825e-05,-0.2880122088353982,0.40118767098640096,-0.01958792820431344
2026-05-18 19:56:00,4.408346464687932,4.408929199983115,-1.216247315599291e-05,-0.2883303211735659,0.4010925071045723,-0.018046880761450904
2026-05-18 19:57:00,4.4076456620210225,4.408230669555997,-1.1119845629063245e-05,-0.2886223329648683,0.40100515124858715,-0.016499812626888596
2026-05-18 19:58:00,4.4070075387328576,4.4075948185076275,-1.0073160531076652e-05,-0.28888814243633526,0.40092563386401375,-0.01494672380063749
2026-05-18 19:59:00,4.406432338277706,4.407021890292268,-9.022417862033135e-06,-0.28912764781499867,0.40085398539641975,-0.013387614282697595
2026-05-18 20:00:00,4.405920304109826,4.4065121283641835,-7.967617621917888e-06,-0.28934074732788856,0.40079023629137334,-0.011822484073046941
2026-05-18 20:01:00,4.405471679683486,4.406065776177638,-6.908759810753118e-06,-0.289527339202036,0.4007344169944425,-0.010251333171718476
2026-05-18 20:02:00,4.405086708452949,4.405683077186893,-5.84584442852402e-06,-0.28968732166447214,0.40068655795119495,-0.008674161578690238
2026-05-18 20:03:00,4.404765633872476,4.405364274846215,-4.778871475237997e-06,-0.2898205929422273,0.40064668960719896,-0.007090969293973205
2026-05-18 20:04:00,4.404508699396333,4.4051096126098646,-3.7078409508876456e-06,-0.2899270512623329,0.40061484240802225,-0.005501756317556397
2026-05-18 20:05:00,4.404316148478781,4.404919333932108,-2.6327528554729677e-06,-0.2900065948518191,0.4005910467992329,-0.0039065226494398135
2026-05-18 20:06:00,4.404188224574088,4.404793682267208,-1.5536071890087655e-06,-0.2900591219377172,0.4005753332263989,-0.0023052682896454197
2026-05-18 20:07:00,4.404125171136513,4.404732901069427,-4.7040395148023604e-07,-0.2900845307470581,0.400567732135088,-0.0006979932381512509
2026-05-18 20:08:00,4.404127231620323,4.40473723379303,6.168568571126206e-07,-0.29008271950687237,0.4005682739708684,0.0009153025050426933
2026-05-18 20:09:00,4.40419464947978,4.404806923892281,1.7081752367698045e-06,-0.2900535864441909,0.4005769891793079,0.0025346189399364128
2026-05-18 20:10:00,4.404327668169147,4.4049422148214425,2.8035511874765126e-06,-0.28999702978604425,0.4005939082059747,0.004159956066507943
2026-05-18 20:11:00,4.4045265311426895,4.405143350034778,3.902984709247548e-06,-0.2899129477594641,0.40061906149643645,0.005791313884779248
2026-05-18 20:12:00,4.4047914818546685,4.405410572986552,5.0064758020829105e-06,-0.2898012385914802,0.40065247949626137,0.0074286923947503285
2026-05-18 20:13:00,4.40512276375935,4.405744127131028,6.114024465975199e-06,-0.28966180050912427,0.40069419265101724,0.009072091596410202
2026-05-18 20:14:00,4.405520620310998,4.406144255922469,7.225630700931814e-06,-0.2894945317394266,0.40074423140627213,0.010721511489769851
2026-05-18 20:15:00,4.405985294963875,4.40661120281514,8.341294506937953e-06,-0.28929933050941814,0.40080262620759394,0.012376952074807308
2026-05-18 20:16:00,4.4065170311722435,4.407145211263302,9.461015884015823e-06,-0.2890760950461302,0.40086940750055067,0.014038413351555527
2026-05-18 20:17:00,4.407116072390369,4.4077465247212215,1.0584794832150617e-05,-0.28882472357659267,0.40094460573071034,0.015705895319992537
2026-05-18 20:18:00,4.407782662072513,4.40841538664316,1.1712631351334935e-05,-0.28854511432783747,0.4010282513436407,0.017379397980107358
2026-05-18 20:19:00,4.408517043672943,4.409152040483382,1.2844525441598383e-05,-0.2882371655268949,0.4011203747849098,0.019058921331943916
2026-05-18 20:20:00,4.409319460645919,4.409956729696152,1.3980477102926158e-05,-0.2879007754007953,0.4012210065000859,0.02074446537548025
2026-05-18 20:21:00,4.410190156445705,4.410829697735733,1.5120486335296058e-05,-0.2875358421765698,0.40133017693473666,0.022436030110683416
2026-05-18 20:22:00,4.411129374526566,4.411771188056387,1.6264553138730283e-05,-0.28714226408124993,0.40144791653442996,0.024133615537586358
2026-05-18 20:23:00,4.412137358342765,4.4127814441123805,1.7412677513228837e-05,-0.2867199393418656,0.4015742557447341,0.025837221656189072
2026-05-18 20:24:00,4.413214351348565,4.413860709357975,1.8564859458776914e-05,-0.28626876618544844,0.4017092250112167,0.027546848466469598
2026-05-18 20:25:00,4.414360596998231,4.415009227247434,1.972109897539672e-05,-0.285788642839029,0.40185285477944577,0.029262495968460877
2026-05-18 20:26:00,4.415576338746026,4.416227241235022,2.0881396063080853e-05,-0.28527946752963773,0.40200517549498954,0.030984164162151936
2026-05-18 20:27:00,4.416861820046213,4.417514994775003,2.204575072181451e-05,-0.2847411384843057,0.40216621760341575,0.032711853047520806
2026-05-18 20:28:00,4.418217284353056,4.41887273132164,2.3214162951612495e-05,-0.2841735539300641,0.40233601155029236,0.03444556262458945
2026-05-18 20:29:00,4.419642975120819,4.420300694329197,2.4386632752482205e-05,-0.2835766120939432,0.40251458778118737,0.036185292893368845
2026-05-18 20:30:00,4.421139135803765,4.421799127251938,2.5563160124394042e-05,-0.28295021120297376,0.4027019767416689,0.03793104385381508
2026-05-18 20:31:00,4.422706009856158,4.423368273544124,2.6743745067370205e-05,-0.2822942494841877,0.4028982088773045,0.03968281550596108
2026-05-18 20:32:00,4.424343840732263,4.425008376660022,2.79283875814181e-05,-0.2816086251646145,0.4031033146336626,0.041440607849817845
2026-05-18 20:33:00,4.42605287188634,4.426719680053894,2.9117087666515515e-05,-0.2808932364712858,0.40331732445631097,0.043204420885352424
2026-05-18 20:34:00,4.427833346772657,4.428502427180004,3.0309845322677258e-05,-0.28014798163123217,0.40354026879081745,0.044974254612586764
2026-05-18 20:35:00,4.429685508845474,4.430356861492616,3.150666054989593e-05,-0.27937275887148444,0.4037721780827502,0.04675010903150991
2026-05-18 20:36:00,4.431609601559058,4.432283226445992,3.2707533348186325e-05,-0.27856746641907376,0.40401308277767695,0.04853198414214381
2026-05-18 20:37:00,4.433605868367669,4.434281765494398,3.391246371752625e-05,-0.27773200250103003,0.4042630133211661,0.05031987994445552
2026-05-18 20:38:00,4.4356745527255725,4.436352722092095,3.512145165791569e-05,-0.2768662653443855,0.4045220001587849,0.052113796438445034
2026-05-18 20:39:00,4.437815898087032,4.438496339693348,3.633449716939167e-05,-0.2759701531761702,0.40479007373610193,0.05391373362416728
2026-05-18 20:40:00,4.440030147906311,4.440712861752422,3.7551600251917175e-05,-0.27504356422341447,0.4050672644986851,0.05571969150156733
2026-05-18 20:41:00,4.442317545637674,4.443002531723578,3.87727609054996e-05,-0.2740863967131501,0.405353602892102,0.057531670070656175
2026-05-18 20:42:00,4.444678334735384,4.445365593061082,3.9997979130146356e-05,-0.2730985488724072,0.405649119361921,0.059349669331444796
2026-05-18 20:43:00,4.447112758653703,4.4478022892191955,4.122725492585004e-05,-0.27207991892821715,0.4059538443537097,0.061173689283922215
2026-05-18 20:44:00,4.449621060846898,4.450312863652184,4.246058829261064e-05,-0.27103040510761034,0.4062678083130364,0.06300372992808842
2026-05-18 20:45:00,4.452203484769229,4.452897559814309,4.3697979230428174e-05,-0.2699499056376182,0.40659104168546867,0.06483979126394342
2026-05-18 20:46:00,4.454860273874964,4.455556621159835,4.493942773933224e-05,-0.2688383187452712,0.40692357491657477,0.06668187329153114
2026-05-18 20:47:00,4.457591671618362,4.458290291143029,4.6184933819278425e-05,-0.2676955426575993,0.4072654384519228,0.06852997601078568
2026-05-18 20:48:00,4.460397921453688,4.461098813218149,4.7434497470274135e-05,-0.266521475601635,0.40761666273708036,0.07038409942171805
2026-05-18 20:49:00,4.463279266835207,4.463982430839462,4.868811869234898e-05,-0.26531601580440806,0.40797727821761554,0.07224424352437216
2026-05-18 20:50:00,4.466235951217182,4.4669413874612305,4.994579748547334e-05,-0.2640790614929495,0.40834731533909635,0.07411040831870405
2026-05-18 20:51:00,4.469268218053877,4.469975926537718,5.120753384966203e-05,-0.2628105108942904,0.4087268045470907,0.07598259380473575
2026-05-18 20:52:00,4.472376310799553,4.47308629152319,5.247332778491505e-05,-0.26151026223546125,0.40911577628716667,0.07786079998246721
2026-05-18 20:53:00,4.475560472908478,4.476272725871908,5.374311091837688e-05,-0.26017821374349304,0.40951426100489213,0.07974492539911371
2026-05-18 20:54:00,4.478820947834913,4.479535464833395,5.501647301303277e-05,-0.2588142670753048,0.40992228811977766,0.08163436133814253
2026-05-18 20:55:00,4.482157979033121,4.482874702633472,5.6292661967656996e-05,-0.2574183410372538,0.41033988192104864,0.08352799181919611
2026-05-18 20:56:00,4.485571809957366,4.486290584269514,5.757085730816828e-05,-0.2559903750150253,0.41076706054158707,0.08542459940913213
2026-05-18 20:57:00,4.489062684061915,4.489783205510452,5.8850238560492765e-05,-0.25453032897363126,0.411203835957932,0.08732296667481929
2026-05-18 20:58:00,4.492630844801027,4.493352612896773,6.0129985250578774e-05,-0.25303818345741136,0.41165021399027946,0.08922187618315917
2026-05-18 20:59:00,4.496276535628967,4.496998803740522,6.140927690435986e-05,-0.25151393959003104,0.41210619430248285,0.0911201105010315
2026-05-18 21:00:00,4.5,4.500721726125296,6.268729304776214e-05,-0.2499576190744841,0.41257177040205234,0.0930164521953049
2026-05-18 21:01:00,4.503801358297278,4.504521278906253,6.396321320671176e-05,-0.24836926419309036,0.41304692964015544,0.09490968383284806
2026-05-18 21:02:00,4.507680238619516,4.508397311710102,6.523621690714964e-05,-0.24674893780749804,0.4135316532116162,0.09679858798055162
2026-05-18 21:03:00,4.511636145994314,4.512349624935111,6.650548367500193e-05,-0.2450967233586808,0.41402591615491646,0.09868194720528427
2026-05-18 21:04:00,4.515668585449275,4.516377969751102,6.777019303620217e-05,-0.24341272486694124,0.4145296873521942,0.10055854407392568
2026-05-18 21:05:00,4.519777062012005,4.520482048099455,6.902952451669868e-05,-0.24169706693190712,0.4150429295292453,0.10242716115337744
2026-05-18 21:06:00,4.523961080710103,4.524661512693106,7.028265764240279e-05,-0.2399498947325345,0.41556559925552233,0.10428658101048627
2026-05-18 21:07:00,4.528220146571174,4.528915967016544,7.152877193926285e-05,-0.23817137402710623,0.4160976469441348,0.10613558621215381
2026-05-18 21:08:00,4.53255376462282,4.533244965325817,7.27671153060309e-05,-0.23636169115323172,0.41663901685184956,0.10797306077798953
2026-05-18 21:09:00,4.536961439892646,4.5376480208532675,7.399727750568482e-05,-0.23452104959796113,0.41718964810514725,0.10979839599144975
2026-05-18 21:10:00,4.541442677408251,4.5421246386264995,7.521919016539129e-05,-0.2326496562782304,0.4177494788044518,0.11161149039978266
2026-05-18 21:11:00,4.545996982197241,4.546674323673114,7.643285328513549e-05,-0.2307477181109772,0.4183184470501868,0.1134123440029663
2026-05-18 21:12:00,4.5506238592872155,4.551296581020716,7.763826686493966e-05,-0.2288154420131382,0.41889649094277603,0.11520095680103365
2026-05-18 21:13:00,4.555322813705781,4.555990915696907,7.883543090478896e-05,-0.22685303490164999,0.41948354858264336,0.1169773287939627
2026-05-18 21:14:00,4.560093350480539,4.5607568327292904,8.002434540467599e-05,-0.22486070369345,0.42007955807021247,0.11874145998174247
2026-05-18 21:15:00,4.5649349746390895,4.565593837145468,8.120501036461558e-05,-0.22283865530547514,0.420684457505907,0.12049335036439496
2026-05-18 21:16:00,4.56984719120904,4.570501433973044,8.237742578460031e-05,-0.22078709665466212,0.42129818499015076,0.12223299994190916
2026-05-18 21:17:00,4.5748295052179895,4.57547912823962,8.354159166462279e-05,-0.21870623465794825,0.4219206786233674,0.12396040871427409
2026-05-18 21:18:00,4.579881421693543,4.580526424972799,8.469750800469782e-05,-0.21659627623227054,0.4225518765059807,0.12567557668151172
2026-05-18 21:19:00,4.585002445663302,4.585642829200184,8.584517480483277e-05,-0.21445742829456563,0.42319171673841444,0.12737850384363303
2026-05-18 21:20:00,4.5901920821548705,4.590827845949379,8.69845920650055e-05,-0.21228989776177015,0.42384013742109244,0.1290691902006051
2026-05-18 21:21:00,4.59544983619585,4.596080980247985,8.811575978522335e-05,-0.2100938915508218,0.4244970766544383,0.13074763575243886
2026-05-18 21:22:00,4.600775212813844,4.601401737123606,8.923867796547894e-05,-0.2078696165786569,0.4251624725388758,0.13241384049912336
2026-05-18 21:23:00,4.606167717036457,4.606789621603842,9.035334660578709e-05,-0.2056172797622135,0.4258362631748284,0.13406780444068056
2026-05-18 21:24:00,4.611626853891288,4.6122441387163,9.145976570614777e-05,-0.20333708801842712,0.42651838666272035,0.13570952757711044
2026-05-18 21:25:00,4.617152128405941,4.61776479348858,9.255793526655362e-05,-0.2010292482642359,0.42720878110297494,0.1373390099084021
2026-05-18 21:26:00,4.622743045608022,4.623351090948287,9.3647855287012e-05,-0.1986939674165757,0.4279073845960163,0.13895625143456639
2026-05-18 21:27:00,4.62839911052513,4.629002536123021,9.472952576750071e-05,-0.19633145239238428,0.42861413524226794,0.14056125215557047
2026-05-18 21:28:00,4.634119828184869,4.634718634040387,9.580294670803457e-05,-0.1939419101085986,0.42932897114215346,0.14215401207143624
2026-05-18 21:29:00,4.639904703614842,4.6404988897279855,9.686811810862838e-05,-0.1915255474821557,0.4300518303960967,0.1437345311821857
2026-05-18 21:30:00,4.645753241842652,4.646342808213422,9.792503996927474e-05,-0.1890825714299918,0.43078265110452163,0.14530280948780785
2026-05-18 21:31:00,4.651664947895903,4.6522498945242985,9.897371228995144e-05,-0.18661318886904427,0.4315213713678517,0.1468588469882698
2026-05-18 21:32:00,4.657639326802196,4.658219653688216,0.00010001413507068068,-0.1841176067162505,0.4322679292865107,0.1484026436836044
2026-05-18 21:33:00,4.663675883589133,4.66425159073278,0.00010104630831146988,-0.18159603188854673,0.4330222629609225,0.1499341995738227
2026-05-18 21:34:00,4.669774123284317,4.670345210685593,0.00010207023201228202,-0.17904867130286997,0.4337843104915108,0.15145351465886978
2026-05-18 21:35:00,4.675933550915355,4.676500018574254,0.00010308590617313929,-0.1764757318761583,0.4345540099786991,0.15296058893877856
2026-05-18 21:36:00,4.682153671509844,4.682715519426369,0.00010409333079406392,-0.17387742052534766,0.4353312995229113,0.154455422413582
2026-05-18 21:37:00,4.6884339900953895,4.688991218269542,0.00010509250587502628,-0.17125394416737497,0.43611611722457116,0.1559380150832362
2026-05-18 21:38:00,4.694774011699595,4.695326620131373,0.00010608343141604119,-0.16860550971917765,0.43690840118410246,0.15740836694776308
2026-05-18 21:39:00,4.701173241350062,4.701721230039467,0.00010706610741710125,-0.16593232409769196,0.43770808950192897,0.1588664780071517
2026-05-18 21:40:00,4.707631184074394,4.708174553021425,0.00010804053387819164,-0.16323459421985562,0.4385151202784742,0.16031234826138005
2026-05-18 21:41:00,4.714147344900194,4.71468609410485,0.00010900671079934939,-0.1605125270026056,0.439329431614162,0.16174597771050306
2026-05-18 21:42:00,4.720721228855063,4.721255358317347,0.00010996463818054487,-0.15776632936287782,0.44015096160941625,0.1631673663544768
2026-05-18 21:43:00,4.727352340966606,4.727881850686515,0.00011091431602177811,-0.15499620821761076,0.44097964836466036,0.1645765141933013
2026-05-18 21:44:00,4.734040186262425,4.73456507623996,0.0001118557443230787,-0.1522023704837403,0.4418154299803184,0.16597342122702044
2026-05-18 21:45:00,4.740784269770123,4.7413045400052845,0.00011278892308440961,-0.14938502307820342,0.442658244556814,0.16735808745557934
2026-05-18 21:46:00,4.747584096517302,4.748099747010089,0.00011371385230578568,-0.1465443729179379,0.44350803019457075,0.16873051287899998
2026-05-18 21:47:00,4.754439171531565,4.754950202281979,0.0001146305319872143,-0.14368062691987993,0.4443647249940126,0.1700906974972933
2026-05-18 21:48:00,4.761348999840517,4.761855410848555,0.00011553896212869544,-0.14079399200096693,0.445228267055563,0.1714386413104593
2026-05-18 21:49:00,4.768313086471758,4.768814877737422,0.00011643914273022175,-0.13788467507813512,0.44609859447964606,0.17277434431848704
2026-05-18 21:50:00,4.775330936452891,4.7758281079761815,0.0001173310737917858,-0.1349528830683223,0.4469756453666852,0.17409780652136553
2026-05-18 21:51:00,4.782402054811518,4.7828946065924365,0.00011821475531339498,-0.131998822888465,0.44785935781710434,0.17540902791910568
2026-05-18 21:52:00,4.789525946575245,4.790013878613789,0.00011909018729505672,-0.12902270145550068,0.44874966993132703,0.17670800851171858
2026-05-18 21:53:00,4.796702116771673,4.797185429067843,0.0001199573697367784,-0.12602472568636552,0.4496465198097772,0.17799474829921516
2026-05-18 21:54:00,4.803930070428406,4.804408762982202,0.00012081630263852302,-0.12300510249799658,0.4505498455528787,0.1792692472815405
2026-05-18 21:55:00,4.811209312573044,4.811683385384466,0.00012166698600032018,-0.11996403880733193,0.45145958526105473,0.18053150545873853
2026-05-18 21:56:00,4.818539348233193,4.819008801302241,0.0001225094198221699,-0.1169017415313071,0.4523756770347296,0.18178152283080926
2026-05-18 21:57:00,4.825919682436453,4.826384515763126,0.00012334360410406475,-0.11381841758686019,0.4532980589743267,0.1830192993977417
2026-05-18 21:58:00,4.8333498202104295,4.8338100337947285,0.00012416953884600475,-0.11071427389092708,0.45422666918027,0.18424483515953588
2026-05-18 21:59:00,4.8408292665827215,4.841284860424647,0.0001249872240479973,-0.10758951736044589,0.45516144575298284,0.18545813011620274
2026-05-18 22:00:00,4.848357526580934,4.848808500680488,0.00012579665971004239,-0.10444435491235213,0.4561023267928896,0.1866591842677423
2026-05-18 22:01:00,4.855934105232674,4.856380459589852,0.00012659784583211043,-0.10127899346358392,0.45704925040041355,0.18784799761411067
2026-05-18 22:02:00,4.8635585075655365,4.864000242180341,0.0001273907824142384,-0.09809363993107822,0.4580021546759783,0.18902457015536267
2026-05-18 22:03:00,4.87123023860713,4.871667353479561,0.00012817546945641153,-0.09488850123177134,0.4589609777200081,0.19018890189147641
2026-05-18 22:04:00,4.878948803385054,4.879381298515111,0.00012895190695862979,-0.09166378428260097,0.45992565763292614,0.19134099282245187
2026-05-18 22:05:00,4.886713706926913,4.887141582314596,0.0001297200949209006,-0.0884196960005034,0.4608961325151565,0.1924808429483
2026-05-18 22:06:00,4.89452445426031,4.894947709905619,0.00013048003334320917,-0.08515644330241597,0.46187234046712283,0.19360845226899892
2026-05-18 22:07:00,4.902380550412848,4.902799186315781,0.00013123172222557767,-0.08187423310527568,0.46285421958924877,0.1947238207845815
2026-05-18 22:08:00,4.910281500412127,4.910695516572688,0.0001319751615679839,-0.0785732723260188,0.46384170798195834,0.19582694849501475
2026-05-18 22:09:00,4.918226809285753,4.9186362057039394,0.0001327103513704353,-0.07525376788158343,0.46483474374567485,0.1969178354003098
2026-05-18 22:10:00,4.9262159820613265,4.9266207587371404,0.00013343729163294664,-0.07191592668890547,0.4658332649808224,0.1979964815004885
2026-05-18 22:11:00,4.934248523766453,4.934648680699893,0.0001341559823554809,-0.06855995566492226,0.46683720978782467,0.19906288679549597
2026-05-18 22:12:00,4.942323939428733,4.942719476619798,0.00013486642353807514,-0.06518606172657156,0.46784651626710505,0.20011705128538715
2026-05-18 22:13:00,4.9504417340757705,4.950832651524462,0.0001355686151807219,-0.061794451790788865,0.4688611225190878,0.20115897497015098
2026-05-18 22:14:00,4.958601412735167,4.958987710441485,0.0001362625572833916,-0.0583853327745123,0.4698809666441962,0.2021886578497436
2026-05-18 22:15:00,4.966802480434526,4.967184158398469,0.00013694824984613607,-0.054958911594678854,0.4709059867428541,0.20320609992424188
2026-05-18 22:16:00,4.975044442201451,4.975421500423021,0.00013762569286891827,-0.051515395168224044,0.4719361209154856,0.20421130119359088
2026-05-18 22:17:00,4.983326803063544,4.983699241542739,0.00013829488635174562,-0.04805499041208672,0.4729713072625139,0.20520426165780162
2026-05-18 22:18:00,4.991649068048408,4.992016886785231,0.00013895583029461812,-0.04457790424320202,0.4740114838843632,0.20618498131687407
2026-05-18 22:19:00,5.000010742183645,5.000373941178093,0.00013960852469752834,-0.041084343578508806,0.47505658888145674,0.20715346017079722
2026-05-18 22:20:00,5.008411330496861,5.008769909748934,0.00014025296956050594,-0.03757451533494258,0.4761065603542187,0.20810969821961506
2026-05-18 22:21:00,5.016850338015654,5.017204297525354,0.00014088916488351385,-0.03404862642944072,0.47716133640307273,0.20905369546327265
2026-05-18 22:22:00,5.025327269767629,5.025676609534956,0.00014151711066656691,-0.030506883778940577,0.47822085512844226,0.20998545190179194
2026-05-18 22:23:00,5.03384163078039,5.034186350805342,0.00014213680690967992,-0.02694949430037879,0.47928505463075133,0.21090496753519494
2026-05-18 22:24:00,5.042392926081538,5.042733026364117,0.00014274825361283808,-0.023376664910691982,0.48035387301042365,0.21181224236345964
2026-05-18 22:25:00,5.050980660698679,5.051316141238883,0.000143351450776034,-0.01978860252681752,0.4814272483678829,0.21270727638657508
2026-05-18 22:26:00,5.05960433965941,5.059935200457241,0.00014394639839927504,-0.0161855140656924,0.4825051188035528,0.21359006960455226
2026-05-18 22:27:00,5.068263467991339,5.068589709046796,0.00014453309648256122,-0.012567606444253619,0.48358742241785696,0.2144606220173911
2026-05-18 22:28:00,5.0769575507220654,5.077279172035149,0.00014511154502591477,-0.008935086579438176,0.4846740973112193,0.21531893362512466
2026-05-18 22:29:00,5.085686092879196,5.0860030944499055,0.00014568174402930604,-0.0052881613881819505,0.48576508158406373,0.21616500442770892
2026-05-18 22:30:00,5.094448599490329,5.094760981318665,0.00014624369349271286,-0.0016270377874234268,0.48686031333681357,0.21699883442511098
2026-05-18 22:31:00,5.103244575583071,5.103552337669031,0.00014679739341620182,0.0020480773059003998,0.48795973066989257,0.21782042361742965
2026-05-18 22:32:00,5.112073526185021,5.11237666852861,0.00014734284379972853,0.005736976974854389,0.48906327168372493,0.21862977200459907
2026-05-18 22:33:00,5.1209349563237865,5.1212334789249985,0.0001478800446433004,0.009439454302499314,0.49017087447873386,0.2194268795866302
2026-05-18 22:34:00,5.129828371026966,5.130122273885806,0.0001484089959469322,0.01315530237190041,0.4912824771553436,0.22021174636354504
2026-05-18 22:35:00,5.138753275322165,5.13904255843863,0.00014892969771058696,0.01688431426611919,0.4923980178139775,0.22098437233528867
2026-05-18 22:36:00,5.147709174236984,5.147993837611076,0.00014944214993429424,0.020626283068219037,0.4935174345550594,0.22174475750190492
2026-05-18 22:37:00,5.156695572799028,5.156975616430746,0.00014994635261805406,0.024381001861262942,0.494640665479013,0.2224929018633939
2026-05-18 22:38:00,5.165711976035898,5.165987399925243,0.00015044230576185906,0.02814826372831429,0.49576764868626216,0.22322880541974463
2026-05-18 22:39:00,5.174757888975199,5.175028693122169,0.00015093000936571658,0.03192786175243571,0.4968983222772304,0.22395246817096803
2026-05-18 22:40:00,5.183832816644532,5.184099001049129,0.00015140946342960445,0.03571958901669095,0.4980326243523418,0.2246638901170312
2026-05-18 22:41:00,5.192936264071499,5.193197828733721,0.00015188066795354487,0.039523238604141524,0.49917049301201954,0.22536307125796706
2026-05-18 22:42:00,5.202067736283706,5.202324681203554,0.00015234362293755263,0.043338603597852285,0.500311866356688,0.2260500115937976
2026-05-18 22:43:00,5.211226738308753,5.211479063486228,0.00015279832838158332,0.04716547708088551,0.5014566824867706,0.22672471112445686
2026-05-18 22:44:00,5.220412775174244,5.220660480609344,0.00015324478428566657,0.051003652136303826,0.502604879502691,0.22738716984998886
2026-05-18 22:45:00,5.2296253519077815,5.229868437600508,0.00015368299064980975,0.05485292184717097,0.5037563955048731,0.2280373877704045
2026-05-18 22:46:00,5.238863973536968,5.239102439487321,0.0001541129474739759,0.05871307929654995,0.5049111685937405,0.228675364885649
2026-05-18 22:47:00,5.2481281450894075,5.248361991297385,0.00015453465475819458,0.06258391756750266,0.506069136869717,0.22930110119576613
2026-05-18 22:48:00,5.2574173715927,5.2576465980583045,0.0001549481125024732,0.06646522974309359,0.5072302384332263,0.22991459670076694
2026-05-18 22:49:00,5.26673115807445,5.2669557647976815,0.00015535332070678218,0.07035680890638499,0.5083944113846922,0.2305158514006075
2026-05-18 22:50:00,5.276069009562262,5.276288996543118,0.0001557502793711511,0.07425844814043986,0.5095615938245383,0.23110486529533178
2026-05-18 22:51:00,5.2854304310837374,5.28564579832222,0.00015613898849557253,0.07816994052832196,0.5107317238531887,0.2316816383849287
2026-05-18 22:52:00,5.294814927666478,5.295025675162587,0.00015651944808002435,0.08209107915309392,0.5119047395710666,0.23224617066936543
2026-05-18 22:53:00,5.304222004338088,5.3044281320918225,0.00015689165812452868,0.08602165709781838,0.5130805790785962,0.23279846214867483
2026-05-18 22:54:00,5.313651166126169,5.3138526741375305,0.0001572556186290782,0.08996146744555907,0.514259180476201,0.23333851282284598
2026-05-18 22:55:00,5.323101918058324,5.323298806327312,0.00015761132959366542,0.09391030327937824,0.5154404818643047,0.23386632269186783
2026-05-18 22:56:00,5.332573765162156,5.33276603368877,0.0001579587910183126,0.09786795768233929,0.5166244213433311,0.23438189175577337
2026-05-18 22:57:00,5.342066212465271,5.342253861249509,0.00015829800290301232,0.10183422373750559,0.517810937013704,0.23488522001455162
2026-05-18 22:58:00,5.351578764995266,5.351761794037132,0.0001586289652477424,0.10580889452794014,0.518999966975847,0.2353763074681696
2026-05-18 22:59:00,5.361110927779748,5.3612893370792385,0.00015895167805252502,0.10979176313670519,0.5201914493301839,0.2358551541166603
2026-05-18 23:00:00,5.370662205846315,5.370835995403435,0.00015926614131736016,0.11378262264686487,0.5213853221771386,0.23632175996002366
2026-05-18 23:01:00,5.380232104222577,5.380401274037322,0.00015957235504223308,0.11778126614148143,0.5225815236171346,0.23677612499823783
2026-05-18 23:02:00,5.389820127936133,5.389984678008503,0.00015987031922715111,0.12178748670361826,0.5237799917505958,0.23721824923131365
2026-05-18 23:03:00,5.399425782014585,5.39958571234458,0.0001601600338721217,0.12580107741633798,0.5249806646779457,0.23764813265926218
2026-05-18 23:04:00,5.409048571485536,5.409203882073157,0.00016044149897715226,0.12982183136270434,0.5261834804996083,0.23806577528209444
2026-05-18 23:05:00,5.418688001376588,5.418838692221838,0.00016071471454221314,0.13384954162578033,0.5273883773160073,0.2384711770997664
2026-05-18 23:06:00,5.428343576715348,5.428489647818223,0.00016097968056731174,0.13788400128862824,0.5285952932275663,0.23886433811228908
2026-05-18 23:07:00,5.438014802529414,5.4381562538899155,0.00016123639705246292,0.14192500343431141,0.529804166334709,0.23924525831968452
2026-05-18 23:08:00,5.447701183846392,5.4478380154645185,0.00016148486399766664,0.1459723411458929,0.5310149347378592,0.23961393772195264
2026-05-18 23:09:00,5.457402225693882,5.4575344375696355,0.00016172508140292288,0.15002580750643602,0.5322275365374408,0.2399703763190934
2026-05-18 23:10:00,5.46711743309949,5.467245025232869,0.0001619570492682243,0.1540851955990038,0.5334419098338774,0.24031457411109597
2026-05-18 23:11:00,5.476846311090818,5.476969283481822,0.00016218076759355604,0.15815029850665924,0.5346579927275926,0.24064653109793824
2026-05-18 23:12:00,5.486588364695466,5.486706717344096,0.00016239623637895513,0.16222090931246458,0.5358757233190102,0.24096624727967517
2026-05-18 23:13:00,5.496343098941039,5.496456831847297,0.00016260345562439936,0.16629682109948474,0.5370950397085545,0.2412737226562738
2026-05-18 23:14:00,5.50611001885514,5.506219132019024,0.00016280242532985915,0.17037782695078083,0.5383158799966483,0.24156895722769026
2026-05-18 23:15:00,5.515888629465372,5.51599312288688,0.00016299314549538628,0.1744637199494162,0.5395381822837159,0.2418519509940014
2026-05-18 23:16:00,5.525678435799335,5.52577830947847,0.00016317561612097335,0.17855429317845462,0.5407618846701807,0.2421227039551962
2026-05-18 23:17:00,5.535478942884636,5.535574196821397,0.00016334983720659815,0.18264933972095912,0.541986925256467,0.2423812161112417
2026-05-18 23:18:00,5.545289655748874,5.545380289943262,0.00016351580875226813,0.18674865265999227,0.5432132421429979,0.24262748746214896
2026-05-18 23:19:00,5.555110079419657,5.555196093871669,0.00016367353075797582,0.1908520250786175,0.5444407734301977,0.24286151800790692
2026-05-18 23:20:00,5.56493971892458,5.565021113634219,0.00016382300322374346,0.19495925005989706,0.5456694572184896,0.24308330774854858
2026-05-18 23:21:00,5.574778079291252,5.574854854258518,0.00016396422614954885,0.19907012068689542,0.5468992316082978,0.24329285668404096
2026-05-18 23:22:00,5.584624665547273,5.584696820772165,0.000164097199535392,0.20318443004267375,0.5481300347000455,0.2434901648143841
2026-05-18 23:23:00,5.594478982720248,5.594546518202765,0.00016422192338130988,0.2073019712102965,0.549361804594157,0.24367523213963288
2026-05-18 23:24:00,5.604340535837777,5.604403451577922,0.0001643383976872581,0.2114225372728267,0.5505944793910558,0.2438480586597214
2026-05-18 23:25:00,5.614208829927466,5.614267125925236,0.0001644466224532441,0.21554592131332662,0.5518279971911655,0.2440086443746607
2026-05-18 23:26:00,5.6240833700169155,5.6241370462723115,0.00016454659767929,0.2196719164148596,0.55306229609491,0.24415698928448362
2026-05-18 23:27:00,5.63396366113373,5.634012717646751,0.00016463832336537364,0.22380031566048908,0.5542973142027131,0.24429309338915728
2026-05-18 23:28:00,5.643849208305509,5.643893645076156,0.00016472179951150986,0.22793091213327726,0.5555329896149982,0.24441695668870367
2026-05-18 23:29:00,5.653739516559858,5.653779333588132,0.000164797026117706,0.23206349891628827,0.5567692604321894,0.24452857918313373
2026-05-18 23:30:00,5.663634090924378,5.663669288210281,0.0001648640031839251,0.23619786909258475,0.5580060647547106,0.24462796087239255
2026-05-18 23:31:00,5.673532436426676,5.673563013970203,0.00016492273071018934,0.24033381574522897,0.5592433406829849,0.24471510175651312
2026-05-18 23:32:00,5.683434058094351,5.683460015895504,0.00016497320869652093,0.24447113195728465,0.5604810263174362,0.24479000183552832
2026-05-18 23:33:00,5.6933384609550055,5.693359799013786,0.00016501543714288284,0.24860961081181518,0.5617190597584888,0.24485266110938328
2026-05-18 23:34:00,5.703245150036245,5.70326186835265,0.00016504941604928992,0.2527490453918825,0.5629573791065657,0.24490307957809998
2026-05-18 23:35:00,5.713153630365668,5.713165728939701,0.00016507514541575692,0.2568892287805506,0.5641959224620913,0.24494125724170032
2026-05-18 23:36:00,5.7230634069708834,5.7230708858025405,0.00016509262524226168,0.2610299540608822,0.5654346279254887,0.2449671941001514
2026-05-18 23:37:00,5.73297398487949,5.732976843968772,0.0001651018555288264,0.2651710143159403,0.566673433597182,0.2449808901534862
2026-05-18 23:38:00,5.74288486911909,5.742883108466,0.00016510283627542145,0.26931220262878863,0.5679122775775952,0.24498234540166072
2026-05-18 23:39:00,5.752795564717287,5.752789184321823,0.00016509556748206162,0.27345331208248874,0.5691510979671514,0.24497155984469693
2026-05-18 23:40:00,5.762705576701685,5.762694576563847,0.00016508004914876176,0.27759413576010505,0.5703898328662748,0.2449485334826169
2026-05-18 23:41:00,5.772614410099886,5.772598790219674,0.00016505628127549965,0.28173446674469993,0.5716284203753889,0.24491326631538754
2026-05-18 23:42:00,5.782521569939493,5.782501330316907,0.0001650242638622901,0.2858740981193366,0.5728667985949175,0.24486575834303093
2026-05-18 23:43:00,5.792426561248109,5.792401701883149,0.00016498399690912565,0.29001282296707825,0.5741049056252844,0.244806009565536
2026-05-18 23:44:00,5.802328889053336,5.802299409946002,0.00016493548041599155,0.2941504343709877,0.5753426795669133,0.2447340199828808
2026-05-18 23:45:00,5.812228058382777,5.812193959533068,0.00016487871438293223,0.2982867254141274,0.5765800585202279,0.2446497895951313
2026-05-18 23:46:00,5.822123574264036,5.822084855671954,0.00016481369880991804,0.30242148917956235,0.5778169805856521,0.2445533184022435
2026-05-18 23:47:00,5.832014941724713,5.831971603390258,0.00016474043369691939,0.30655451875035356,0.5790533838636094,0.24444460640417348
2026-05-18 23:48:00,5.841901665792413,5.841853707715584,0.00016465891904398806,0.3106856072095646,0.5802892064545235,0.24432365360099811
2026-05-18 23:49:00,5.85178325149474,5.851730673675537,0.0001645691548510945,0.31481454764025896,0.5815243864588185,0.2441904599926735
2026-05-18 23:50:00,5.861659203859295,5.861602006297716,0.0001644711411182535,0.3189411331254988,0.5827588619769176,0.24404502557922159
2026-05-18 23:51:00,5.871529027913679,5.871467210609727,0.0001643648778454724,0.32306515674834835,0.583992571109245,0.24388735036065332
2026-05-18 23:52:00,5.881392228685496,5.881325791639172,0.0001642503650327217,0.3271864115918701,0.5852254519562243,0.24371743433692486
2026-05-18 23:53:00,5.891248311202354,5.891177254413654,0.0001641276530656673,0.33130469073912683,0.5864574426182793,0.24353535227112869
2026-05-18 23:54:00,5.901096780491849,5.901021110007052,0.00016399704425814252,0.3354197898007518,0.5876884819519606,0.24334155274157876
2026-05-18 23:55:00,5.910937141581585,5.910856899724631,0.00016385909285219214,0.33953151702522355,0.5889185125944536,0.24313685814187605
2026-05-18 23:56:00,5.920768899499166,5.9206842011493155,0.00016371440347554185,0.3436396958264389,0.5901474817197059,0.24292216562873617
2026-05-18 23:57:00,5.930591559272197,5.930502628141696,0.00016356358075585072,0.3477441647837112,0.5913753410384269,0.24269837235877592
2026-05-18 23:58:00,5.940404625928277,5.940311830840018,0.0001634072293208296,0.35184477764176875,0.5926020467980873,0.24246637548868888
2026-05-18 23:59:00,5.95020760449501,5.950111495660195,0.00016324595379818934,0.35594140331075913,0.5938275597829203,0.2422270721751687
2026-05-19 00:00:00,5.96,5.9599013452958,0.0001630803588155742,0.3600339258662447,0.5950518453139207,0.24198135957481015
2026-05-19 00:01:00,5.969781408165003,5.969681138718064,0.0001629110490007098,0.36412224454920383,0.5962748732488448,0.2417301348443288
2026-05-19 00:02:00,5.979551787488392,5.9794506711758855,0.0001627386289812923,0.3682062737660337,0.5974966179822112,0.2414742951403964
2026-05-19 00:03:00,5.989311187162693,5.989209774195819,0.00016256370338501024,0.372285943088546,0.5987170584453,0.24121473761967352
2026-05-19 00:04:00,5.99905965638043,5.998958315582087,0.00016238687683956717,0.37636119725397105,0.5999361781061535,0.24095235943884294
2026-05-19 00:05:00,6.00879724433414,6.008696199416567,0.0001622087539726295,0.38043199616495427,0.6011539649695756,0.2406880577545323
2026-05-19 00:06:00,6.018524000216339,6.018423366058802,0.0001620299394119007,0.38449831488955777,0.6023704115771319,0.24042272972342427
2026-05-19 00:07:00,6.028239973219558,6.028139792145995,0.00016185103778508422,0.38856014366126074,0.60358551500715,0.24015727250220148
2026-05-19 00:08:00,6.037945212536324,6.037845490593012,0.0001616726033342323,0.39261748787895906,0.6047992768747195,0.23989250848447596
2026-05-19 00:09:00,6.047639767359165,6.047540504546103,0.00016149493837317822,0.3966703655793958,0.6060117025755646,0.23962888624856163
2026-05-19 00:10:00,6.057323686880607,6.057224883197794,0.00016131809328758794,0.40071879732688265,0.6072227982615364,0.23936648055755103
2026-05-19 00:11:00,6.066997020293175,6.066898675740614,0.00016114206807743187,0.4047628036857334,0.6084325700844865,0.23910529141140022
2026-05-19 00:12:00,6.076659816789396,6.076561931367086,0.00016096686274271743,0.40880240522025835,0.6096410241962658,0.2388453188101202
2026-05-19 00:13:00,6.0863121255618005,6.08621469926974,0.0001607924772834668,0.4128376224947715,0.6108481667487259,0.23858656275374396
2026-05-19 00:14:00,6.095953995802912,6.095857028641102,0.00016061891169964296,0.41686847607358446,0.6120540038937179,0.23832902324221647
2026-05-19 00:15:00,6.105585476705256,6.105488968673697,0.00016044616599128296,0.4208949865210092,0.6132585417830929,0.23807270027559277
2026-05-19 00:16:00,6.1152066174613635,6.1151105685600555,0.00016027424015837197,0.42491717440135923,0.6144617865687024,0.23781759385385082
2026-05-19 00:17:00,6.124817467263759,6.124721877492702,0.00016010313420089517,0.4289350602789459,0.6156637444023977,0.23756370397696863
2026-05-19 00:18:00,6.13441807530497,6.134322944664163,0.0001599328481188748,0.4329486647180818,0.6168644214360298,0.23731103064497924
2026-05-19 00:19:00,6.144008490777523,6.143913819266967,0.00015976338191229603,0.4369580082830795,0.6180638238214503,0.23705957385786064
2026-05-19 00:20:00,6.1535887628739445,6.1534945504936385,0.00015959473558115888,0.4409631115382508,0.61926195771051,0.23680933361561282
2026-05-19 00:21:00,6.163158940786762,6.163065187536706,0.00015942690912549296,0.4449639950479083,0.6204588292550606,0.23656030991827973
2026-05-19 00:22:00,6.172719073708503,6.172625779588698,0.00015925990254526124,0.4489606793763653,0.6216544446069533,0.23631250276580643
2026-05-19 00:23:00,6.182269210831695,6.182176375842137,0.00015909371584046372,0.4529531850879325,0.622848809918039,0.23606591215819292
2026-05-19 00:24:00,6.191809401348858,6.191717025489553,0.00015892834901113002,0.4569415327469232,0.6240419313401695,0.23582053809548315
2026-05-19 00:25:00,6.201339694452526,6.201247777723473,0.00015876380205724535,0.4609257429176496,0.6252338150251957,0.23557638057765518
2026-05-19 00:26:00,6.210860139335225,6.210768681736423,0.00015860007497879488,0.46490583616442427,0.626424467124969,0.23533343960468697
2026-05-19 00:27:00,6.220370785189481,6.220279786720928,0.0001584371677758008,0.46888183305155867,0.6276138937913405,0.23509171517661154
2026-05-19 00:28:00,6.22987168120782,6.229781141869519,0.0001582750804482484,0.4728537541433665,0.6288021011761619,0.23485120729340692
2026-05-19 00:29:00,6.239362876582769,6.239272796374718,0.00015811381299613754,0.4768216200041584,0.6299890954312837,0.23461191595507302
2026-05-19 00:30:00,6.248844420506856,6.248754799429055,0.00015795336541948312,0.4807854511982481,0.6311748827085578,0.23437384116163193
2026-05-19 00:31:00,6.258316362172608,6.258227200225056,0.00015779373771828513,0.4847452682899471,0.6323594691598351,0.23413698291308357
2026-05-19 00:32:00,6.267778750772551,6.2676900479552495,0.00015763492989252873,0.48870109184356897,0.6335428609369674,0.233901341209406
2026-05-19 00:33:00,6.277231635499211,6.277143391812159,0.00015747694194220656,0.49265294242342456,0.6347250641918054,0.23366691605058826
2026-05-19 00:34:00,6.286675065545113,6.286587280988314,0.0001573197738673408,0.49660084059382703,0.6359060850762004,0.23343370743666325
2026-05-19 00:35:00,6.29610909010279,6.29602176467624,0.00015716342566792404,0.5005448069190883,0.6370859297420041,0.23320171536762
2026-05-19 00:36:00,6.3055337583647635,6.305446892068465,0.0001570078973439489,0.5044848619635213,0.6382646043410672,0.23297093984344755
2026-05-19 00:37:00,6.314949119523563,6.314862712357514,0.00015685318889542278,0.5084210262914374,0.6394421150252413,0.23274138086415688
2026-05-19 00:38:00,6.324355222771714,6.324269274735916,0.00015669930032236046,0.51235332046715,0.6406184679463777,0.23251303842976992
2026-05-19 00:39:00,6.333752117301744,6.333666628396197,0.00015654623162473236,0.5162817650549713,0.6417936692563277,0.23228591254024278
2026-05-19 00:40:00,6.34313985230618,6.343054822530884,0.00015639398280253847,0.520206380619213,0.6429677251069423,0.23206000319557543
2026-05-19 00:41:00,6.35251847697755,6.352433906332502,0.000156242553855801,0.5241271877241874,0.6441406416500728,0.23183531039580085
2026-05-19 00:42:00,6.361888040508374,6.36180392899358,0.00015609194478451993,0.5280442069342074,0.6453124250375707,0.231611834140919
2026-05-19 00:43:00,6.371248592091189,6.371164939706644,0.00015594215558868048,0.5319574588135854,0.6464830814212872,0.23138957443090793
2026-05-19 00:44:00,6.380600180918516,6.380516987664222,0.00015579318626828264,0.5358669639266332,0.6476526169530732,0.23116853126576767
2026-05-19 00:45:00,6.389942856182883,6.389860122058838,0.00015564503682334122,0.5397727428376633,0.6488210377847804,0.23094870464552017
2026-05-19 00:46:00,6.399276667076816,6.3991943920830225,0.00015549770725384882,0.5436748161109886,0.6499883500682601,0.23073009457015445
2026-05-19 00:47:00,6.408601662792842,6.4085198469293,0.00015535119755979803,0.5475732043109207,0.6511545599553631,0.23051270103965948
2026-05-19 00:48:00,6.417917892523491,6.417836535790198,0.00015520550774118883,0.5514679280017725,0.652319673597941,0.2302965240540353
2026-05-19 00:49:00,6.427225405461287,6.427144507858243,0.00015506063779802866,0.5553590077478555,0.6534836971478449,0.23008156361329293
2026-05-19 00:50:00,6.436524250798753,6.436443812325962,0.00015491658773033232,0.5592464641134829,0.6546466367569262,0.2298678197174543
2026-05-19 00:51:00,6.4458144777284225,6.445734498385883,0.00015477335753807017,0.5631303176629672,0.6558084985770364,0.22965529236647542
2026-05-19 00:52:00,6.45509613544282,6.45501661523053,0.00015463094722124963,0.5670105889606197,0.6569692887600262,0.22944398156036733
2026-05-19 00:53:00,6.464369273134471,6.464290212052433,0.0001544893567798855,0.5708872985707536,0.6581290134577473,0.229233887299152
2026-05-19 00:54:00,6.4736339399959055,6.473555338044116,0.000154348586213963,0.5747604670576808,0.6592876788220507,0.2290250095828075
2026-05-19 00:55:00,6.482890185219647,6.482812042398108,0.00015420863552348212,0.5786301149857137,0.6604452910047879,0.22881734841133378
2026-05-19 00:56:00,6.492138057998225,6.492060374306934,0.00015406950470846502,0.5824962629191645,0.6616018561578098,0.22861090378476373
2026-05-19 00:57:00,6.501377607524162,6.501300382963124,0.00015393119376889698,0.5863589314223464,0.6627573804329682,0.22840567570307552
2026-05-19 00:58:00,6.510608882989991,6.510532117559202,0.0001537937027047631,0.5902181410595708,0.6639118699821138,0.22820166416624707
2026-05-19 00:59:00,6.519831933588231,6.5197556272876955,0.00015365703151607826,0.5940739123951505,0.6650653309570983,0.2279988691743004
2026-05-19 01:00:00,6.529046808511417,6.528970961341131,0.00015352118020284244,0.5979262659933975,0.6662177695097726,0.22779729072723554
2026-05-19 01:01:00,6.538253556952074,6.538178168912037,0.00015338614876506302,0.6017752224186245,0.6673691917919884,0.22759692882506338
2026-05-19 01:02:00,6.547452228102723,6.547377299192939,0.00015325193720271783,0.6056208022351439,0.6685196039555967,0.22739778346775105
2026-05-19 01:03:00,6.556642871155899,6.556568401376363,0.00015311854551582164,0.6094630260072673,0.6696690121524486,0.22719985465532047
2026-05-19 01:04:00,6.56582553530412,6.5657515246548375,0.00015298597370437447,0.6133019142993079,0.6708174225343957,0.2270031423877717
2026-05-19 01:05:00,6.575000269739921,6.574926718220888,0.0001528542217683689,0.6171374876755773,0.6719648412532889,0.22680764666509368
2026-05-19 01:06:00,6.584167123655825,6.584094031267042,0.00015272328970782715,0.6209697667003883,0.6731112744609797,0.2266133674873194
2026-05-19 01:07:00,6.593326146244361,6.593253512985827,0.0001525931775227196,0.6247987719380534,0.6742567283093195,0.22642030485440492
2026-05-19 01:08:00,6.602477386698051,6.602405212569768,0.0001524638852130611,0.6286245239528843,0.6754012089501592,0.22622845876637224
2026-05-19 01:09:00,6.611620894209428,6.611549179211394,0.00015233541277885157,0.6324470433091941,0.6765447225353504,0.22603782922322127
2026-05-19 01:10:00,6.620756717971012,6.62068546210323,0.00015220776022009848,0.6362663505712943,0.677687275216744,0.2258484162249631
2026-05-19 01:11:00,6.6298849071753345,6.629814110437806,0.0001520809275367796,0.6400824663034987,0.6788288731461919,0.22566021977156475
2026-05-19 01:12:00,6.639005511014925,6.638935173407644,0.0001519549147289097,0.6438954110701175,0.6799695224755445,0.22547323986304812
2026-05-19 01:13:00,6.648118578682304,6.648048700205275,0.00015182972179648887,0.6477052054354652,0.6811092293566539,0.2252874764994133
2026-05-19 01:14:00,6.657224159370003,6.6571547400232225,0.00015170534873951703,0.651511869963852,0.6822479999413706,0.22510292968066026
2026-05-19 01:15:00,6.666322302270546,6.666253342054017,0.00015158179555800158,0.6553154252195925,0.6833858403815465,0.22491959940679992
2026-05-19 01:16:00,6.675413056576462,6.675344555490183,0.00015145906225191296,0.6591158917669974,0.6845227568290324,0.22473748567778842
2026-05-19 01:17:00,6.684496471480275,6.684428429524247,0.00015133714882128077,0.6629132901703795,0.6856587554356798,0.22455658849366972
2026-05-19 01:18:00,6.693572596174514,6.693505013348736,0.00015121605526609018,0.6667076409940511,0.6867938423533401,0.22437690785442177
2026-05-19 01:19:00,6.702641479851704,6.702574356156178,0.00015109578158637078,0.6704989648023243,0.6879280237338641,0.22419844376008852
2026-05-19 01:20:00,6.711703171704376,6.711636507139101,0.0001509763277820782,0.674287282159513,0.6890613057291036,0.2240211962106041
2026-05-19 01:21:00,6.720757720925054,6.720691515490027,0.00015085769385321247,0.6780726136299268,0.6901936944909092,0.22384516520596853
2026-05-19 01:22:00,6.729805176706263,6.729739430401486,0.00015073987979983273,0.6818549797778797,0.6913251961711327,0.22367035074626962
2026-05-19 01:23:00,6.738845588240533,6.738780301066007,0.000150622885621902,0.6856344011676845,0.6924558169216254,0.22349675283145248
2026-05-19 01:24:00,6.747879004720389,6.747814176676115,0.0001505067113193981,0.6894108983636531,0.6935855628942386,0.22332437146148418
2026-05-19 01:25:00,6.75690547533836,6.756841106424335,0.00015039135689233577,0.6931844919300972,0.694714440240823,0.22315320663638663
2026-05-19 01:26:00,6.765925049286969,6.765861139503195,0.00015027682234072988,0.6969552024313296,0.6958424551132303,0.22298325835618185
2026-05-19 01:27:00,6.774937775758747,6.774874325105222,0.0001501631076645804,0.7007230504316625,0.6969696136633117,0.22281452662086984
2026-05-19 01:28:00,6.783943703946215,6.7838807124229445,0.00015005021286387254,0.7044880564954088,0.6980959220429186,0.2226470114304286
2026-05-19 01:29:00,6.792942883041908,6.792880350648887,0.0001499381379385989,0.7082502411868802,0.699221386403902,0.22248071278484716
2026-05-19 01:30:00,6.801935362238348,6.801873288975576,0.00014982688288878905,0.7120096250703889,0.700346012898113,0.22231563068416946
2026-05-19 01:31:00,6.810921190728062,6.810859576595542,0.00014971644771442084,0.7157662287102482,0.7014698076774036,0.22215176512836257
2026-05-19 01:32:00,6.819900417703577,6.819839262701307,0.00014960683241549422,0.7195200726707691,0.7025927768936242,0.22198911611742644
2026-05-19 01:33:00,6.828873092357422,6.828812396485401,0.00014949803699203142,0.7232711775162651,0.7037149266986267,0.22182768365139405
2026-05-19 01:34:00,6.8378392638821195,6.837779027140351,0.00014939006144400283,0.7270195638110483,0.7048362632442621,0.22166746773022145
2026-05-19 01:35:00,6.846798981470202,6.846739203858681,0.00014928290577141586,0.7307652521194304,0.7059567926823817,0.22150846835391969
2026-05-19 01:36:00,6.85575229431419,6.855692975832921,0.0001491765699742853,0.7345082630057242,0.7070765211648365,0.2213506855225106
2026-05-19 01:37:00,6.864699251606614,6.864640392255596,0.00014907105405261115,0.738248617034242,0.7081954548434781,0.22119411923599433
2026-05-19 01:38:00,6.87363990254,6.873581502319234,0.0001489663580063638,0.7419863347692967,0.709313599870158,0.22103876949432685
2026-05-19 01:39:00,6.882574296306877,6.882516355216359,0.0001488624818355655,0.7457214367751991,0.7104309623967268,0.22088463629754115
2026-05-19 01:40:00,6.891502482099769,6.891445000139502,0.0001487594255402384,0.7494539436162629,0.7115475485750361,0.2207317196456702
2026-05-19 01:41:00,6.900424509111204,6.900367486281188,0.0001486571891203455,0.7531838758568005,0.7126633645569372,0.22058001953865902
2026-05-19 01:42:00,6.909340426533708,6.909283862833943,0.0001485557725758868,0.7569112540611236,0.7137784164942815,0.22042953597650763
2026-05-19 01:43:00,6.918250283559809,6.918194178990294,0.00014845517590689195,0.7606360987935443,0.7148927105389199,0.22028026895926
2026-05-19 01:44:00,6.927154129382036,6.92709848394277,0.0001483553991133461,0.7643584306183759,0.716006252842704,0.22013221848689415
2026-05-19 01:45:00,6.93605201319291,6.935996826883896,0.00014825644219522703,0.7680782700999301,0.7171190495574847,0.21998538455937708
2026-05-19 01:46:00,6.944943984184961,6.9448892570061975,0.00014815830515257182,0.7717956378025189,0.7182311068351136,0.21983976717676376
2026-05-19 01:47:00,6.953830091550718,6.9537758235022045,0.0001480609879853656,0.7755105542904557,0.719342430827442,0.21969536633903222
2026-05-19 01:48:00,6.962710384482704,6.962656575564441,0.000147964490693601,0.7792230401280519,0.7204530276863207,0.2195521820461715
2026-05-19 01:49:00,6.971584912173446,6.971531562385437,0.00014786881327727802,0.7829331158796204,0.7215629035636014,0.21941021429818153
2026-05-19 01:50:00,6.980453723815476,6.980400833157715,0.00014777395573641142,0.7866408021094727,0.7226720646111352,0.2192694630950843
2026-05-19 01:51:00,6.989316868601318,6.989264437073806,0.00014767991807099385,0.7903461193819225,0.7237805169807735,0.21912992843686885
2026-05-19 01:52:00,6.998174395723495,6.998122423326234,0.0001475867002810105,0.7940490882612808,0.7248882668243671,0.21899161032351322
2026-05-19 01:53:00,7.007026354374539,7.006974841107527,0.00014749430236649097,0.7977497293118607,0.725995320293768,0.2188545087550613
2026-05-19 01:54:00,7.015872793746972,7.015821739610213,0.00014740272432742045,0.8014480630979746,0.7271016835408269,0.21871862373149117
2026-05-19 01:55:00,7.0247137630333265,7.024663168026818,0.00014731196616377674,0.8051441101839347,0.7282073627173954,0.21858395525276986
2026-05-19 01:56:00,7.033549311426124,7.033499175549866,0.00014722202787558202,0.8088378911340526,0.7293123639753243,0.2184505033189303
2026-05-19 01:57:00,7.042379488117898,7.0423298113718875,0.00014713290946285855,0.8125294265126415,0.7304166934664654,0.2183182679300055
2026-05-19 01:58:00,7.051204342301166,7.051155124685409,0.00014704461092557669,0.8162187368840139,0.7315203573426697,0.21818724908595147
2026-05-19 01:59:00,7.0600239231684645,7.059975164682957,0.00014695713226372162,0.8199058428124818,0.7326233617557887,0.21805744678674624
2026-05-19 02:00:00,7.0688382799123115,7.068789980557056,0.00014687047347732295,0.8235907648623569,0.7337257128576731,0.21792886103243375
2026-05-19 02:01:00,7.07764746172524,7.0775996215002355,0.00014678463456636593,0.8272735235979525,0.7348274168001746,0.2178014918229921
2026-05-19 02:02:00,7.0864515177997776,7.08640413670502,0.0001466996155308727,0.8309541395835798,0.7359284797351442,0.21767533915845413
2026-05-19 02:03:00,7.095250497328445,7.09520357536394,0.0001466154163708359,0.8346326333835531,0.7370289078144338,0.21755040303880896
2026-05-19 02:04:00,7.104044449503774,7.10399798666952,0.0001465320370862111,0.8383090255621831,0.738128707189894,0.21742668346399063
2026-05-19 02:05:00,7.112833423518289,7.1127874198142855,0.00014644947767705012,0.8419833366837821,0.739227884013376,0.217304180434076
2026-05-19 02:06:00,7.12161746856452,7.121571923990766,0.00014636773814334555,0.8456555873126634,0.7403264444367316,0.21718289394905418
2026-05-19 02:07:00,7.13039663383499,7.130351548391487,0.00014628681848508258,0.8493257980131388,0.7414243946118118,0.2170628240089031
2026-05-19 02:08:00,7.139170968522228,7.139126342208976,0.00014620671870226124,0.8529939893495208,0.7425217406904678,0.21694397061362283
2026-05-19 02:09:00,7.147940521818761,7.147896354635758,0.00014612743879488892,0.8566601818861213,0.7436184888245508,0.21682633376322435
2026-05-19 02:10:00,7.156705342917114,7.156661634864363,0.000146048978762973,0.8603243961872531,0.7447146451659125,0.21670991345771862
2026-05-19 02:11:00,7.165465481009816,7.165422232087315,0.0001459713386064987,0.8639866528172285,0.7458102158664035,0.21659470969708364
2026-05-19 02:12:00,7.174220985289393,7.174178195497142,0.000145894518325466,0.8676469723403598,0.7469052070778757,0.21648072248131944
2026-05-19 02:13:00,7.18297190494837,7.182929574286371,0.0001458185179198749,0.8713053753209591,0.7479996249521799,0.21636795181042603
2026-05-19 02:14:00,7.191718289179278,7.191676417647527,0.00014574333738974764,0.8749618823233386,0.7490934756411675,0.21625639768443639
2026-05-19 02:15:00,7.20046018717464,7.200418774773141,0.0001456689767350694,0.8786165139118115,0.7501867652966897,0.2161460601033285
2026-05-19 02:16:00,7.209197648126985,7.209156694855736,0.00014559543595581796,0.8822692906506895,0.751279500070598,0.21603693906706947
2026-05-19 02:17:00,7.2179307212288375,7.217890227087839,0.00014552271505203034,0.8859202331042845,0.7523716861147434,0.21592903457571416
2026-05-19 02:18:00,7.226659455672726,7.226619420661979,0.00014545081402369913,0.88956936183691,0.7534633295809775,0.21582234662925157
2026-05-19 02:19:00,7.235383900651181,7.235344324770683,0.0001453797328708021,0.8932166974128778,0.7545544366211513,0.21571687522764876
2026-05-19 02:20:00,7.244104105356722,7.244064988606476,0.00014530947159335412,0.8968622603965001,0.7556450133871161,0.21561262037092777
2026-05-19 02:21:00,7.25282011898188,7.252781461361885,0.00014524003019134035,0.9005060713520894,0.7567350660307233,0.2155095820590666
2026-05-19 02:22:00,7.261531990719182,7.2614937922294365,0.00014517140866478299,0.9041481508439572,0.7578246007038235,0.21540776029209813
2026-05-19 02:23:00,7.270239769761154,7.270202030401659,0.00014510360701368205,0.9077885194364171,0.758913623558269,0.21530715507002246
2026-05-19 02:24:00,7.278943505300322,7.278906225071078,0.0001450366252380153,0.9114271976937807,0.7600021407459103,0.21520776639280656
2026-05-19 02:25:00,7.287643246529215,7.287606425430221,0.000144970463337805,0.9150642061803604,0.7610901584185991,0.21510959426048346
2026-05-19 02:26:00,7.2963390426403585,7.296302680671615,0.00014490512131304367,0.918699565460469,0.7621776827281863,0.21501263867304207
2026-05-19 02:27:00,7.30503094282628,7.304995039987786,0.00014484059916372398,0.9223332960984185,0.7632647198265236,0.2149168996304715
2026-05-19 02:28:00,7.313718996279505,7.313683552571262,0.0001447768968898533,0.9259654186585211,0.7643512758654617,0.21482237713278268
2026-05-19 02:29:00,7.322403252192561,7.322368267614569,0.00014471401449142423,0.9295959537050895,0.7654373569968523,0.21472907117996468
2026-05-19 02:30:00,7.331083759757974,7.331049234310233,0.00014465195196845156,0.9332249218024354,0.7665229693725465,0.21463698177203938
2026-05-19 02:31:00,7.339760568168273,7.339726501850783,0.00014459070932093532,0.9368523435148721,0.7676081191443958,0.21454610890900688
2026-05-19 02:32:00,7.348433726615985,7.348400119428745,0.00014453028654884588,0.9404782394067116,0.7686928124642511,0.21445645259082316
2026-05-19 02:33:00,7.3571032842936335,7.357070136236644,0.00014447068365219806,0.9441026300422655,0.7697770554839639,0.21436801281751028
2026-05-19 02:34:00,7.365769290393748,7.365736601467009,0.00014441190063102145,0.9477255359858464,0.7708608543553852,0.21428078958911206
2026-05-19 02:35:00,7.374431794108855,7.374399564312367,0.00014435393748528645,0.9513469778017678,0.7719442152303666,0.21419478290558466
2026-05-19 02:36:00,7.383090844631481,7.383059073965243,0.0001442967942149857,0.9549669760543406,0.7730271442607592,0.2141099927669171
2026-05-19 02:37:00,7.391746491154155,7.391715179618165,0.00014424047082014133,0.9585855513078777,0.7741096475984143,0.21402641917314225
2026-05-19 02:38:00,7.400398782869397,7.40036793046366,0.00014418496730075336,0.9622027241266915,0.775191731395183,0.21394406212426015
2026-05-19 02:39:00,7.409047768969742,7.409017375694256,0.00014413028365679962,0.9658185150750948,0.7762734018029169,0.21386292162023784
2026-05-19 02:40:00,7.417693498647712,7.417663564502476,0.0001440764198882875,0.9694329447173986,0.7773546649734671,0.21378299766108638
2026-05-19 02:41:00,7.426336021095836,7.42630654608085,0.0001440233759952318,0.9730460336179164,0.7784355270586846,0.21370429024682763
2026-05-19 02:42:00,7.434975385506641,7.434946369621904,0.00014397115197763247,0.9766578023409599,0.7795159942104207,0.2136267993774616
2026-05-19 02:43:00,7.44361164107265,7.443583084318166,0.00014391974783547478,0.9802682714508425,0.7805960725805273,0.2135505250529664
2026-05-19 02:44:00,7.452244836986395,7.452216739362161,0.00014386916356875132,0.9838774615118752,0.7816757683208551,0.21347546727333103
2026-05-19 02:45:00,7.4608750224403995,7.460847383946416,0.00014381939917748425,0.9874853930883709,0.7827550875832554,0.21340162603858837
2026-05-19 02:46:00,7.469502246627193,7.469475067263459,0.00014377045466166619,0.991092086744642,0.7838340365195794,0.21332900134872745
2026-05-19 02:47:00,7.4781265587393,7.478099838505816,0.00014372233002130457,0.9946975630450008,0.7849126212816787,0.21325759320375937
2026-05-19 02:48:00,7.486748007969247,7.486721746866015,0.00014367502525638453,0.99830184255376,0.7859908480214043,0.21318740160366198
2026-05-19 02:49:00,7.4953666435095645,7.495340841536582,0.00014362854036689132,1.0019049458352314,0.7870687228906076,0.21311842654841345
2026-05-19 02:50:00,7.503982514552775,7.503957171710042,0.00014358287535285453,1.005506893453727,0.7881462520411397,0.2130506680380577
2026-05-19 02:51:00,7.5125956702914065,7.512570786578925,0.00014353803021428894,1.0091077059735598,0.7892234416248519,0.21298412607261663
2026-05-19 02:52:00,7.521206159917987,7.521181735335757,0.00014349400495116497,1.0127074039590425,0.7903002977935958,0.21291880065204638
2026-05-19 02:53:00,7.529814032625044,7.529790067173065,0.00014345076736919834,1.016306007974487,0.7913768266992223,0.21285464400593032
2026-05-19 02:54:00,7.538419337605103,7.538395827420061,0.0001434081243028388,1.0199035369691962,0.7924530340104499,0.21279136951199945
2026-05-19 02:55:00,7.547022124050689,7.546999042089405,0.00014336572161517404,1.023500001817433,0.7935289229803335,0.2127284516959898
2026-05-19 02:56:00,7.555622441154332,7.555599714013882,0.0001433231729750221,1.0270954037034066,0.7946044939631323,0.21266531731324254
2026-05-19 02:57:00,7.564220338108559,7.564197822846408,0.00014328009205120859,1.0306897341212768,0.795679744414308,0.21260139311910997
2026-05-19 02:58:00,7.572815864105895,7.572793325060027,0.0001432360925125516,1.0342829748751516,0.796754668890527,0.2125361058689334
2026-05-19 02:59:00,7.581409068338865,7.581386153947914,0.00014319078802791375,1.0378750980790883,0.7978292590496592,0.21246888231811997
2026-05-19 03:00:00,7.59,7.589976219623376,0.0001431437922660835,1.0414660661570938,0.7989035036507777,0.2123991492219671
2026-05-19 03:01:00,7.5985886503321485,7.598563409019844,0.00014309471889589382,1.045055831843122,0.7999773885541597,0.21232633333583792
2026-05-19 03:02:00,7.60717477877946,7.607147585890884,0.00014304318158618509,1.0486443381810782,0.801050896721286,0.2122498614151068
2026-05-19 03:03:00,7.615758086836401,7.615728590810186,0.0001429887940057828,1.0522315185248148,0.8021240082148414,0.2121691602151259
2026-05-19 03:04:00,7.624338275997444,7.624306241171578,0.00014293116982351252,1.055817296538135,0.8031967001987139,0.21208365649124758
2026-05-19 03:05:00,7.632915047757063,7.632880331189008,0.00014286992270818495,1.059401586194789,0.8042689469379956,0.211992776998802
2026-05-19 03:06:00,7.641488103609727,7.64145063189656,0.0001428046663286331,1.062984291778477,0.8053407197989819,0.21189594849315255
2026-05-19 03:07:00,7.650057145049904,7.650016891148444,0.00014273501435370465,1.066565307882848,0.8064119872491721,0.21179259772968437
2026-05-19 03:08:00,7.658621873572068,7.658578833619004,0.00014266061264647985,1.0701445194115013,0.8074827148572695,0.2116821992341224
2026-05-19 03:09:00,7.667181990670692,7.667136164666021,0.00014258126804136406,1.0737218031929912,0.8085528657763134,0.21156446638413182
2026-05-19 03:10:00,7.675737197840242,7.675688585783968,0.00014249694834408781,1.0772970344408657,0.8096224026762106,0.211439351409318
2026-05-19 03:11:00,7.684287196575192,7.684235798467312,0.0001424076535546585,1.0808700883686706,0.8106912882268674,0.21130685430969184
2026-05-19 03:12:00,7.69283168837001,7.692777504210527,0.00014231338367309092,1.0844408401899541,0.8117594850981908,0.2111669750852754
2026-05-19 03:13:00,7.701370374719172,7.701313404508083,0.00014221413869937028,1.0880091651182628,0.8128269559600877,0.21101971373604667
2026-05-19 03:14:00,7.709902957117144,7.7098432008544515,0.00014210991863348917,1.0915749383671443,0.8138936634824648,0.21086507026199466
2026-05-19 03:15:00,7.7184291370584,7.718366594744102,0.0001420007234754624,1.0951380351501445,0.8149595703352283,0.21070304466314138
2026-05-19 03:16:00,7.726948616037409,7.726883287671507,0.0001418865532252826,1.098698330680812,0.8160246391882855,0.21053363693947583
2026-05-19 03:17:00,7.735461095548643,7.7353929811311355,0.0001417674078829497,1.1022557001726923,0.8170888327115425,0.21035684709099797
2026-05-19 03:18:00,7.743966277086574,7.743895376617461,0.00014164328744847114,1.105810018839334,0.8181521135749067,0.2101726751177188
2026-05-19 03:19:00,7.752463862145669,7.752390175624952,0.00014151419192183213,1.109361161894283,0.8192144444482842,0.2099811210196164
2026-05-19 03:20:00,7.7609535522204025,7.760877079648081,0.00014138012130305485,1.112909004551087,0.8202757880015822,0.20978218479672367
2026-05-19 03:21:00,7.769435048805244,7.769355790181319,0.0001412410755921171,1.116453422023293,0.8213361069047073,0.20957586644900766
2026-05-19 03:22:00,7.777908053394666,7.777826008719135,0.0001410970547890189,1.1199942895244477,0.822395363827566,0.20936216597646842
2026-05-19 03:23:00,7.78637226748314,7.786287436756001,0.00014094805889378244,1.1235314822680982,0.823453521440065,0.20914108337913884
2026-05-19 03:24:00,7.79482739256513,7.794739775786389,0.0001407940879064003,1.1270648754677923,0.8245105424121113,0.20891261865700797
2026-05-19 03:25:00,7.803273130135114,7.803182727304769,0.00014063514182686512,1.1305943443370765,0.8255663894136114,0.20867677181006483
2026-05-19 03:26:00,7.811709181687562,7.811615992805613,0.0001404712206551621,1.1341197640894982,0.8266210251144722,0.20843354283828747
2026-05-19 03:27:00,7.8201352487169435,7.820039273783388,0.00014030232439131337,1.1376410099386036,0.8276744121845999,0.20818293174170877
2026-05-19 03:28:00,7.828551032717731,7.82845227173257,0.000140128453035319,1.1411579570979409,0.8287265132939019,0.20792493852032878
2026-05-19 03:29:00,7.836956235184392,7.836854688147627,0.00013994960658717895,1.1446704807810564,0.8297772911122845,0.20765956317414747
2026-05-19 03:30:00,7.8453505576113995,7.845246224523032,0.00013976578504687847,1.148178456201498,0.8308267083096545,0.20738680570314294
2026-05-19 03:31:00,7.853733701493227,7.853626582353252,0.00013957698841441009,1.1516817585728114,0.8318747275559186,0.20710666610730413
2026-05-19 03:32:00,7.862105368324341,7.861995463132761,0.00013938321668981827,1.1551802631085446,0.8329213115209834,0.206819144386697
2026-05-19 03:33:00,7.870465259599216,7.87035256835603,0.00013918446987308078,1.1586738450222451,0.8339664228747561,0.20652424054128854
2026-05-19 03:34:00,7.878813076812319,7.878697599517531,0.00013898074796417543,1.1621623795274596,0.8350100242871429,0.20622195457104583
2026-05-19 03:35:00,7.8871485214581245,7.887030258111731,0.00013877205096310223,1.1656457418377346,0.8360520784280506,0.20591228647596893
2026-05-19 03:36:00,7.8954712950311015,7.895350245633103,0.00013855837886989815,1.1691238071666172,0.8370925479673857,0.20559523625611265
2026-05-19 03:37:00,7.903781099025722,7.903657263576119,0.00013833973168454842,1.1725964507276556,0.8381313955750556,0.20527080391145508
2026-05-19 03:38:00,7.912077634936456,7.911951013435249,0.00013811610940703823,1.176063547734396,0.8391685839209664,0.20493898944197428
2026-05-19 03:39:00,7.920360604257777,7.920231196704964,0.00013788751203738236,1.1795249734003854,0.8402040756750251,0.2045997928476921
2026-05-19 03:40:00,7.928629708484152,7.9284975148797345,0.00013765393957555864,1.1829806029391716,0.8412378335071384,0.20425321412857575
2026-05-19 03:41:00,7.936884649110054,7.936749669454031,0.00013741539202159666,1.1864303115643002,0.8422698200872126,0.20389925328466907
2026-05-19 03:42:00,7.945125127629951,7.944987361922326,0.0001371718693754816,1.1898739744893203,0.8432999980851551,0.2035379103159501
2026-05-19 03:43:00,7.953350845538321,7.9532102937790885,0.0001369233716372135,1.193311466927777,0.8443283301708719,0.20316918522241884
2026-05-19 03:44:00,7.961561504329628,7.961418166518792,0.00013666989880679233,1.1967426640932188,0.8453547790142705,0.2027930780040753
2026-05-19 03:45:00,7.969756805498346,7.969610681635904,0.0001364114508842255,1.2001674411991918,0.8463793072852568,0.2024095886609305
2026-05-19 03:46:00,7.977936450538944,7.977787540624899,0.0001361480278695056,1.2035856734592443,0.8474018776537381,0.2020187171929734
2026-05-19 03:47:00,7.9861001409458945,7.985948444980244,0.00013587962976262523,1.2069972360869217,0.8484224527896207,0.201620463600193
2026-05-19 03:48:00,7.9942475782136695,7.994093096196414,0.00013560625656360663,1.2104020042957724,0.8494409953628116,0.20121482788262232
2026-05-19 03:49:00,8.002378463836738,8.002221195767877,0.00013532790827242754,1.213799853299343,0.8504574680432174,0.20080181004022837
2026-05-19 03:50:00,8.01049249930957,8.010332445189105,0.0001350445848891102,1.2171906583111805,0.8514718335007447,0.2003814100730441
2026-05-19 03:51:00,8.01858938612664,8.01842654595457,0.0001347562864136324,1.2205742945448326,0.8524840544053006,0.1999536279810366
2026-05-19 03:52:00,8.026668825782417,8.026503199558741,0.00013446301284599413,1.2239506372138453,0.8534940934267915,0.1995184637642058
2026-05-19 03:53:00,8.034730519771369,8.03456210749609,0.0001341647641862102,1.2273195615317665,0.854501913235124,0.19907591742257372
2026-05-19 03:54:00,8.042774169587974,8.042602971261086,0.0001338615404342954,1.2306809427121426,0.855507476500205,0.19862598895616226
2026-05-19 03:55:00,8.050799476726693,8.050625492348205,0.00013355334159020533,1.2340346559685222,0.8565107458919415,0.1981686783649056
2026-05-19 03:56:00,8.058806142682005,8.058629372251911,0.0001332401676539548,1.23738057651445,0.8575116840802396,0.1977039856488257
2026-05-19 03:57:00,8.06679386894838,8.06661431246668,0.00013292201862558824,1.240718579563475,0.8585102537350061,0.19723191080798844
2026-05-19 03:58:00,8.074762357020285,8.074580014486981,0.0001325988945050464,1.244048540329144,0.8595064175261484,0.1967524538423059
2026-05-19 03:59:00,8.082711308392192,8.082526179807285,0.00013227079529235888,1.2473703340250029,0.8605001381235725,0.1962656147518221
2026-05-19 04:00:00,8.090640424558577,8.090452509922065,0.00013193772098752573,1.2506838358646002,0.8614913781971855,0.195771393536537
2026-05-19 04:01:00,8.098549407013907,8.098358706325788,0.0001315996715905173,1.253988921061482,0.8624801004168937,0.19526979019640667
2026-05-19 04:02:00,8.106437957252648,8.106244470512927,0.0001312566471013632,1.2572854648291956,0.8634662674526041,0.19476080473147503
2026-05-19 04:03:00,8.11430577676928,8.114109503977952,0.00013090864752007825,1.2605733423812877,0.8644498419742234,0.19424443714176406
2026-05-19 04:04:00,8.122152567058267,8.121953508215336,0.00013055567284664765,1.2638524289313067,0.8654307866516583,0.19372068742725182
2026-05-19 04:05:00,8.129978029614087,8.12977618471955,0.00013019772308104177,1.2671225996927988,0.8664090641548158,0.19318955558789433
2026-05-19 04:06:00,8.137781865931203,8.137577234985061,0.0001298347982232902,1.2703837298793106,0.8673846371536018,0.19265104162373553
2026-05-19 04:07:00,8.145563777504092,8.145356360506344,0.00012946689827339302,1.27363569470439,0.8683574683179238,0.19210514553477545
2026-05-19 04:08:00,8.153323465827219,8.153113262777868,0.00012909402323133535,1.2768783693815837,0.8693275203176882,0.1915518673209921
2026-05-19 04:09:00,8.16106063239506,8.160847643294105,0.00012871617309713202,1.2801116291244388,0.8702947558228017,0.19099120698240746
2026-05-19 04:10:00,8.168774978702084,8.168559203549524,0.00012833334787078302,1.283335349146502,0.871259137503171,0.1904231645190215
2026-05-19 04:11:00,8.176466206242763,8.176247645038599,0.00012794554755227356,1.2865494046613215,0.8722206280287029,0.18984773993081228
2026-05-19 04:12:00,8.18413401651157,8.183912669255797,0.00012755277214161845,1.2897536708824429,0.8731791900693042,0.18926493321780177
2026-05-19 04:13:00,8.191778111002968,8.191553977695593,0.0001271550216388177,1.2929480230234147,0.8741347862948814,0.18867474437999
2026-05-19 04:14:00,8.199398191211435,8.199171271852455,0.00012675229604385644,1.296132336297783,0.8750873793753413,0.18807717341735491
2026-05-19 04:15:00,8.20699395863144,8.206764253220856,0.00012634459535673475,1.2993064859190955,0.8760369319805908,0.18747222032989658
2026-05-19 04:16:00,8.214565114757455,8.214332623295263,0.00012593191957748217,1.302470347100898,0.876983406780536,0.18685988511765889
2026-05-19 04:17:00,8.222111361083947,8.221876083570153,0.00012551426870606916,1.30562379505674,0.8779267664450846,0.186240167780598
2026-05-19 04:18:00,8.22963239910539,8.229394335539991,0.00012509164274249567,1.3087667050001657,0.8788669736441422,0.1856130683187138
2026-05-19 04:19:00,8.237127930316253,8.236887080699253,0.0001246640416867913,1.3118989521447244,0.8798039910476163,0.18497858673205025
2026-05-19 04:20:00,8.244597656211015,8.244354020542406,0.00012423146553891168,1.315020411703962,0.8807377813254135,0.1843367230205415
2026-05-19 04:21:00,8.252041278284135,8.251794856563922,0.0001237939142988864,1.3181309588914258,0.88166830714744,0.18368747718423145
2026-05-19 04:22:00,8.25945849803009,8.259209290258273,0.00012335138796671548,1.3212304689206629,0.8825955311836031,0.1830308492231201
2026-05-19 04:23:00,8.266849016943352,8.266597023119928,0.00012290388654239887,1.3243188170052205,0.8835194161038094,0.18236683913720744
2026-05-19 04:24:00,8.274212536518387,8.27395775664336,0.0001224514100259218,1.327395878358646,0.8844399245779654,0.18169544692647155
2026-05-19 04:25:00,8.281548758249674,8.281291192323039,0.00012199395841728429,1.3304615281944854,0.8853570192759777,0.1810166725909124
2026-05-19 04:26:00,8.288857383631672,8.288597031653435,0.00012153153171653071,1.3335156417262863,0.8862706628677534,0.18033051613059584
2026-05-19 04:27:00,8.296138114158865,8.295874976129022,0.00012106412992360186,1.3365580941675974,0.8871808180231993,0.17963697754543406
2026-05-19 04:28:00,8.303390651325712,8.303124727244267,0.00012059175303849775,1.339588760731963,0.8880874474122215,0.1789360568354271
2026-05-19 04:29:00,8.310614696626693,8.310345986493642,0.00012011440106129238,1.3426075166329314,0.888990513704727,0.1782277540006847
2026-05-19 04:30:00,8.317809951556278,8.317538455371622,0.00011963207399191174,1.3456142370840511,0.8898899795706231,0.17751206904109706
2026-05-19 04:31:00,8.324976117608934,8.324701835372672,0.00011914477183035584,1.3486087972988667,0.8907858076798155,0.1767890019566642
2026-05-19 04:32:00,8.33211289627913,8.331835827991265,0.00011865249457668389,1.3515910724909266,0.8916779607022116,0.17605855274747398
2026-05-19 04:33:00,8.339219989061343,8.338940134721874,0.00011815524223083666,1.354560937873778,0.8925664013077179,0.17532072141343855
2026-05-19 04:34:00,8.346297097450043,8.346014457058965,0.00011765301479284377,1.3575182686609668,0.893451092166241,0.17457550795460178
2026-05-19 04:35:00,8.353343922939699,8.353058496497015,0.00011714581226272003,1.3604629400660415,0.8943319959476878,0.1738229123709857
2026-05-19 04:36:00,8.360360167024776,8.360071954530492,0.00011663363464043582,1.3633948273025487,0.8952090753219649,0.17306293466254635
2026-05-19 04:37:00,8.367345531199758,8.367054532653867,0.00011611648192599115,1.3663138055840358,0.8960822929589792,0.17229557482928376
2026-05-19 04:38:00,8.374299716959104,8.37400593236161,0.00011559435411940081,1.3692197501240488,0.8969516115286372,0.17152083287121983
2026-05-19 04:39:00,8.381222425797294,8.380925855148195,0.00011506725122065001,1.3721125361361362,0.8978169937008458,0.17073870878833267
2026-05-19 04:40:00,8.388113359208793,8.387814002508089,0.00011453517322975355,1.3749920388338432,0.8986784021455114,0.1699492025806442
2026-05-19 04:41:00,8.394972218688073,8.394670075935766,0.00011399812014671144,1.3778581334307192,0.8995357995325411,0.16915231424815444
2026-05-19 04:42:00,8.401798705729606,8.401493776925694,0.00011345609197149405,1.3807106951403092,0.9003891485318413,0.16834804379081944
2026-05-19 04:43:00,8.408592521827865,8.408284806972345,0.00011290908870414581,1.3835495991761608,0.9012384118133185,0.16753639120870512
2026-05-19 04:44:00,8.415353368477316,8.415042867570191,0.00011235711034466671,1.3863747207518218,0.9020835520468801,0.16671735650181146
2026-05-19 04:45:00,8.422080947172432,8.421767660213705,0.00011180015689301233,1.3891859350808395,0.9029245319024326,0.16589093967007257
2026-05-19 04:46:00,8.428774959407685,8.428458886397353,0.0001112382283491975,1.3919831173767596,0.9037613140498822,0.1650571407135104
2026-05-19 04:47:00,8.435435106677545,8.435116247615609,0.00011067132471323701,1.3947661428531304,0.9045938611591362,0.16421595963214697
2026-05-19 04:48:00,8.442061090476484,8.441739445362941,0.00011009944598513084,1.3975348867234978,0.9054221359001009,0.16336739642598222
2026-05-19 04:49:00,8.44865261229897,8.448328181133824,0.00010952259216487903,1.4002892242014102,0.9062461009426833,0.1625114510950162
2026-05-19 04:50:00,8.455209373639478,8.454882156422727,0.00010894076325246675,1.4030290305004136,0.90706571895679,0.16164812363922687
2026-05-19 04:51:00,8.461731075992477,8.46140107272412,0.0001083539592479088,1.405754180834056,0.9078809526123278,0.16077741405863627
2026-05-19 04:52:00,8.468217420852437,8.467884631532476,0.0001077621801511904,1.4084645504158837,0.9086917645792032,0.15989932235322238
2026-05-19 04:53:00,8.47466810971383,8.474332534342263,0.00010716542596231152,1.4111600144594438,0.909498117527323,0.15901384852298525
2026-05-19 04:54:00,8.481082844071125,8.480744482647953,0.0001065636966813018,1.4138404481782834,0.9102999741265938,0.1581209925679688
2026-05-19 04:55:00,8.487461325418796,8.48712017794402,0.0001059569923081464,1.4165057267859502,0.9110972970469228,0.15722075448815104
2026-05-19 04:56:00,8.493803255251311,8.49345932172493,0.00010534531284283055,1.419155725495991,0.9118900489582161,0.15631313428351
2026-05-19 04:57:00,8.500108335063146,8.49976161548516,0.00010472865828535424,1.421790319521953,0.9126781925303808,0.15539813195404573
2026-05-19 04:58:00,8.506376266348763,8.506026760719173,0.00010410702863573225,1.4244093840773822,0.9134616904333234,0.15447574749978013
2026-05-19 04:59:00,8.512606750602643,8.512254458921447,0.00010348042389396461,1.4270127943758273,0.9142405053369509,0.15354598092071325
2026-05-19 05:00:00,8.51879948931925,8.518444411586449,0.0001028488440600365,1.4296004256308341,0.9150145999111697,0.1526088322168231
2026-05-19 05:01:00,8.524954183993055,8.524596320208651,0.00010221228913397755,1.4321721530559504,0.9157839368258867,0.15166430138815362
2026-05-19 05:02:00,8.531070536118534,8.530709886282526,0.00010157075911572851,1.4347278518647235,0.9165484787510084,0.15071238843461693
2026-05-19 05:03:00,8.537148247190155,8.536784811302539,0.00010092425400534863,1.4372673972706982,0.9173081883564416,0.14975309335630094
2026-05-19 05:04:00,8.543187018702387,8.542820796763168,0.00010027277380283786,1.4397906644874252,0.9180630283120933,0.1487864161532056
2026-05-19 05:05:00,8.549186552149703,8.54881754415888,9.961631850815185e-05,1.442297528728449,0.9188129612878697,0.14781235682526503
2026-05-19 05:06:00,8.555146549026574,8.554774754984146,9.895488812130537e-05,1.4447878652073178,0.9195579499536781,0.14683091537250118
2026-05-19 05:07:00,8.561066710827468,8.560692130733436,9.828848264232803e-05,1.447261549137577,0.9202979569794244,0.14584209179495802
2026-05-19 05:08:00,8.566946739046864,8.566569372901226,9.761710207120503e-05,1.4497184557327767,0.9210329450350163,0.14484588609261356
2026-05-19 05:09:00,8.572786335179224,8.57240618298198,9.694074640790677e-05,1.4521584602064612,0.9217628767903597,0.14384229826542388
2026-05-19 05:10:00,8.57858520071902,8.578202262470175,9.625941565246283e-05,1.454581437772179,0.9224877149153619,0.1428313283134329
2026-05-19 05:11:00,8.584343037160732,8.583957312860276,9.557310980488806e-05,1.456987263643476,0.9232074220799288,0.14181297623666259
2026-05-19 05:12:00,8.590059545998818,8.589671035646761,9.48818288651528e-05,1.4593758130339016,0.9239219609539684,0.14078724203506898
2026-05-19 05:13:00,8.595734428727754,8.595343132324095,9.418557283324229e-05,1.4617469611570002,0.9246312942073861,0.13975412570863016
2026-05-19 05:14:00,8.601367386842018,8.60097330438675,9.348434170920091e-05,1.46410058322632,0.9253353845100893,0.13871362725741201
2026-05-19 05:15:00,8.60695812183607,8.606561253329199,9.277813549301387e-05,1.466436554455408,0.9260341945319847,0.1376657466813926
2026-05-19 05:16:00,8.612506335204387,8.612106680645912,9.206695418466637e-05,1.468754750057812,0.9267276869429789,0.13661048398054987
2026-05-19 05:17:00,8.61801172844144,8.617609287831359,9.135079778417321e-05,1.4710550452470776,0.9274158244129784,0.13554783915490587
2026-05-19 05:18:00,8.623474003041697,8.623068776380013,9.062966629153439e-05,1.4733373152367537,0.9280985696118904,0.13447781220446056
2026-05-19 05:19:00,8.628892860499635,8.628484847786343,8.99035597067055e-05,1.4756014352403861,0.9287758852096213,0.13340040312914808
2026-05-19 05:20:00,8.634268002309714,8.633857203544817,8.917247802974574e-05,1.4778472804715208,0.9294477338760774,0.13231561192905625
2026-05-19 05:21:00,8.639599129966413,8.639185545149912,8.843642126066993e-05,1.4800747261437073,0.930114078281166,0.13122343860420704
2026-05-19 05:22:00,8.644885944964203,8.644469574096098,8.769538939941886e-05,1.482283647470492,0.9307748810947941,0.13012388315451262
2026-05-19 05:23:00,8.650128148797553,8.649708991877842,8.694938244600733e-05,1.4844739196654209,0.9314301049868675,0.12901694557999493
2026-05-19 05:24:00,8.655325442960933,8.654903499989619,8.619840040045013e-05,1.486645417942042,0.9320797126272937,0.12790262588067597
2026-05-19 05:25:00,8.660477528948816,8.660052799925896,8.544244326273247e-05,1.4887980175139022,0.9327236666859791,0.1267809240565337
2026-05-19 05:26:00,8.66558410825567,8.665156593181147,8.468151103286914e-05,1.490931593594548,0.9333619298328301,0.12565184010759015
2026-05-19 05:27:00,8.67064488237597,8.67021458124984,8.391560371087495e-05,1.4930460213975272,0.9339944647377537,0.12451537403386727
2026-05-19 05:28:00,8.675659552804184,8.675226465626451,8.314472129670551e-05,1.495141176136387,0.934621234070657,0.12337152583529917
2026-05-19 05:29:00,8.680627821034784,8.680191947805445,8.23688637903756e-05,1.4972169330246734,0.935242200501446,0.12222029551190779
2026-05-19 05:30:00,8.685549388562238,8.685110729281297,8.158803119191482e-05,1.4992731672759343,0.9358573267000277,0.12106168306373709
2026-05-19 05:31:00,8.690423956881023,8.689982511548475,8.080222350130839e-05,1.5013097541037168,0.9364665753363092,0.1198956884907651
2026-05-19 05:32:00,8.695251227485608,8.694806996101454,8.00114407185415e-05,1.5033265687215682,0.9370699090801967,0.11872231179296983
2026-05-19 05:33:00,8.70003090187046,8.6995838844347,7.921568284361414e-05,1.5053234863430347,0.9376672906015971,0.1175415529703513
2026-05-19 05:34:00,8.70476268153005,8.704312878042687,7.841494987655591e-05,1.507300382181664,0.9382586825704171,0.11635341202295342
2026-05-19 05:35:00,8.709446267958853,8.708993678419887,7.760924181733723e-05,1.5092571314510037,0.9388440476565636,0.1151578889507323
2026-05-19 05:36:00,8.714081362651338,8.713625987060768,7.679855866595808e-05,1.5111936093645997,0.9394233485299429,0.11395498375368791
2026-05-19 05:37:00,8.718667667101979,8.718209505459802,7.598290042241848e-05,1.5131096911359998,0.9399965478604622,0.11274469643182028
2026-05-19 05:38:00,8.72320488280524,8.722743935111458,7.51622670867332e-05,1.51500525197875,0.9405636083180274,0.11152702698515134
2026-05-19 05:39:00,8.727692711255596,8.72722897751021,7.433665865893187e-05,1.5168801671063985,0.9411244925725459,0.110301975413725
2026-05-19 05:40:00,8.73213085394752,8.73166433415053,7.350607513894048e-05,1.5187343117324932,0.9416791632939246,0.1090695417174315
2026-05-19 05:41:00,8.73651901237548,8.736049706526883,7.267051652680342e-05,1.5205675610705787,0.9422275831520696,0.1078297258963367
2026-05-19 05:42:00,8.740856888033946,8.740384796133746,7.182998282253549e-05,1.5223797903342045,0.9427697148168879,0.10658252795046254
2026-05-19 05:43:00,8.745144182417393,8.744669304465587,7.098447402609231e-05,1.524170874736916,0.9433055209582863,0.10532794787974319
2026-05-19 05:44:00,8.749380597020286,8.748902933016877,7.013399013750347e-05,1.5259406894922611,0.9438349642461713,0.10406598568422251
2026-05-19 05:45:00,8.753565833337102,8.753085383282087,6.927853115676897e-05,1.5276891098137864,0.9443580073504496,0.10279664136390056
2026-05-19 05:46:00,8.75769959286231,8.75721635675569,6.84180970838888e-05,1.5294160109150396,0.9448746129410285,0.1015199149187773
2026-05-19 05:47:00,8.761781577090378,8.761295554932154,6.755268791883337e-05,1.5311212680095674,0.9453847436878138,0.10023580634880881
2026-05-19 05:48:00,8.765811487515778,8.76532267930595,6.668230366164707e-05,1.5328047563109162,0.9458883622607126,0.09894431565406096
2026-05-19 05:49:00,8.769789025632987,8.769297431371552,6.580694431231511e-05,1.5344663510326348,0.946385431329632,0.09764544283451185
2026-05-19 05:50:00,8.773713892936469,8.773219512623427,6.49266098708227e-05,1.5361059273882685,0.9468759135644781,0.09633918789013947
2026-05-19 05:51:00,8.777585790920694,8.77708862455605,6.404130033718461e-05,1.5377233605913658,0.9473597716351582,0.09502555082096577
2026-05-19 05:52:00,8.781404421080136,8.78090446866389,6.315101571138607e-05,1.539318525855473,0.9478369682115784,0.09370453162696883
2026-05-19 05:53:00,8.785169484909268,8.784666746441417,6.225580390168221e-05,1.5408912983941372,0.9483074659636459,0.09237620139521759
2026-05-19 05:54:00,8.78888068390256,8.788375165132091,6.135595235764827e-05,1.5424415558241975,0.9487712282802164,0.09104098664819171
2026-05-19 05:55:00,8.792537719554478,8.792029460724335,6.0451988070135226e-05,1.5439691877789596,0.9492282221448933,0.08969966934371575
2026-05-19 05:56:00,8.796140293359496,8.795629403700508,5.954448593821956e-05,1.5454740983114839,0.9496784188549763,0.08835310252663918
2026-05-19 05:57:00,8.79968810681209,8.799174799036921,5.863402086100737e-05,1.5469562058945887,0.950121794021461,0.0870021392418555
2026-05-19 05:58:00,8.803180861406725,8.802665486203828,5.772116773758995e-05,1.5484154434208481,0.9505583275690398,0.08564763253423618
2026-05-19 05:59:00,8.806618258637869,8.806101339165432,5.6806501467103015e-05,1.5498517582025946,0.9509880037361014,0.08429043544871867
2026-05-19 06:00:00,8.81,8.80948226637988,5.589059694863785e-05,1.5512651119719174,0.9514108110747311,0.0829314010301744
2026-05-19 06:01:00,8.81332587322245,8.812808210799268,5.497402908130056e-05,1.5526554808806625,0.9518267424507104,0.0815713823234969
2026-05-19 06:02:00,8.816596010974022,8.816079149869637,5.405737276418243e-05,1.5540228555004338,0.9522357950435176,0.08021123237355762
2026-05-19 06:03:00,8.819810632158374,8.81929509553097,5.314120289635997e-05,1.5553672408225898,0.9526379703463266,0.07885180422520613
2026-05-19 06:04:00,8.822969955679168,8.8224560942172,5.222609437699847e-05,1.5566886562582476,0.9530332741660081,0.07749395092342372
2026-05-19 06:05:00,8.826074200440077,8.82556222685621,5.131262210518924e-05,1.5579871356382826,0.9534217166231299,0.07613852551308191
2026-05-19 06:06:00,8.829123585344757,8.828613608869823,5.040136097997916e-05,1.5592627272133255,0.9538033121519555,0.07478638103898631
2026-05-19 06:07:00,8.832118329296874,8.831610390173807,4.9492885900503936e-05,1.5605154936537629,0.9541780795004444,0.07343837054607431
2026-05-19 06:08:00,8.835058651200088,8.834552755177883,4.858772385762933e-05,1.5617455120497408,0.9545460417302533,0.07209527599219237
2026-05-19 06:09:00,8.83794476995807,8.837440917036723,4.7686162300871375e-05,1.5629528715078684,0.954907225497786,0.0707575238997323
2026-05-19 06:10:00,8.840776904474478,8.840275094653988,4.678824913852964e-05,1.5641376635380466,0.9552616581783944,0.069425185355829
2026-05-19 06:11:00,8.843555273652974,8.843055506933347,4.58939843706041e-05,1.5652999796501799,0.9556093671474327,0.06809826036048243
2026-05-19 06:12:00,8.846280096397225,8.84578237277846,4.500336799702076e-05,1.566439911354169,0.9559503797802529,0.06677674891358278
2026-05-19 06:13:00,8.848951591610897,8.848455911092989,4.411640001782402e-05,1.5675575501599142,0.9562847234522075,0.06546065101519594
2026-05-19 06:14:00,8.851569978197647,8.8510763407806,4.323308043305829e-05,1.568652987577319,0.9566124255386499,0.0641499666653878
2026-05-19 06:15:00,8.854135475061144,8.853643880744956,4.2353409242679166e-05,1.569726315116286,0.9569335134149332,0.06284469586409248
2026-05-19 06:16:00,8.856648301105047,8.85615874988972,4.147738644668664e-05,1.5707776242867162,0.9572480144564095,0.06154483861130998
2026-05-19 06:17:00,8.859108675233024,8.858621167118558,4.0605012045080714e-05,1.5718070065985121,0.9575559560384321,0.06025039490704028
2026-05-19 06:18:00,8.861516816348736,8.86103135133513,3.973628603786139e-05,1.5728145535615752,0.9578573655363537,0.0589613647512834
2026-05-19 06:19:00,8.86387294335585,8.863389521443102,3.8871208425043474e-05,1.5738003566858074,0.958152270325527,0.05767774814406129
2026-05-19 06:20:00,8.866177275158023,8.865695896346136,3.800977920661216e-05,1.5747645074811112,0.958440697781305,0.056399545085352
2026-05-19 06:21:00,8.868430030658923,8.867950694947895,3.7151998382597044e-05,1.575707097457388,0.9587226752790404,0.05512675557519944
2026-05-19 06:22:00,8.870631428762215,8.870154136152047,3.629786595296854e-05,1.5766282181245412,0.9589982301940865,0.05385937961355971
2026-05-19 06:23:00,8.87278168837156,8.872306438862251,3.544738191772663e-05,1.5775279609924713,0.9592673899017957,0.052597417200432775
2026-05-19 06:24:00,8.87488102839062,8.874407821982174,3.460054627685653e-05,1.5784064175710815,0.9595301817775211,0.0513408683357967
2026-05-19 06:25:00,8.876929667723061,8.876458504415474,3.3757359030387826e-05,1.5792636793702712,0.9597866331966148,0.0500897330196954
2026-05-19 06:26:00,8.87892782527255,8.878458705065821,3.291782017835014e-05,1.5800998378999458,0.9600367715344307,0.04884401125217281
2026-05-19 06:27:00,8.880875719942743,8.880408642836876,3.208192972066944e-05,1.5809149846700057,0.9602806241663212,0.0476037030331191
2026-05-19 06:28:00,8.882773570637308,8.882308536632301,3.124968765739015e-05,1.5817092111903526,0.9605182184676387,0.04636880836260016
2026-05-19 06:29:00,8.88462159625991,8.884158605355763,3.042109398849746e-05,1.5824826089708892,0.9607495818137369,0.045139327240594045
2026-05-19 06:30:00,8.886420015714206,8.885959067910921,2.9596148713991374e-05,1.5832352695215164,0.9609747415799678,0.043915259667100734
2026-05-19 06:31:00,8.88816904790387,8.887710143201442,2.8774851833901494e-05,1.5839672843521373,0.9611937251416847,0.04269660564216417
2026-05-19 06:32:00,8.889868911732556,8.88941205013099,2.7957203348183412e-05,1.5846787449726536,0.9614065598742403,0.04148336516571845
2026-05-19 06:33:00,8.891519826103933,8.891065007603224,2.7143203256851933e-05,1.5853697428929665,0.9616132731529873,0.04027553823778554
2026-05-19 06:34:00,8.893122009921662,8.892669234521811,2.6332851559951465e-05,1.5860403696229786,0.9618138923532786,0.03907312485843135
2026-05-19 06:35:00,8.894675682089405,8.894224949790418,2.5526148257422793e-05,1.5866907166725932,0.9620084448504677,0.03787612502756799
2026-05-19 06:36:00,8.896181061510829,8.895732372312702,2.4723093349280725e-05,1.5873208755517099,0.9621969580199063,0.03668453874521745
2026-05-19 06:37:00,8.897638367089598,8.897191720992332,2.392368683552526e-05,1.5879309377702329,0.9623794592369483,0.03549836601137973
2026-05-19 06:38:00,8.899047817729373,8.898603214732965,2.3127928716171198e-05,1.5885209948380614,0.9625559758769455,0.03431760682607678
2026-05-19 06:39:00,8.90040963233382,8.899967072438272,2.2335818991233344e-05,1.5890911382651007,0.9627265353152517,0.03314226118933057
2026-05-19 06:40:00,8.9017240298066,8.901283513011913,2.1547357660652484e-05,1.589641459561251,0.9628911649272192,0.03197232910105325
2026-05-19 06:41:00,8.902991229051379,8.90255275535755,2.0762544724458227e-05,1.5901720502364138,0.963049892088201,0.030807810561288736
2026-05-19 06:42:00,8.904211448971816,8.903775018378848,1.998138018269498e-05,1.5906830018004912,0.9632027441735495,0.029648705570102935
2026-05-19 06:43:00,8.905384908471582,8.904950520979474,1.920386403531834e-05,1.5911744057633874,0.9633497485586184,0.028495014127429944
2026-05-19 06:44:00,8.906511826454333,8.906079482063086,1.8429996282298687e-05,1.5916463536350018,0.96349093261876,0.027346736233225834
2026-05-19 06:45:00,8.90759242182374,8.90716212053335,1.765977692371005e-05,1.592098936925237,0.9636263237293269,0.026203871887600434
2026-05-19 06:46:00,8.908626913483458,8.908198655293932,1.6893205959508013e-05,1.5925322471439962,0.9637559492656725,0.02506642109048784
2026-05-19 06:47:00,8.909615520337157,8.909189305248491,1.6130283389662973e-05,1.5929463758011801,0.9638798366031492,0.023934383841844136
2026-05-19 06:48:00,8.910558461288499,8.910134289300691,1.5371009214248944e-05,1.5933414144066904,0.96399801311711,0.02280776014177914
2026-05-19 06:49:00,8.91145595524115,8.9110338263542,1.4615383433221514e-05,1.593717454470431,0.964110506182908,0.021686549990226952
2026-05-19 06:50:00,8.912308221098765,8.911888135312678,1.3863406046565885e-05,1.5940745875023015,0.9642173431758955,0.020570753387165613
2026-05-19 06:51:00,8.913115477765016,8.912697435079789,1.3115077054341266e-05,1.5944129050122053,0.9643185514714256,0.019460370332682983
2026-05-19 06:52:00,8.913877944143566,8.913461944559199,1.2370396456473643e-05,1.594732498510045,0.9644141584448516,0.018355400826669234
2026-05-19 06:53:00,8.914595839138075,8.914181882654566,1.1629364253007424e-05,1.59503345950572,0.9645041914715251,0.01725584486919026
2026-05-19 06:54:00,8.91526938165221,8.91485746826956,1.0891980443957412e-05,1.5953158795091356,0.9645886779268003,0.016161702460268032
2026-05-19 06:55:00,8.915898790589628,8.91548892030784,1.0158245029294003e-05,1.5955798500301919,0.9646676451860293,0.015072973599858614
2026-05-19 06:56:00,8.916484284854002,8.916076457673075,9.428158009002392e-06,1.5958254625787918,0.9647411206245654,0.013989658287940045
2026-05-19 06:57:00,8.917026083348988,8.91662029926892,8.701719383097383e-06,1.5960528086648356,0.9648091316177608,0.012911756524534287
2026-05-19 06:58:00,8.917524404978254,8.917120663999047,7.978929151608583e-06,1.5962619797982267,0.9648717055409687,0.011839268309685276
2026-05-19 06:59:00,8.917979468645461,8.917577770767114,7.259787314506383e-06,1.5964530674888666,0.9649288697695418,0.010772193643349073
2026-05-19 07:00:00,8.918391493254274,8.917991838476787,6.544293871790785e-06,1.5966261632466578,0.9649806516788333,0.009710532525525685
2026-05-19 07:01:00,8.918760697708358,8.918363086031729,5.832448823476592e-06,1.5967813585815016,0.9650270786441956,0.008654284956237072
2026-05-19 07:02:00,8.919087300911373,8.918691732335605,5.124252169549e-06,1.5969187450033009,0.9650681780409819,0.007603450935461272
2026-05-19 07:03:00,8.919371521766985,8.918977996292075,4.419703910022813e-06,1.5970384140219562,0.9651039772445447,0.006558030463220251
2026-05-19 07:04:00,8.919613579178852,8.919222096804807,3.7188040448684253e-06,1.5971404571473715,0.9651345036302371,0.005518023539470077
2026-05-19 07:05:00,8.91981369205065,8.919424252777459,3.021552574115442e-06,1.597224965889446,0.9651597845734115,0.004483430164254679
2026-05-19 07:06:00,8.91997207928603,8.919584683113701,2.3279494977934688e-06,1.5972920317580848,0.9651798474494212,0.0034542503376179894
2026-05-19 07:07:00,8.920088959788663,8.919703606717194,1.6379948158284918e-06,1.5973417462631885,0.9651947196336191,0.0024304840594501827
2026-05-19 07:08:00,8.920164552462207,8.9197812424916,9.516885282205104e-07,1.597374200914659,0.965204428501358,0.0014121313297512587
2026-05-19 07:09:00,8.92019907621033,8.91981780934058,2.6903063505834267e-07,1.5973894872223964,0.9652090014279898,0.00039919214865300655
2026-05-19 07:10:00,8.920192749936696,8.919813526167808,-4.0997886368761746e-07,1.5973876966963072,0.9652084657888689,-0.0006083334838885032
2026-05-19 07:11:00,8.920145792544963,8.919768611876938,-1.0853399681061878e-06,1.5973689208462902,0.9652028489593472,-0.0016104455680050601
2026-05-19 07:12:00,8.920058422938803,8.919683285371635,-1.7570526781233534e-06,1.5973332511822471,0.9651921783147774,-0.0026071441035868392
2026-05-19 07:13:00,8.919930860021873,8.919557765555563,-2.4251169937095087e-06,1.5972807792140806,0.9651764812305124,-0.003598429090589912
2026-05-19 07:14:00,8.919763322697838,8.91939227133239,-3.089532914909062e-06,1.5972115964516942,0.9651557850819058,-0.0045843005290801715
2026-05-19 07:15:00,8.919556029870364,8.919187021605774,-3.7503004417368163e-06,1.597125794404988,0.9651301172443097,-0.005564758419079583
2026-05-19 07:16:00,8.91930920044311,8.918942235279381,-4.407419574163166e-06,1.5970234645838643,0.9650995050930771,-0.006539802760544218
2026-05-19 07:17:00,8.919023053319743,8.918658131256874,-5.060890312202915e-06,1.5969046984982256,0.9650639760035609,-0.007509433553496041
2026-05-19 07:18:00,8.918697807403925,8.918334928441917,-5.710712655841258e-06,1.5967695876579733,0.9650235573511137,-0.008473650797913084
2026-05-19 07:19:00,8.918333681599321,8.917972845738174,-6.356886605078197e-06,1.5966182235730102,0.9649782765110887,-0.009432454493795352
2026-05-19 07:20:00,8.917930894809597,8.917572102049308,-6.999412159943337e-06,1.5964506977532378,0.9649281608588387,-0.010385844641186772
2026-05-19 07:21:00,8.917489665938408,8.91713291627898,-7.638289320407073e-06,1.5962671017085575,0.964873237769716,-0.011333821240043413
2026-05-19 07:22:00,8.917010213889426,8.916655507330859,-8.273518086469405e-06,1.5960675269488724,0.9648135346190744,-0.01227638429036528
2026-05-19 07:23:00,8.916492757566314,8.916140094108604,-8.905098458159937e-06,1.5958520649840837,0.9647490787822657,-0.013213533792196298
2026-05-19 07:24:00,8.915937515872729,8.91558689551588,-9.53303043543426e-06,1.5956208073240934,0.9646798976346432,-0.014145269745470571
2026-05-19 07:25:00,8.915344707712343,8.914996130456352,-1.015731401830718e-05,1.5953738454788045,0.9646060185515601,-0.01507159215021007
2026-05-19 07:26:00,8.914714551988812,8.914368017833683,-1.0777949206823104e-05,1.5951112709581183,0.9645274689083689,-0.015992501006480683
2026-05-19 07:27:00,8.914047267605802,8.913702776551533,-1.1394936000937623e-05,1.5948331752719358,0.9644442760804222,-0.01690799631421652
2026-05-19 07:28:00,8.913343073466978,8.91300062551357,-1.2008274400635936e-05,1.5945396499301603,0.964356467443073,-0.017818078073395617
2026-05-19 07:29:00,8.912602188476006,8.912261783623457,-1.261796440596245e-05,1.5942307864426937,0.9642640703716744,-0.018722746284083866
2026-05-19 07:30:00,8.911824831536546,8.911486469784855,-1.3224006016887557e-05,1.5939066763194372,0.9641671122415789,-0.019622000946237336
2026-05-19 07:31:00,8.91101122155226,8.91067490290143,-1.3826399233411261e-05,1.5935674110702938,0.9640656204281395,-0.020515842059856026
2026-05-19 07:32:00,8.910161577426814,8.909827301876845,-1.4425144055563166e-05,1.5932130822051649,0.9639596223067091,-0.021404269624983874
2026-05-19 07:33:00,8.909276118063872,8.908943885614763,-1.5020240483313666e-05,1.5928437812339522,0.9638491452526404,-0.02228728364157694
2026-05-19 07:34:00,8.908355062367097,8.908024873018848,-1.561168851666276e-05,1.5924595996665583,0.9637342166412861,-0.023164884109635228
2026-05-19 07:35:00,8.907398629240152,8.907070482992763,-1.6199488155640058e-05,1.592060629012885,0.9636148638479994,-0.02403707102920267
2026-05-19 07:36:00,8.9064070375867,8.90608093444017,-1.678363940020115e-05,1.5916469607828332,0.9634911142481327,-0.024903844400213374
2026-05-19 07:37:00,8.905380506310408,8.905056446264739,-1.7364142250375635e-05,1.5912186864863074,0.9633629952170395,-0.02576520422271126
2026-05-19 07:38:00,8.904319254314936,8.903997237370126,-1.7940996706178326e-05,1.590775897633207,0.9632305341300719,-0.0266211504967183
2026-05-19 07:39:00,8.903223500503948,8.902903526659998,-1.8514202767564806e-05,1.590318685733435,0.9630937583625832,-0.027471683222168596
2026-05-19 07:40:00,8.902093463781108,8.901775533038018,-1.9083760434549883e-05,1.5898471422968938,0.962952695289926,-0.02831680239908412
2026-05-19 07:41:00,8.900929363050079,8.900613475407852,-1.9649669707148357e-05,1.5893613588334856,0.9628073722874534,-0.029156508027486826
2026-05-19 07:42:00,8.899731417214527,8.89941757267316,-2.0211930585375035e-05,1.5888614268531116,0.9626578167305179,-0.02999080010739869
2026-05-19 07:43:00,8.898499845178115,8.898188043737607,-2.0770543069185503e-05,1.5883474378656737,0.9625040559944725,-0.030819678638753806
2026-05-19 07:44:00,8.897234865844506,8.896925107504858,-2.1325507158624172e-05,1.5878194833810748,0.9623461174546702,-0.031643143621618075
2026-05-19 07:45:00,8.895936698117364,8.895628982878572,-2.1876822853661438e-05,1.5872776549092151,0.9621840284864634,-0.03246119505594757
2026-05-19 07:46:00,8.894605560900347,8.894299888762419,-2.2424490154297298e-05,1.5867220439599992,0.9620178164652056,-0.033273832941742285
2026-05-19 07:47:00,8.893241673097126,8.892938044060056,-2.2968509060546555e-05,1.5861527420433266,0.9618475087662489,-0.034081057279024184
2026-05-19 07:48:00,8.891845253611363,8.891543667675153,-2.350887957239441e-05,1.5855698406691012,0.9616731327649467,-0.034882868067771314
2026-05-19 07:49:00,8.890416521346717,8.890116978511369,-2.4045601689870465e-05,1.584973431347224,0.9614947158366517,-0.035679265308027584
2026-05-19 07:50:00,8.888955695206858,8.888658195472368,-2.4578675412945117e-05,1.5843636055875967,0.9613122853567165,-0.03647024899974909
2026-05-19 07:51:00,8.887462994095445,8.887167537461815,-2.5108100741618363e-05,1.5837404549001217,0.961125868700494,-0.03725581914293581
2026-05-19 07:52:00,8.885938636916146,8.885645223383374,-2.5633877675890204e-05,1.5831040707947015,0.9609354932433373,-0.038035975737587754
2026-05-19 07:53:00,8.884382842572618,8.884091472140708,-2.6156006215790247e-05,1.5824545447812377,0.9607411863605991,-0.03881071878374886
2026-05-19 07:54:00,8.882795829968527,8.88250650263748,-2.6674486361303688e-05,1.5817919683696318,0.9605429754276321,-0.03958004828139714
2026-05-19 07:55:00,8.881177818007542,8.880890533777352,-2.718931811240092e-05,1.581116433069786,0.9603408878197892,-0.04034396423048868
2026-05-19 07:56:00,8.87952902559332,8.879243784463991,-2.7700501469111552e-05,1.580428030391603,0.9601349509124235,-0.04110246663106742
2026-05-19 07:57:00,8.877849671629528,8.877566473601059,-2.820803643143558e-05,1.5797268518449838,0.9599251920808874,-0.041855555483133335
2026-05-19 07:58:00,8.876139975019829,8.875858820092219,-2.871192299937301e-05,1.5790129889398312,0.959711638700534,-0.04260323078668644
2026-05-19 07:59:00,8.874400154667885,8.874121042841134,-2.9212161172909035e-05,1.5782865331860463,0.959494318146716,-0.04334549254170477
2026-05-19 08:00:00,8.87263042947736,8.87235336075147,-2.9708750952058455e-05,1.577547576093532,0.9592732577947864,-0.04408234074821028
2026-05-19 08:01:00,8.870831018351918,8.870555992726887,-3.0201692336806474e-05,1.5767962091721892,0.9590484850200978,-0.04481377540618102
2026-05-19 08:02:00,8.869002140195226,8.868729157671053,-3.069098532713828e-05,1.5760325239319215,0.9588200271980034,-0.04553979651559501
2026-05-19 08:03:00,8.867144013910941,8.86687307448763,-3.1176629923113096e-05,1.5752566118826303,0.958587911703856,-0.046260404076540126
2026-05-19 08:04:00,8.86525685840273,8.86498796208028,-3.165862612470131e-05,1.5744685645342165,0.9583521659130079,-0.04697559808897243
2026-05-19 08:05:00,8.863340892574255,8.863074039352666,-3.213697393185851e-05,1.5736684733965827,0.9581128172008125,-0.04768537855282603
2026-05-19 08:06:00,8.861396335329186,8.861131525208457,-3.2611673344643914e-05,1.5728564299796324,0.9578698929426226,-0.04838974546818877
2026-05-19 08:07:00,8.859423405571178,8.859160638551309,-3.308272436304271e-05,1.5720325257932648,0.9576234205137907,-0.0490886988350387
2026-05-19 08:08:00,8.8574223222039,8.857161598284891,-3.3550126987040114e-05,1.5711968523473845,0.9573734272896698,-0.049782238653353864
2026-05-19 08:09:00,8.855393304131013,8.855134623312864,-3.4013881216665706e-05,1.5703495011518913,0.9571199406456128,-0.05047036492317816
2026-05-19 08:10:00,8.85333657025618,8.853079932538892,-3.4473987051875096e-05,1.5694905637166883,0.9568629879569723,-0.05115307764444573
2026-05-19 08:11:00,8.85125233948307,8.850997744866639,-3.4930444492683084e-05,1.5686201315516777,0.9566025965991015,-0.051830376817178524
2026-05-19 08:12:00,8.84914083071534,8.84888827919977,-3.538325353911927e-05,1.5677382961667616,0.9563387939473532,-0.05250226244142046
2026-05-19 08:13:00,8.847002262856655,8.846751754441945,-3.5832414191168856e-05,1.5668451490718407,0.9560716073770799,-0.05316873451714959
2026-05-19 08:14:00,8.84483685481068,8.84458838949683,-3.6277926448802235e-05,1.565940781776818,0.9558010642636344,-0.053829793044321984
2026-05-19 08:15:00,8.84264482548108,8.842398403268088,-3.671979031204901e-05,1.5650252857915958,0.9555271919823702,-0.05448543802298156
2026-05-19 08:16:00,8.840426393771516,8.840182014659383,-3.7158005780909184e-05,1.5640987526260755,0.9552500179086395,-0.05513566945312832
2026-05-19 08:17:00,8.83818177858565,8.83793944257438,-3.7592572855367955e-05,1.5631612737901592,0.9549695694177954,-0.0557804873347403
2026-05-19 08:18:00,8.835911198827148,8.83567090591674,-3.802349153545492e-05,1.562212940793749,0.9546858738851908,-0.05641989166786143
2026-05-19 08:19:00,8.833614873399679,8.833376623590125,-3.845076182112569e-05,1.5612538451467461,0.954398958686178,-0.057053882452425826
2026-05-19 08:20:00,8.831293021206895,8.831056814498204,-3.887438371239504e-05,1.5602840783590546,0.9541088511961107,-0.057682459688455444
2026-05-19 08:21:00,8.828945861152466,8.828711697544637,-3.929435720930741e-05,1.5593037319405745,0.9538155787903413,-0.05830562337601618
2026-05-19 08:22:00,8.826573612140058,8.826341491633087,-3.9710682311818364e-05,1.5583128974012077,0.9535191688442222,-0.058923373515042135
2026-05-19 08:23:00,8.824176493073331,8.82394641566722,-4.012335901991311e-05,1.557311666250857,0.9532196487331068,-0.05953571010551134
2026-05-19 08:24:00,8.821754722855948,8.821526688550698,-4.053238733363607e-05,1.556300129999425,0.952917045832348,-0.060142633147489716
2026-05-19 08:25:00,8.819308520391575,8.819082529187183,-4.0937767252972417e-05,1.5552783801568117,0.9526113875172982,-0.06074414264095527
2026-05-19 08:26:00,8.816838104583873,8.816614156480341,-4.1339498777892556e-05,1.5542465082329209,0.9523027011633104,-0.06134023858586408
2026-05-19 08:27:00,8.814343694336507,8.814121789333836,-4.17375819084113e-05,1.553204605737654,0.9519910141457377,-0.06193092098223812
2026-05-19 08:28:00,8.811825508553142,8.811605646651332,-4.213201664455823e-05,1.5521527641809136,0.951676353839933,-0.06251618983012129
2026-05-19 08:29:00,8.80928376613744,8.809065947336489,-4.252280298631857e-05,1.5510910750726006,0.9513587476212486,-0.06309604512949167
2026-05-19 08:30:00,8.806718685993063,8.806502910292973,-4.29099409336775e-05,1.5500196299226177,0.9510382228650377,-0.06367048688032727
2026-05-19 08:31:00,8.804130487023677,8.803916754424447,-4.3293430486635034e-05,1.548938520240866,0.9507148069466529,-0.0642395150826281
2026-05-19 08:32:00,8.801519388132949,8.801307698634577,-4.3673271645205956e-05,1.5478478375372493,0.9503885272414474,-0.0648031297364161
2026-05-19 08:33:00,8.798885608224532,8.798675961827023,-4.404946440941989e-05,1.5467476733216674,0.9500594111247737,-0.06536133084173522
2026-05-19 08:34:00,8.7962293662021,8.796021762905447,-4.442200877920281e-05,1.5456381191040227,0.9497274859719844,-0.06591411839847564
2026-05-19 08:35:00,8.79355088096931,8.793345320773518,-4.479090475455472e-05,1.5445192663942187,0.9493927791584331,-0.06646149240663735
2026-05-19 08:36:00,8.79085037142983,8.7906468543349,-4.5156152335579236e-05,1.5433912067021576,0.9490553180594724,-0.0670034528663741
2026-05-19 08:37:00,8.788128056487322,8.787926582493249,-4.551775152220235e-05,1.5422540315377382,0.9487151300504546,-0.06753999977757608
2026-05-19 08:38:00,8.785384155045447,8.785184724152236,-4.5875702314409256e-05,1.5411078324108658,0.948372242506733,-0.06807113314022131
2026-05-19 08:39:00,8.78261888600787,8.78242149821552,-4.6230004712229565e-05,1.5399527008314404,0.9480266828036603,-0.06859685295435375
2026-05-19 08:40:00,8.77983246827826,8.779637123586769,-4.6580658715648465e-05,1.5387887283093657,0.9476784783165897,-0.06911715921995139
2026-05-19 08:41:00,8.777025120760271,8.776831819169642,-4.692766432471037e-05,1.5376160063545425,0.9473276564208735,-0.06963205193708015
2026-05-19 08:42:00,8.774197062357576,8.774005803867803,-4.727102153934126e-05,1.536434626476872,0.9469742444918644,-0.0701415311056302
2026-05-19 08:43:00,8.771348511973832,8.771159296584921,-4.7610730359585554e-05,1.535244680186259,0.9466182699049162,-0.07064559672566745
2026-05-19 08:44:00,8.768479688512704,8.768292516224653,-4.7946790785472855e-05,1.5340462589926023,0.9462597600353808,-0.07114424879723583
2026-05-19 08:45:00,8.765590810877857,8.765405681690664,-4.8279202816914335e-05,1.532839454405805,0.9458987422586111,-0.0716374873202035
2026-05-19 08:46:00,8.762682097972952,8.762499011886623,-4.860796645398402e-05,1.5316243579357711,0.9455352439499609,-0.07212531229468035
2026-05-19 08:47:00,8.759753768701657,8.759572725716186,-4.893308169669671e-05,1.5304010610923995,0.9451692924847818,-0.07260772372068831
2026-05-19 08:48:00,8.756806041967632,8.75662704208302,-4.925454854496358e-05,1.5291696553855931,0.9448009152384271,-0.07308472159809559
2026-05-19 08:49:00,8.753839136674541,8.75366217989079,-4.957236699885866e-05,1.527930232325256,0.9444301395862501,-0.07355630592701203
2026-05-19 08:50:00,8.75085327172605,8.750678358043157,-4.9886537058367135e-05,1.5266828834212869,0.9440569929036029,-0.07402247670741566
2026-05-19 08:51:00,8.747848666025819,8.747675795443786,-5.0197058723474204e-05,1.5254277001835905,0.9436815025658389,-0.07448323393928451
2026-05-19 08:52:00,8.74482553847751,8.74465471099634,-5.050393199419467e-05,1.524164774122067,0.9433036959483104,-0.07493857762264054
2026-05-19 08:53:00,8.741784107984794,8.741615323604483,-5.080720961821624e-05,1.5228941967466196,0.942923600426371,-0.07538858602538358
2026-05-19 08:54:00,8.73872459345133,8.738557845842154,-5.110720808188714e-05,1.5216160569210884,0.9425412425837988,-0.0758337287552419
2026-05-19 08:55:00,8.735647213780782,8.735482458634657,-5.140450761006813e-05,1.5203304302790042,0.9421566450465018,-0.07627486675955267
2026-05-19 08:56:00,8.732552187876811,8.732389304928946,-5.169974117535207e-05,1.5190373765775287,0.9417698256909429,-0.07671293925361872
2026-05-19 08:57:00,8.729439734643087,8.729278489693614,-5.199354175034661e-05,1.5177369396974525,0.9413807976441402,-0.07714888545276487
2026-05-19 08:58:00,8.726310072983267,8.726150079918904,-5.228654230762982e-05,1.5164291476431966,0.940989569283667,-0.07758364457227201
2026-05-19 08:59:00,8.723163421801017,8.723004104616699,-5.2579375819824153e-05,1.5151140125428117,0.9405961442376513,-0.0780181558274869
2026-05-19 09:00:00,8.72,8.719840554820525,-5.287267525956689e-05,1.5137915306479768,0.9402005213847762,-0.07845335843377832
2026-05-19 09:01:00,8.716819931537993,8.71665938358555,-5.316707359939166e-05,1.5124616823340002,0.9398026948542799,-0.07889019160636122
2026-05-19 09:02:00,8.713622960589205,8.713460505988598,-5.346320381189133e-05,1.5111244320998236,0.9394026540259564,-0.07932959456053847
2026-05-19 09:03:00,8.710408736381963,8.710243799128124,-5.376169886974758e-05,1.5097797285680148,0.9390003835301537,-0.07977250651174468
2026-05-19 09:04:00,8.707176908144582,8.707009102124228,-5.406319174549405e-05,1.5084275044847706,0.938595863247775,-0.08021986667519487
2026-05-19 09:05:00,8.703927125105398,8.703756216118665,-5.4368315411753206e-05,1.5070676767199216,0.9381890683102796,-0.0806726142662358
2026-05-19 09:06:00,8.700659036492727,8.700484904274818,-5.467770284113271e-05,1.5057001462669228,0.9377799690996804,-0.08113168850019228
2026-05-19 09:07:00,8.697372291534892,8.697194891777729,-5.499198700622543e-05,1.5043247982428634,0.9373685312485465,-0.08159802859236719
2026-05-19 09:08:00,8.694066539460218,8.693885865834071,-5.5311748131877296e-05,1.5029415018884584,0.9369547156400012,-0.08207249549007566
2026-05-19 09:09:00,8.69074142949703,8.690557482001903,-5.563730270442176e-05,1.5015501132141196,0.9365384791992986,-0.08255555880102407
2026-05-19 09:10:00,8.687396610873652,8.68720938950954,-5.596870347163533e-05,1.5001504855841903,0.9361197780601163,-0.08304729679324399
2026-05-19 09:11:00,8.6840317328184,8.683841237585307,-5.6305950433429194e-05,1.4987424723630174,0.9356985683561333,-0.08354770946660364
2026-05-19 09:12:00,8.680646444559603,8.680452675457529,-5.664904358981815e-05,1.4973259269149484,0.935274806221029,-0.08405679682112499
2026-05-19 09:13:00,8.677240395325585,8.677043352354529,-5.6997982940817e-05,1.4959007026043296,0.9348484477884819,-0.08457455885682999
2026-05-19 09:14:00,8.673813234344669,8.67361291750463,-5.735276848642575e-05,1.494466652795508,0.9344194491921709,-0.08510099557371865
2026-05-19 09:15:00,8.670364610845175,8.670161020136158,-5.7713400226674e-05,1.49302363085283,0.933987766565775,-0.0856361069718349
2026-05-19 09:16:00,8.666894174055432,8.66668730947743,-5.8079878161517344e-05,1.4915714901406405,0.9335533560429723,-0.08617989305111284
2026-05-19 09:17:00,8.663401573203759,8.663191434756776,-5.845220229097059e-05,1.4901100840232886,0.9331161737574424,-0.08673235381157444
2026-05-19 09:18:00,8.65988645751848,8.659673045202513,-5.883037261503373e-05,1.4886392658651184,0.9326761758428637,-0.08729348925321971
2026-05-19 09:19:00,8.656348476227919,8.656131790042972,-5.9214389133691964e-05,1.4871588890304788,0.9322333184329152,-0.08786329937602667
2026-05-19 09:20:00,8.652787278560401,8.65256731850647,-5.9604251846974896e-05,1.485668806883715,0.931787557661276,-0.08844178418003924
2026-05-19 09:21:00,8.649202513744246,8.648979279821335,-5.9999960754882524e-05,1.4841688727891742,0.9313388496616245,-0.08902894366525745
2026-05-19 09:22:00,8.645593831007778,8.645367323215885,-6.040151585738525e-05,1.4826589401112014,0.9308871505676392,-0.08962477783163733
2026-05-19 09:23:00,8.641960879579326,8.641731097918449,-6.0808917154483075e-05,1.4811388622141455,0.9304324165129999,-0.09022928667917893
2026-05-19 09:24:00,8.638303308687203,8.638070253157347,-6.12221646462204e-05,1.4796084924623514,0.9299746036313847,-0.09084247020794811
2026-05-19 09:25:00,8.63462076755974,8.634384438160902,-6.164125833255282e-05,1.478067684220166,0.9295136680564725,-0.09146432841787899
2026-05-19 09:26:00,8.63091290542526,8.63067330215744,-6.206619821349512e-05,1.4765162908519365,0.9290495659219424,-0.09209486130899351
2026-05-19 09:27:00,8.627179371512085,8.626936494375283,-6.249698428906214e-05,1.4749541657220087,0.928582253361473,-0.09273406888131366
2026-05-19 09:28:00,8.623419815048537,8.623173664042753,-6.293361655922425e-05,1.473381162194729,0.9281116865087431,-0.09338195113479551
2026-05-19 09:29:00,8.61963388526294,8.619384460388176,-6.337609502399625e-05,1.4717971336344449,0.9276378214974317,-0.09403850806946101
2026-05-19 09:30:00,8.615821231383618,8.615568532639873,-6.382441968339296e-05,1.4702019334055023,0.9271606144612176,-0.09470373968533215
2026-05-19 09:31:00,8.6119815026389,8.611725530026169,-6.427859053739956e-05,1.4685954148722475,0.9266800215337792,-0.09537764598238695
2026-05-19 09:32:00,8.608114348257098,8.607855101775385,-6.473860758600125e-05,1.4669774313990274,0.9261959988487959,-0.09606022696060341
2026-05-19 09:33:00,8.604219417466544,8.603956897115848,-6.520447082919804e-05,1.465347836350189,0.9257085025399463,-0.0967514826199816
2026-05-19 09:34:00,8.600296359495555,8.600030565275882,-6.567618026703433e-05,1.4637064830900792,0.9252174887409096,-0.09745141296058736
2026-05-19 09:35:00,8.59634482357246,8.596075755483804,-6.615373589951013e-05,1.462053224983043,0.9247229135853638,-0.09816001798242072
2026-05-19 09:36:00,8.59236445892558,8.59209211696794,-6.66371377265514e-05,1.4603879153934265,0.924224733206988,-0.09887729768537182
2026-05-19 09:37:00,8.58835491478324,8.588079298956618,-6.712638574818778e-05,1.458710407685579,0.9237229037394615,-0.09960325206948464
2026-05-19 09:38:00,8.584315840373762,8.584036950678158,-6.762147996446366e-05,1.4570205552238458,0.9232173813164628,-0.10033788113482504
2026-05-19 09:39:00,8.580246884925467,8.579964721360883,-6.812242037534944e-05,1.4553182113725727,0.9227081220716709,-0.1010811848813491
2026-05-19 09:40:00,8.57614769766668,8.575862260233116,-6.862920698084511e-05,1.453603229496107,0.9221950821387642,-0.10183316330905683
2026-05-19 09:41:00,8.572017927825732,8.571729216523181,-6.914183978095068e-05,1.4518754629587949,0.921678217651422,-0.1025938164179482
2026-05-19 09:42:00,8.567857224630929,8.567565239459402,-6.966031877568095e-05,1.450134765124983,0.9211574847433228,-0.1033631442080452
2026-05-19 09:43:00,8.563665237310612,8.5633699782701,-7.01846439649915e-05,1.4483809893590172,0.9206328395481452,-0.1041411466792819
2026-05-19 09:44:00,8.559441615093098,8.559143082183603,-7.071481534891196e-05,1.4466139890252463,0.9201042381995689,-0.10492782383170231
2026-05-19 09:45:00,8.555186007206705,8.55488420042823,-7.125083292747192e-05,1.4448336174880145,0.919571636831272,-0.10572317566535028
2026-05-19 09:46:00,8.550898062879764,8.550592982232306,-7.179269670062697e-05,1.4430397281116694,0.9190349915769335,-0.10652720218015993
2026-05-19 09:47:00,8.546577431340593,8.546269076824155,-7.234040666839192e-05,1.4412321742605574,0.9184942585702321,-0.10733990337615326
2026-05-19 09:48:00,8.542223761817523,8.541912133432099,-7.289396283076677e-05,1.439410809299025,0.9179493939448469,-0.10816127925333026
2026-05-19 09:49:00,8.537836703538867,8.537521801284463,-7.345336518775152e-05,1.4375754865914188,0.9174003538344565,-0.1089913298116909
2026-05-19 09:50:00,8.533415905732953,8.533097729609569,-7.401861373936095e-05,1.4357260595020855,0.91684709437274,-0.10983005505125716
2026-05-19 09:51:00,8.528961017628108,8.52863956763574,-7.458970848556549e-05,1.4338623813953708,0.9162895716933758,-0.11067745497198513
2026-05-19 09:52:00,8.52447168845265,8.524146964591301,-7.516664942637992e-05,1.431984305635623,0.9157277419300431,-0.11153352957389674
2026-05-19 09:53:00,8.519947567434906,8.519619569704574,-7.574943656181905e-05,1.4300916855871868,0.9151615612164206,-0.11239827885701398
2026-05-19 09:54:00,8.515388303803196,8.515057032203883,-7.633806989185329e-05,1.4281843746144098,0.9145909856861868,-0.11327170282129292
2026-05-19 09:55:00,8.510793546785846,8.510459001317551,-7.69325494164974e-05,1.4262622260816384,0.914015971473021,-0.11415380146675551
2026-05-19 09:56:00,8.50616294561118,8.505825126273903,-7.753287513576624e-05,1.4243250933532192,0.913436474710602,-0.11504457479342374
2026-05-19 09:57:00,8.50149614950752,8.50115505630126,-7.813904704963015e-05,1.4223728297934983,0.9128524515326082,-0.11594402280125364
2026-05-19 09:58:00,8.496792807703189,8.496448440627947,-7.875106515810396e-05,1.4204052887668233,0.9122638580727191,-0.1168521454902672
2026-05-19 09:59:00,8.492052569426509,8.491704928482287,-7.936892946121728e-05,1.4184223236375397,0.9116706504646128,-0.11776894286050837
2026-05-19 10:00:00,8.487275083905805,8.486924169092601,-7.99926399589257e-05,1.416423787769994,0.9110727848419685,-0.11869441491191124
2026-05-19 10:01:00,8.482460000369404,8.482105811687216,-8.06221966512292e-05,1.414409534528533,0.9104702173384648,-0.11962856164447577
2026-05-19 10:02:00,8.477606968045624,8.477249505494454,-8.12575995381426e-05,1.412379417277504,0.9098629040877808,-0.12057138305822399
2026-05-19 10:03:00,8.47271563616279,8.472354899742639,-8.18988486196807e-05,1.410333289381253,0.9092508012235954,-0.12152287915317782
2026-05-19 10:04:00,8.467785653949223,8.467421643660092,-8.25459438958287e-05,1.4082710042041262,0.9086338648795871,-0.1224830499293153
2026-05-19 10:05:00,8.462816670633252,8.46244938647514,-8.319888536658659e-05,1.4061924151104708,0.908012051189435,-0.12345189538663644
2026-05-19 10:06:00,8.457808335443199,8.457437777416102,-8.385767303195438e-05,1.4040973754646326,0.9073853162868175,-0.12442941552514124
2026-05-19 10:07:00,8.452760297607384,8.452386465711305,-8.452230689193208e-05,1.401985738630959,0.9067536163054138,-0.1254156103448297
2026-05-19 10:08:00,8.447672206354131,8.44729510058907,-8.519278694651966e-05,1.3998573579737958,0.9061169073789027,-0.12641047984570183
2026-05-19 10:09:00,8.442543710911766,8.442163331277722,-8.586911319570234e-05,1.3977120868574902,0.905475145640963,-0.12741402402773566
2026-05-19 10:10:00,8.43737446050861,8.436990807005586,-8.655128563950972e-05,1.3955497786463888,0.9048282872252735,-0.1284262428909751
2026-05-19 10:11:00,8.432164104372985,8.431777177000981,-8.72393042779418e-05,1.3933702867048376,0.9041762882655129,-0.12944713643542016
2026-05-19 10:12:00,8.42691229173322,8.426522090492233,-8.793316911096898e-05,1.391173464397183,0.9035191048953601,-0.13047670466102693
2026-05-19 10:13:00,8.421618671817633,8.421225196707665,-8.863288013860604e-05,1.3889591650877722,0.902856693248494,-0.13151494756781731
2026-05-19 10:14:00,8.41628289385455,8.4158861448756,-8.933843736086781e-05,1.3867272421409513,0.9021890094585934,-0.13256186515581336
2026-05-19 10:15:00,8.410904607072295,8.41050458422436,-9.004984077772467e-05,1.3844775489210668,0.9015160096593369,-0.13361745742497108
2026-05-19 10:16:00,8.405483460699191,8.405080163982273,-9.076709038917663e-05,1.382209938792466,0.9008376499844036,-0.13468172437529052
2026-05-19 10:17:00,8.400019103963555,8.39961253337766,-9.149018619525329e-05,1.3799242651194954,0.9001538865674725,-0.13575466600681557
2026-05-19 10:18:00,8.39451118609372,8.394101341638843,-9.221912819595464e-05,1.3776203812665009,0.8994646755422222,-0.13683628231954625
2026-05-19 10:19:00,8.388959356318002,8.388546237994145,-9.295391639126589e-05,1.375298140597829,0.8987699730423313,-0.13792657331346056
2026-05-19 10:20:00,8.383363263864734,8.38294687167189,-9.369455078118704e-05,1.3729573964778263,0.8980697352014787,-0.13902553898855857
2026-05-19 10:21:00,8.377722557962228,8.377302891900403,-9.444103136570329e-05,1.3705980022708395,0.8973639181533435,-0.14013317934481825
2026-05-19 10:22:00,8.372036887838812,8.371613947908006,-9.519335814482943e-05,1.3682198113412156,0.8966524780316042,-0.1412494943822616
2026-05-19 10:23:00,8.366305902722813,8.365879688923023,-9.595153111858027e-05,1.3658226770533008,0.89593537096994,-0.14237448410091055
2026-05-19 10:24:00,8.360529251842546,8.360099764173777,-9.671555028692621e-05,1.3634064527714416,0.8952125531020293,-0.14350814850072122
2026-05-19 10:25:00,8.354706584426344,8.354273822888592,-9.748541564989684e-05,1.360970991859985,0.8944839805615515,-0.1446504875817375
2026-05-19 10:26:00,8.348837549702523,8.348401514295789,-9.826112720747737e-05,1.3585161476832766,0.8937496094821846,-0.14580150134393743
2026-05-19 10:27:00,8.342921796899411,8.342482487623695,-9.9042684959653e-05,1.3560417736056638,0.8930093959976082,-0.14696118978729908
2026-05-19 10:28:00,8.336958975245327,8.33651639210063,-9.983008890646812e-05,1.353547722991493,0.8922632962415008,-0.1481295529118883
2026-05-19 10:29:00,8.330948733968597,8.330502876954919,-0.00010062333904787834,1.3510338492051097,0.891511266347541,-0.14930659071763921
2026-05-19 10:30:00,8.324890722297548,8.324441591414885,-0.00010142243538386886,1.348500005610862,0.8907532624494078,-0.15049230320452986
2026-05-19 10:31:00,8.318784589460497,8.318332184708854,-0.00010222737791451367,1.3459460455730967,0.8899892406807806,-0.15168669037267005
2026-05-19 10:32:00,8.312629984685769,8.312174306065144,-0.00010303816663975359,1.343371822456158,0.889219157175337,-0.15288975222197196
2026-05-19 10:33:00,8.30642655720169,8.305967604712084,-0.0001038548015596034,1.3407771896243954,0.888442968066757,-0.15410148875245752
2026-05-19 10:34:00,8.30017395623658,8.299711729877991,-0.0001046772826740631,1.3381620004421526,0.8876606294887187,-0.1553218999641267
2026-05-19 10:35:00,8.293871831018768,8.293406330791196,-0.0001055056099831179,1.335526108273779,0.8868720975749015,-0.15655098585695762
2026-05-19 10:36:00,8.287519830776569,8.287051056680017,-0.0001063397834868122,1.3328693664836189,0.8860773284589837,-0.15778874643101612
2026-05-19 10:37:00,8.281117604738311,8.280645556772779,-0.00010717980318511641,1.33019162843602,0.8852762782746442,-0.1590351816862583
2026-05-19 10:38:00,8.274664802132321,8.274189480297803,-0.0001080256690780009,1.3274927474953275,0.8844689031555618,-0.16029029162264016
2026-05-19 10:39:00,8.268161072186915,8.267682476483419,-0.00010887738116551008,1.324772577025891,0.8836551592354162,-0.16155407624022766
2026-05-19 10:40:00,8.261606064130422,8.261124194557942,-0.00010973493944764398,1.3220309703920532,0.8828350026478847,-0.1628265355390208
2026-05-19 10:41:00,8.25499942719116,8.254514283749701,-0.00011059834392437295,1.3192677809581637,0.8820083895266475,-0.1641076695189756
2026-05-19 10:42:00,8.24834081059746,8.247852393287017,-0.00011146759459572664,1.3164828620885671,0.8811752760053825,-0.16539747818013606
2026-05-19 10:43:00,8.24162986357764,8.241138172398214,-0.00011234269146167541,1.3136760671476109,0.8803356182177688,-0.1666959615224582
2026-05-19 10:44:00,8.234866235360023,8.234371270311616,-0.00011322363452223408,1.3108472494996415,0.8794893722974853,-0.16800311954596397
2026-05-19 10:45:00,8.228049575172935,8.227551336255546,-0.00011411042377741746,1.3079962625090058,0.878636494378211,-0.1693189522506754
2026-05-19 10:46:00,8.221179532244697,8.220678019458326,-0.00011500305922719593,1.3051229595400493,0.8777769405936243,-0.1706434596365485
2026-05-19 10:47:00,8.214255755803636,8.213750969148283,-0.0001159015408715991,1.3022271939571202,0.8769106670774046,-0.17197664170362725
2026-05-19 10:48:00,8.20727789507807,8.206769834553734,-0.00011680586871061216,1.2993088191245628,0.87603762996323,-0.17331849845188965
2026-05-19 10:49:00,8.200245599296325,8.19973426490301,-0.00011771604274422032,1.2963676884067261,0.8751577853847801,-0.17466902988131375
2026-05-19 10:50:00,8.193158517686726,8.192643909424428,-0.00011863206297243837,1.2934036551679549,0.874271089475733,-0.1760282359919215
2026-05-19 10:51:00,8.186016299477597,8.185498417346317,-0.00011955392939528112,1.2904165727725974,0.8733774983697682,-0.17739611678373488
2026-05-19 10:52:00,8.178818593897258,8.178297437896994,-0.00012048164201274857,1.2874062945849978,0.8724769682005638,-0.17877267225675386
2026-05-19 10:53:00,8.171565050174033,8.171040620304787,-0.00012141520082479633,1.2843726739695043,0.8715694551017991,-0.1801579024109126
2026-05-19 10:54:00,8.164255317536243,8.163727613798018,-0.00012235460583146876,1.2813155642904634,0.8706549152071528,-0.18155180724627693
2026-05-19 10:55:00,8.15688904521222,8.15635806760501,-0.0001232998570327363,1.2782348189122212,0.8697333046503037,-0.18295438676280298
2026-05-19 10:56:00,8.149465882430277,8.14893163095409,-0.00012425095442862854,1.2751302911991254,0.868804579564931,-0.18436564096053462
2026-05-19 10:57:00,8.141985478418746,8.141447953073575,-0.0001252078980191455,1.2720018345155204,0.8678686960847128,-0.18578556983947195
2026-05-19 10:58:00,8.134447482405946,8.133906683191793,-0.00012617068780425753,1.2688493022257543,0.8669256103433285,-0.18721417339957092
2026-05-19 10:59:00,8.126851543620203,8.126307470537064,-0.00012713932378397944,1.265672547694173,0.8659752784744567,-0.18865145164085353
2026-05-19 11:00:00,8.119197311289833,8.118649964337715,-0.00012811380595829648,1.2624714242851238,0.8650176566117763,-0.1900974045632979
2026-05-19 11:01:00,8.111484434643167,8.110933813822069,-0.0001290941343272382,1.2592457853629533,0.8640527008889662,-0.19155203216694786
2026-05-19 11:02:00,8.103712562908528,8.103158668218446,-0.00013008030889080462,1.2559954842920074,0.8630803674397051,-0.19301533445180344
2026-05-19 11:03:00,8.095881345314234,8.095324176755172,-0.00013107232964898092,1.2527203744366322,0.8621006123976716,-0.19448731141784265
2026-05-19 11:04:00,8.087990431088615,8.087429988660569,-0.00013207019660175235,1.2494203091611749,0.8611133918965448,-0.1959679630650436
2026-05-19 11:05:00,8.080039469459988,8.079475753162962,-0.00013307390974911886,1.2460951418299824,0.8601186620700036,-0.19745728939340623
2026-05-19 11:06:00,8.072028109656683,8.071461119490674,-0.00013408346909112487,1.2427447258074014,0.8591163790517268,-0.19895529040299645
2026-05-19 11:07:00,8.063956000907018,8.063385736872027,-0.00013509887462772596,1.2393689144577769,0.8581064989753928,-0.20046196609374836
2026-05-19 11:08:00,8.055822792439319,8.055249254535347,-0.00013612012635893695,1.235967561145458,0.8570889779746812,-0.2019773164656839
2026-05-19 11:09:00,8.047628133481908,8.047051321708954,-0.00013714722428478747,1.2325405192347885,0.8560637721832702,-0.2035013415188471
2026-05-19 11:10:00,8.03937167326311,8.038791587621173,-0.00013818016840521825,1.2290876420901162,0.8550308377348385,-0.20503404125314995
2026-05-19 11:11:00,8.031053061011248,8.030469701500328,-0.00013921895872025895,1.2256087830757885,0.8539901307630656,-0.20657541566863652
2026-05-19 11:12:00,8.022671945954642,8.022085312574742,-0.00014026359522992433,1.2221037955561507,0.8529416074016297,-0.20812546476532867
2026-05-19 11:13:00,8.01422797732162,8.013638070072737,-0.00014131407793418482,1.2185725328955497,0.8518852237842102,-0.20968418854318255
2026-05-19 11:14:00,8.005720804340502,8.00512762322264,-0.0001423704068330626,1.2150148484583327,0.8508209360444855,-0.21125158700223104
2026-05-19 11:15:00,7.997150076239615,7.99655362125277,-0.00014343258192655767,1.2114305956088454,0.8497487003161343,-0.21282766014247417
2026-05-19 11:16:00,7.988515442247279,7.987915713391453,-0.00014450060321466267,1.2078196277114348,0.8486684727328357,-0.214412407963901
2026-05-19 11:17:00,7.979816551591819,7.97921354886701,-0.00014557447069738494,1.204181798130447,0.8475802094282686,-0.21600583046652244
2026-05-19 11:18:00,7.9710530535015565,7.9704467769077665,-0.0001466541843747023,1.2005169602302286,0.8464838665361115,-0.21760792765030557
2026-05-19 11:19:00,7.962224597204822,7.961615046742046,-0.00014773974424661478,1.196824967375127,0.8453794001900435,-0.21921869951525041
2026-05-19 11:20:00,7.953330831929927,7.952718007598173,-0.00014883115031316674,1.1931056729294887,0.8442667665237436,-0.22083814606142282
2026-05-19 11:21:00,7.944371406905202,7.943755308704466,-0.000149928402574336,1.1893589302576588,0.84314592167089,-0.22246626728878988
2026-05-19 11:22:00,7.935345971358972,7.934726599289252,-0.00015103150103009297,1.185584592723985,0.842016821765162,-0.22410306319730766
2026-05-19 11:23:00,7.926254174519556,7.925631528580855,-0.0001521404456804598,1.1817825136928137,0.8408794229402383,-0.2257485337870091
2026-05-19 11:24:00,7.917095665615279,7.916469745807597,-0.00015325523652544396,1.177952546528492,0.8397336813297979,-0.22740267905790515
2026-05-19 11:25:00,7.907870093874466,7.9072409001978015,-0.0001543758735650454,1.1740945445953652,0.8385795530675193,-0.22906549900999587
2026-05-19 11:26:00,7.898577108525438,7.897944640979792,-0.00015550235679924937,1.1702083612577807,0.8374169942870814,-0.23073699364325928
2026-05-19 11:27:00,7.889216358796521,7.8885806173818915,-0.0001566346862280632,1.166293849880085,0.8362459611221632,-0.2324171629577063
2026-05-19 11:28:00,7.879787493916035,7.879148478632424,-0.00015777286185150174,1.1623508638266247,0.8350664097064434,-0.23410600695335895
2026-05-19 11:29:00,7.870290163112305,7.869647873959711,-0.00015891688366953538,1.1583792564617454,0.8338782961736008,-0.23580352563017334
2026-05-19 11:30:00,7.860724015613653,7.86007845259208,-0.0001600667516821715,1.1543788811497955,0.8326815766573145,-0.23750971898816037
2026-05-19 11:31:00,7.851088700648406,7.850439863757851,-0.00016122246588943975,1.1503495912551203,0.831476207291263,-0.23922458702736404
2026-05-19 11:32:00,7.841383867444887,7.840731756685347,-0.00016238402629130307,1.1462912401420662,0.8302621442091251,-0.24094812974772936
2026-05-19 11:33:00,7.831609165231415,7.830953780602894,-0.0001635514328877763,1.1422036811749805,0.8290393435445801,-0.24268034714927839
2026-05-19 11:34:00,7.821764243236315,7.821105584738814,-0.0001647246856788742,1.1380867677182094,0.8278077614313062,-0.244421239232033
2026-05-19 11:35:00,7.811848750687911,7.8111868183214295,-0.00016590378466457462,1.1339403531360992,0.8265673540029824,-0.24617080599596028
2026-05-19 11:36:00,7.80186233681453,7.801197130579065,-0.00016708872984488494,1.1297642907929968,0.8253180773932878,-0.24792904744107122
2026-05-19 11:37:00,7.791804650844492,7.791136170740043,-0.00016827952121981256,1.1255584340532485,0.8240598877359009,-0.24969596356737683
2026-05-19 11:38:00,7.781675342006117,7.7810035880326875,-0.00016947615878933528,1.121322636281201,0.8227927411645009,-0.25147155437484414
2026-05-19 11:39:00,7.7714740595277325,7.770799031685323,-0.00017067864255348268,1.1170567508412015,0.8215165938127662,-0.25325581986351703
2026-05-19 11:40:00,7.761200452637661,7.76052215092627,-0.00017188697251224738,1.1127606310975948,0.8202314018143757,-0.2550487600333846
2026-05-19 11:41:00,7.750854170564228,7.750172594983853,-0.0001731011486655998,1.1084341304147292,0.8189371213030084,-0.2568503748844029
2026-05-19 11:42:00,7.740434862535754,7.739750013086398,-0.00017432117101356948,1.1040771021569507,0.8176337084123432,-0.2586606644166158
2026-05-19 11:43:00,7.729942177780563,7.729254054462225,-0.00017554703955614906,1.0996893996886057,0.8163211192760587,-0.26047962863001234
2026-05-19 11:44:00,7.719375765526978,7.71868436833966,-0.00017677875429335336,1.0952708763740413,0.814999310027834,-0.26230726752461453
2026-05-19 11:45:00,7.708735275003324,7.708040603947023,-0.00017801631522517495,1.0908213855776028,0.8136682368013475,-0.26414358110041136
2026-05-19 11:46:00,7.698020355437923,7.697322410512639,-0.00017925972235156943,1.0863407806636374,0.8123278557302782,-0.26598856935733695
2026-05-19 11:47:00,7.6872306560591,7.686529437264834,-0.0001805089756725886,1.081828914996493,0.8109781229483053,-0.26784223229546816
2026-05-19 11:48:00,7.676365826095175,7.675661333431928,-0.0001817640751882473,1.0772856419405143,0.809618994589107,-0.26970456991482694
2026-05-19 11:49:00,7.665425514774476,7.664717748242245,-0.00018302502089849367,1.0727108148600482,0.8082504267863625,-0.27157558221533645
2026-05-19 11:50:00,7.654409371325322,7.653698330924109,-0.00018429181280333514,1.068104287119442,0.8068723756737506,-0.27345526919700763
2026-05-19 11:51:00,7.643317044976038,7.642602730705844,-0.0001855644509028013,1.063465912083042,0.80548479738495,-0.27534363085988445
2026-05-19 11:52:00,7.632148184954945,7.631430596815773,-0.00018684293519689217,1.0587955431151945,0.8040876480536399,-0.2772406672039669
2026-05-19 11:53:00,7.620902440490374,7.620181578482217,-0.00018812718262126716,1.0540930335802459,0.8026808838134986,-0.27914625497699935
2026-05-19 11:54:00,7.609579460810641,7.608855334901221,-0.00018941669479002332,1.0493582410094213,0.8012644620447341,-0.2810596546656569
2026-05-19 11:55:00,7.5981788951440725,7.5974515751074145,-0.00019071055799564364,1.0445910437683366,0.7998383463602007,-0.2829795104954684
2026-05-19 11:56:00,7.586700392718988,7.5859700679417434,-0.00019200777546635184,1.0397913452238783,0.7984025078519271,-0.28490434343982773
2026-05-19 11:57:00,7.575143602763719,7.574410642051452,-0.00019330735043029772,1.0349590737441994,0.7969569250911169,-0.2868326744720193
2026-05-19 11:58:00,7.563508174506582,7.562773185890108,-0.0001946082861156532,1.0300941826987267,0.7955015841281496,-0.28876302456536024
2026-05-19 11:59:00,7.551793757175901,7.551057647717574,-0.0001959095857506273,1.025196650458153,0.7940364784925789,-0.29069391469322253
2026-05-19 12:00:00,7.54,7.539264035600032,-0.00019721025256337713,1.0202664803944423,0.7925616091931338,-0.29262386582890143
2026-05-19 12:01:00,7.528126701722977,7.527392417409969,-0.0001985092897821117,1.0153037008808277,0.7910769847177183,-0.29455139894576904
2026-05-19 12:02:00,7.516174259152019,7.515442920826179,-0.0001998057006349807,1.0103083652918112,0.7895826210334116,-0.2964750350171095
2026-05-19 12:03:00,7.504143218610085,7.503415733333771,-0.00020109848835016356,1.005280552003166,0.7880785415864676,-0.298393295016251
2026-05-19 12:04:00,7.492034126420135,7.491311102224159,-0.00020238665615586923,1.0002203643919334,0.7865647773023159,-0.3003046999165656
2026-05-19 12:05:00,7.479847528905136,7.479129334595067,-0.00020366920728028445,0.9951279308364241,0.7850413665855602,-0.3022077706913925
2026-05-19 12:06:00,7.4675839723880415,7.466870797350525,-0.00020494514495155157,0.9900034047162183,0.7835083553199799,-0.30410102831400476
2026-05-19 12:07:00,7.455244003191815,7.4545359172008805,-0.00020621347239785742,0.9848469644121673,0.781965796868529,-0.30598299375774174
2026-05-19 12:08:00,7.442828167639416,7.442125180662782,-0.00020747327591173667,0.9796588133063903,0.7804137520733373,-0.30785231124820894
2026-05-19 12:09:00,7.430337012053809,7.429639124091472,-0.00020872405710724943,0.9744391756153974,0.7788522880091792,-0.3097082412720267
2026-05-19 12:10:00,7.41777108275795,7.4170782938099125,-0.00020996573292007733,0.9691882797225789,0.7772814729973595,-0.31155066057697217
2026-05-19 12:11:00,7.4051309260748015,7.404443236141063,-0.00021119830335023516,0.9639063540113233,0.7757013753591824,-0.3133795691630674
2026-05-19 12:12:00,7.392417088327322,7.391734497407884,-0.0002124217683977007,0.95859362686502,0.7741120634159523,-0.3151949670302795
2026-05-19 12:13:00,7.379630115838478,7.378952623933339,-0.00021363612806249617,0.9532503266670587,0.7725136054889733,-0.3169968541786413
2026-05-19 12:14:00,7.3667705549312235,7.366098162040385,-0.00021484138234463638,0.9478766818008275,0.7709060698995499,-0.3187852306081749
2026-05-19 12:15:00,7.353838951928521,7.353171658051982,-0.00021603753124407692,0.9424729206497154,0.7692895249689861,-0.32056009631881427
2026-05-19 12:16:00,7.340835853153335,7.3401736582910955,-0.00021722457476083256,0.937039271597113,0.7676640390185865,-0.32232145131058143
2026-05-19 12:17:00,7.327761804928622,7.3271047090806825,-0.00021840251289493296,0.9315759630264083,0.7660296803696551,-0.3240692955835204
2026-05-19 12:18:00,7.314617353577344,7.3139653567437035,-0.00021957134564634846,0.9260832233209905,0.7643865173434964,-0.3258036291375871
2026-05-19 12:19:00,7.301403045422463,7.300756147603121,-0.00022073107301507912,0.920561280864249,0.7627346182614146,-0.3275244519727817
2026-05-19 12:20:00,7.288119426786936,7.287477627981894,-0.00022188169500113967,0.9150103640395731,0.7610740514447143,-0.3292317640891259
2026-05-19 12:21:00,7.274767043993727,7.274130344202984,-0.00022302321160452276,0.9094307012303515,0.7594048852146993,-0.330925565486609
2026-05-19 12:22:00,7.261346443365795,7.260714842589351,-0.00022415562282522837,0.9038225208199737,0.7577271878926741,-0.33260585616523086
2026-05-19 12:23:00,7.247858171226103,7.2472316694639565,-0.00022527892866324912,0.8981860511918286,0.7560410277999431,-0.3342726361249805
2026-05-19 12:24:00,7.234302773897607,7.233681371149761,-0.000226393129118585,0.8925215207293059,0.7543464732578107,-0.3359259053658579
2026-05-19 12:25:00,7.22068079770327,7.220064493969726,-0.0002274982241912582,0.8868291578157945,0.7526435925875811,-0.33756566388789616
2026-05-19 12:26:00,7.206992788966055,7.20638158424681,-0.00022859421388126872,0.8811091908346832,0.7509324541105583,-0.3391919116910951
2026-05-19 12:27:00,7.193239294008921,7.192633188303974,-0.00022968109818857958,0.8753618481693607,0.7492131261480468,-0.34080464877539984
2026-05-19 12:28:00,7.1794208591548285,7.178819852464181,-0.00023075887711321297,0.8695873582032176,0.747485677021351,-0.3424038751408434
2026-05-19 12:29:00,7.165538030726737,7.1649421230503885,-0.00023182755065517628,0.8637859493196418,0.7457501750517751,-0.3439895907874368
2026-05-19 12:30:00,7.151591355047608,7.15100054638556,-0.0002328871188144547,0.8579578499020232,0.7440066885606236,-0.3455617957151579
2026-05-19 12:31:00,7.137581378440404,7.136995668792654,-0.00023393758159107048,0.8521032883337505,0.7422552858692003,-0.34712048992403977
2026-05-19 12:32:00,7.123508647228082,7.122928036594631,-0.00023497893898499395,0.8462224929982126,0.7404960352988099,-0.3486656734140384
2026-05-19 12:33:00,7.109373707733606,7.108798196114455,-0.00023601119099623258,0.8403156922787998,0.7387290051707569,-0.35019734618516496
2026-05-19 12:34:00,7.095177106279933,7.094606693675083,-0.00023703433762481592,0.8343831145589004,0.7369542638063452,-0.3517155082374631
2026-05-19 12:35:00,7.080919389190028,7.080354075599477,-0.0002380483788707218,0.8284249882219031,0.7351718795268789,-0.35322015957090014
2026-05-19 12:36:00,7.066601102786849,7.066040888210597,-0.0002390533147339354,0.8224415416511976,0.7333819206536628,-0.35471130018545394
2026-05-19 12:37:00,7.052222793393359,7.0516676778314045,-0.00024004914521446412,0.8164330032301733,0.731584455508001,-0.35618893008113556
2026-05-19 12:38:00,7.0377850073325146,7.037234990784861,-0.00024103587031233756,0.8103996013422194,0.7297795524111979,-0.3576530492579889
2026-05-19 12:39:00,7.023288290927279,7.022743373393924,-0.00024201349002752614,0.804341564370724,0.7279672796845574,-0.35910365771597
2026-05-19 12:40:00,7.008733190500613,7.008193371981558,-0.00024298200436002245,0.7982591206990777,0.7261477056493844,-0.360540755455068
2026-05-19 12:41:00,6.994120252375478,6.993585532870721,-0.00024394141330986348,0.7921524987106686,0.7243208986269827,-0.36196434247533765
2026-05-19 12:42:00,6.97945002287483,6.978920402384374,-0.0002448917168770196,0.786021926788886,0.7224869269386568,-0.3633744187767351
2026-05-19 12:43:00,6.964723048321636,6.964198526845479,-0.0002458329150614909,0.7798676333171194,0.7206458589057111,-0.3647709843592604
2026-05-19 12:44:00,6.949939875038853,6.949420452576995,-0.00024676500786329956,0.7736898466787578,0.7187977628494496,-0.3661540392229465
2026-05-19 12:45:00,6.935101049349442,6.934586725901883,-0.0002476879952824233,0.7674887952571898,0.7169427070911768,-0.3675235833677603
2026-05-19 12:46:00,6.920207117576363,6.919697893143105,-0.00024860187731885476,0.7612647074358054,0.715080759952197,-0.36887961679369097
2026-05-19 12:47:00,6.9052586260425795,6.90475450062362,-0.00024950665397262354,0.7550178115979937,0.7132119897538145,-0.3702221395007823
2026-05-19 12:48:00,6.89025612107105,6.88975709466639,-0.00025040232524372225,0.7487483361271433,0.7113364648173335,-0.37155115148902346
2026-05-19 12:49:00,6.875200148984735,6.874706221594374,-0.0002512888911321287,0.7424565094066433,0.7094542534640582,-0.3728666527583815
2026-05-19 12:50:00,6.860091256106595,6.859602427730534,-0.0002521663516378577,0.7361425598198837,0.7075654240152933,-0.3741686433088782
2026-05-19 12:51:00,6.844929988759593,6.844446259397831,-0.00025303470676091657,0.7298067157502529,0.7056700447923427,-0.3754571231405247
2026-05-19 12:52:00,6.829716893266687,6.829238262919224,-0.000253893956501298,0.7234492055811403,0.703768184116511,-0.37673209225331006
2026-05-19 12:53:00,6.814452515950838,6.813978984617675,-0.000254744100859002,0.7170702576959349,0.7018599103091023,-0.3779935506472341
2026-05-19 12:54:00,6.799137403135008,6.798668970816144,-0.00025558513983402106,0.7106701004780259,0.6999452916914208,-0.379241498322286
2026-05-19 12:55:00,6.783772101142156,6.7833087678375925,-0.00025641707342637007,0.7042489623108028,0.6980243965847712,-0.38047593527848766
2026-05-19 12:56:00,6.768357156295246,6.76789892200498,-0.0002572399016360416,0.697807071577654,0.6960972933104573,-0.38169686151582805
2026-05-19 12:57:00,6.752893114917234,6.7524399796412675,-0.00025805362446303565,0.6913446566619694,0.6941640501897837,-0.38290427703430724
2026-05-19 12:58:00,6.737380523331084,6.736932487069415,-0.00025885824190734484,0.6848619459471376,0.6922247355440546,-0.38409818183391425
2026-05-19 12:59:00,6.7218199278597535,6.721376990612386,-0.0002596537539689766,0.6783591678165484,0.6902794176945746,-0.3852785759146601
2026-05-19 13:00:00,6.706211874826205,6.705774036593138,-0.0002604401606479382,0.6718365506535903,0.6883281649626474,-0.3864454592765556
2026-05-19 13:01:00,6.690556910553404,6.6901241713346336,-0.0002612174619442224,0.6652943228416529,0.6863710456695777,-0.38759883191959
2026-05-19 13:02:00,6.674855581364302,6.6744279411598315,-0.00026198565785783646,0.6587327127641248,0.6844081281366697,-0.388738693843774
2026-05-19 13:03:00,6.6591084335818636,6.658685892391693,-0.0002627447483887509,0.6521519488043953,0.6824394806852278,-0.38986504504906394
2026-05-19 13:04:00,6.6433160135290485,6.642898571353181,-0.00026349473353700265,0.6455522593458546,0.6804651716365562,-0.3909778855355146
2026-05-19 13:05:00,6.627478867528823,6.627066524367253,-0.00026423561330258437,0.6389338727718901,0.6784852693119591,-0.3920772153031151
2026-05-19 13:06:00,6.611597541904142,6.611190297756871,-0.00026496738768547374,0.6322970174658922,0.6764998420327409,-0.39316303435183236
2026-05-19 13:07:00,6.5956725829779685,6.595270437844996,-0.00026569005668568567,0.6256419218112494,0.674508958120206,-0.39423534268168836
2026-05-19 13:08:00,6.579704537073261,6.579307490954589,-0.00026640362030323496,0.6189688141913517,0.6725126858956587,-0.3952941402927052
2026-05-19 13:09:00,6.563693950512982,6.563302003408608,-0.0002671080785380993,0.6122779229895868,0.6705110936804028,-0.39633942718484977
2026-05-19 13:10:00,6.547641369620091,6.547254521530017,-0.00026780343139027886,0.6055694765893455,0.6685042497957433,-0.39737120335812215
2026-05-19 13:11:00,6.531547340717548,6.531165591641774,-0.0002684896788597957,0.5988437033740156,0.6664922225629841,-0.3983894688125553
2026-05-19 13:12:00,6.5154124101283175,6.515035760066842,-0.00026916682094661287,0.5921008317269868,0.6644750803034295,-0.3993942235480943
2026-05-19 13:13:00,6.499237124175356,6.498865573128181,-0.00026983485765076735,0.5853410900316489,0.6624528913383841,-0.40038546756479393
2026-05-19 13:14:00,6.483022029181626,6.4826555771487495,-0.0002704937889722592,0.5785647066713898,0.6604257239891519,-0.4013632008626544
2026-05-19 13:15:00,6.466767671470088,6.46640631845151,-0.00027114361491105133,0.571771910029599,0.6583936465770371,-0.4023274234416207
2026-05-19 13:16:00,6.450474597363702,6.450118343359423,-0.0002717843354671586,0.5649629284896664,0.6563567274233443,-0.40327813530171486
2026-05-19 13:17:00,6.434143353185428,6.433792198195451,-0.0002724159506406032,0.5581379904349809,0.6543150348493777,-0.40421533644296964
2026-05-19 13:18:00,6.417774485258229,6.417428429282551,-0.00027303846043137773,0.5512973242489311,0.6522686371764415,-0.40513902686537423
2026-05-19 13:19:00,6.401368539905064,6.401027582943685,-0.0002736518648394674,0.5444411583149062,0.65021760272584,-0.40604920656890664
2026-05-19 13:20:00,6.384926063448895,6.384590205501815,-0.0002742561638648648,0.5375697210162957,0.6481619998188777,-0.4069458755535559
2026-05-19 13:21:00,6.368447602212682,6.368116843279902,-0.0002748513575075995,0.5306832407364893,0.6461018967768587,-0.4078290338193658
2026-05-19 13:22:00,6.351933702519384,6.351608042600903,-0.0002754374457676641,0.5237819458588748,0.6440373619210873,-0.40869868136632553
2026-05-19 13:23:00,6.335384910691964,6.335064349787782,-0.0002760144286450439,0.5168660647668423,0.641968463572868,-0.4095548181944131
2026-05-19 13:24:00,6.31880177305338,6.318486311163498,-0.0002765823061397462,0.5099358258437803,0.6398952700535048,-0.4103974443036394
2026-05-19 13:25:00,6.302184835926598,6.301874473051012,-0.0002771410782517562,0.5029914574730785,0.6378178496843021,-0.41122655969398253
2026-05-19 13:26:00,6.28553464563457,6.285229381773287,-0.00027769074498111096,0.4960331880381264,0.6357362707865644,-0.4120421643654974
2026-05-19 13:27:00,6.268851748500265,6.268551583653279,-0.0002782313063277882,0.48906124592231176,0.6336506016815956,-0.41284425831815097
2026-05-19 13:28:00,6.252136690846637,6.251841625013952,-0.0002787627622917658,0.48207585950902504,0.6315609106907002,-0.41363284155191044
2026-05-19 13:29:00,6.235390018996653,6.235100052178267,-0.00027928511287307335,0.47507725718165517,0.6294672661351829,-0.4144079140668197
2026-05-19 13:30:00,6.218612279273269,6.2183274114691836,-0.0002797983580717256,0.4680656673235911,0.6273697363363475,-0.41516947586290065
2026-05-19 13:31:00,6.201804017999448,6.20152424920966,-0.0002803024978876856,0.46104131831822115,0.6252683896154981,-0.4159175269400985
2026-05-19 13:32:00,6.184965781498149,6.184691111722661,-0.00028079753232095327,0.454004438548936,0.6231632942939397,-0.41665206729841303
2026-05-19 13:33:00,6.1680981160923345,6.167828545331146,-0.0002812834613715583,0.446955256399124,0.621054518692976,-0.4173730969378884
2026-05-19 13:34:00,6.1512015681049625,6.150937096358074,-0.00028176028503948587,0.4398940002521744,0.6189421311339117,-0.41808061585850254
2026-05-19 13:35:00,6.134276683858997,6.134017311126407,-0.00028222800332474335,0.4328208984914762,0.6168261999380508,-0.4187746240602664
2026-05-19 13:36:00,6.117324009677395,6.117069735959105,-0.0002826866162273086,0.4257361795004183,0.6147067934266975,-0.4194551215431471
2026-05-19 13:37:00,6.100344091883121,6.10009491717913,-0.00028313612374720375,0.4186400716623909,0.6125839799211567,-0.4201221083071776
2026-05-19 13:38:00,6.083337476799132,6.083093401109441,-0.0002835765258844288,0.41153280336078174,0.6104578277427319,-0.4207755843523578
2026-05-19 13:39:00,6.066304710748391,6.066065734072999,-0.0002840078226389542,0.40441460297898096,0.608328405212728,-0.4214155496786439
2026-05-19 13:40:00,6.049246340053859,6.049012462392766,-0.0002844300140108243,0.39728569890037785,0.6061957806524492,-0.42204200428610167
2026-05-19 13:41:00,6.032162911038494,6.0319341323917,-0.00028484310000001696,0.39014631950836026,0.6040600223831994,-0.42265494817469823
2026-05-19 13:42:00,6.015054970025259,6.014831290392764,-0.0002852470806065025,0.3829966931863186,0.6019211987262832,-0.42325438134438964
2026-05-19 13:43:00,5.9979230633371134,5.99770448271892,-0.00028564195583033285,0.37583704831764236,0.5997793780030053,-0.42384030379525284
2026-05-19 13:44:00,5.98076773729702,5.980554255693124,-0.00028602772567149306,0.3686676132857193,0.5976346285346693,-0.4244127155272657
2026-05-19 13:45:00,5.963589538227936,5.9633811556383405,-0.00028640439012996846,0.3614886164739394,0.5954870186425798,-0.4249716165404065
2026-05-19 13:46:00,5.9463890124528245,5.946185728877528,-0.0002867719492057663,0.3543002862656914,0.593336616648041,-0.42551700683468596
2026-05-19 13:47:00,5.929166706294645,5.9289685217336485,-0.0002871304028988793,0.3471028510443649,0.5911834908723573,-0.4260488864100933
2026-05-19 13:48:00,5.91192316607636,5.911730080529662,-0.00028747975120932965,0.3398965391933489,0.589027709636833,-0.4265672552666613
2026-05-19 13:49:00,5.894658938120927,5.894470951588529,-0.00028781999413709516,0.33268157909603197,0.5868693412627723,-0.42707211340435725
2026-05-19 13:50:00,5.877374568751311,5.877191681233211,-0.00028815113168217574,0.32545819913580426,0.5847084540714796,-0.42756346082318086
2026-05-19 13:51:00,5.860070604290469,5.859892815786668,-0.00028847316384457883,0.3182266276960543,0.5825451163842592,-0.42804129752314324
2026-05-19 13:52:00,5.842747591061362,5.8425749015718615,-0.0002887860906243119,0.3109870931601718,0.5803793965224154,-0.4285056235042555
2026-05-19 13:53:00,5.825406075386951,5.8252384849117504,-0.0002890899120213749,0.303739823911545,0.5782113628072524,-0.42895643876651746
2026-05-19 13:54:00,5.808046603590197,5.807884112129297,-0.0002893846280357604,0.2964850483335636,0.5760410835600744,-0.4293937433099182
2026-05-19 13:55:00,5.790669721994062,5.790512329547459,-0.0002896702386674536,0.2892229948096162,0.5738686271021859,-0.4298175371344357
2026-05-19 13:56:00,5.7732759769215045,5.773123683489202,-0.0002899467439164619,0.2819538917230932,0.5716940617548913,-0.43022782024008105
2026-05-19 13:57:00,5.755865914695487,5.755718720277484,-0.00029021414378281504,0.2746779674573829,0.5695174558394948,-0.4306245926268982
2026-05-19 13:58:00,5.738440081638968,5.738297986235264,-0.000290472438266498,0.26739545039587415,0.5673388776773004,-0.43100785429486493
2026-05-19 13:59:00,5.720999024074911,5.720862027685504,-0.0002907216273674814,0.26010656892195605,0.5651583955896126,-0.4313776052439377
2026-05-19 14:00:00,5.703543288326271,5.703411390951167,-0.0002909617110857724,0.2528115514190189,0.5629760778977357,-0.43173384547412713
2026-05-19 14:01:00,5.686073420716015,5.685946622355211,-0.000291192689421423,0.24551062627045142,0.5607919929229743,-0.43207657498551033
2026-05-19 14:02:00,5.6685899675671045,5.668468268220596,-0.00029141456237438874,0.2382040218596414,0.5586062089866322,-0.43240579377802135
2026-05-19 14:03:00,5.651093475202493,5.650976874870285,-0.0002916273299446548,0.23089196656997968,0.5564187944100141,-0.4327215018516382
2026-05-19 14:04:00,5.633584489945146,5.633472988627237,-0.00029183099213225816,0.2235746887848548,0.5542298175144239,-0.43302369920641576
2026-05-19 14:05:00,5.616063558118022,5.615957155814414,-0.00029202554893719145,0.21625241688765579,0.5520393466211663,-0.43331238584234305
2026-05-19 14:06:00,5.598531226044083,5.598429922754774,-0.00029221100035943987,0.2089253792617716,0.5498474500515452,-0.43358756175939817
2026-05-19 14:07:00,5.58098804004629,5.580891835771281,-0.00029238734639901084,0.20159380429059187,0.5476541961268653,-0.43384922695759215
2026-05-19 14:08:00,5.563434546447604,5.563343441186893,-0.0002925545870558969,0.19425792035750528,0.5454596531684305,-0.4340973814369138
2026-05-19 14:09:00,5.545871291570984,5.545785285324573,-0.0002927127223301055,0.18691795584590187,0.5432638894975454,-0.4343320251973743
2026-05-19 14:10:00,5.528298821739392,5.52821791450728,-0.00029286175222165145,0.17957413913916984,0.5410669734355144,-0.4345531582389956
2026-05-19 14:11:00,5.510717683275788,5.510641875057975,-0.0002930016767305125,0.17222669862069853,0.5388689733036414,-0.4347607805617446
2026-05-19 14:12:00,5.493128422503132,5.493057713299619,-0.0002931324958567035,0.16487586267387733,0.5366699574232309,-0.4349548921656434
2026-05-19 14:13:00,5.475531585744385,5.475465975555171,-0.0002932542096002022,0.15752185968209476,0.534469994115587,-0.4351354930506591
2026-05-19 14:14:00,5.457927719322508,5.4578672081475945,-0.00029336681796101607,0.1501649180287413,0.5322691517020145,-0.4353025832168025
2026-05-19 14:15:00,5.4403173695604625,5.440261957399849,-0.000293470320939182,0.14280526609720515,0.5300674985038174,-0.4354561626641286
2026-05-19 14:16:00,5.4227010827812085,5.422650769634893,-0.0002935647185346557,0.13544313227087493,0.5278651028422996,-0.4355962313925716
2026-05-19 14:17:00,5.405079405307706,5.40503419117569,-0.00029365001074745193,0.1280787449331411,0.5256620330387661,-0.4357227894021533
2026-05-19 14:18:00,5.387452883462914,5.387412768345198,-0.00029372619757757806,0.12071233246739144,0.5234583574145206,-0.4358358366928848
2026-05-19 14:19:00,5.369822063569799,5.369787047466381,-0.00029379327902500453,0.1133441232570161,0.5212541442908678,-0.4359353732647221
2026-05-19 14:20:00,5.352187491951316,5.352157574862198,-0.000293851255089761,0.10597434568540437,0.519049461989112,-0.43602139911770926
2026-05-19 14:21:00,5.334549714930427,5.334524896855609,-0.00029390012577185467,0.09860322813594485,0.5168443788305572,-0.436093914251857
2026-05-19 14:22:00,5.316909278830095,5.316889559769575,-0.0002939398910712709,0.09123099899202652,0.514638963136508,-0.4361529186671436
2026-05-19 14:23:00,5.299266729973276,5.299252109927057,-0.0002939705509880023,0.08385788663703872,0.5124332832282684,-0.43619841236355805
2026-05-19 14:24:00,5.281622614682935,5.281613093651015,-0.00029399210552205624,0.07648411945437075,0.5102274074271429,-0.4362303953411113
2026-05-19 14:25:00,5.2639774792820315,5.26397305726441,-0.00029400455467342525,0.06910992582741159,0.5080214040544356,-0.43624886759979226
2026-05-19 14:26:00,5.246331870093525,5.246332547090204,-0.00029400789844212424,0.061735534139550956,0.5058153414314512,-0.4362538291396231
2026-05-19 14:27:00,5.228686333440378,5.228692109451355,-0.0002940021368281531,0.05436117277417705,0.5036092878794936,-0.4362452799606036
2026-05-19 14:28:00,5.211041415645549,5.211052290670826,-0.00029398726983149716,0.046987070114679584,0.5014033117198672,-0.4362232200627119
2026-05-19 14:29:00,5.193397663032,5.1934136370715756,-0.0002939632974521637,0.03961345454444753,0.49919748127387636,-0.43618764944595906
2026-05-19 14:30:00,5.17575562192269,5.175776694976566,-0.00029393021969013796,0.032240554446870205,0.4969918648628253,-0.436138568110323
2026-05-19 14:31:00,5.158115838640583,5.158142010708759,-0.00029388803654545694,0.02486859820533733,0.49478653080801865,-0.43607597605585857
2026-05-19 14:32:00,5.1404788595086375,5.140510130591111,-0.0002938367480180911,0.017497814203236373,0.4925815474307601,-0.4359998732825221
2026-05-19 14:33:00,5.122845230849813,5.122881600946588,-0.00029377635410804035,0.010128430823958527,0.4903769830523545,-0.43591025979031334
2026-05-19 14:34:00,5.105215498987072,5.105256968098146,-0.0002937068548153343,0.0027606764508912728,0.48817290599410573,-0.4358071355792763
2026-05-19 14:35:00,5.087590210243374,5.087636778368748,-0.00029362825013993604,-0.004605220532575687,0.4859693845773183,-0.4356905006493561
2026-05-19 14:36:00,5.0699699109416825,5.070021578081354,-0.00029354054008185284,-0.011969031743053018,0.48376648712329656,-0.43556035500056367
2026-05-19 14:37:00,5.052355147404955,5.052411913558926,-0.0002934437246410996,-0.019330528797151386,0.4815642819533447,-0.4354166986329211
2026-05-19 14:38:00,5.034746465956151,5.034808331124422,-0.0002933378038176689,-0.026689483311482198,0.47936283738876706,-0.4352595315464172
2026-05-19 14:39:00,5.017144412918235,5.017211377100805,-0.0002932227776115607,-0.03404566690265575,0.4771622217508679,-0.4350888537410521
2026-05-19 14:40:00,4.9995495346141645,4.999621597811035,-0.00029309864602278246,-0.04139885118728345,0.4749625033609515,-0.4349046652168368
2026-05-19 14:41:00,4.981962377366903,4.982039539578071,-0.00029296540905131193,-0.04874880778197597,0.47276375054032216,-0.4347069659737383
2026-05-19 14:42:00,4.9643834874994095,4.964465748724877,-0.00029282306669717133,-0.0560953083033436,0.47056603161028443,-0.4344957560117896
2026-05-19 14:43:00,4.946813411334643,4.946900771574411,-0.00029267161896035323,-0.06343812436799812,0.46836941489214207,-0.4342710353309796
2026-05-19 14:44:00,4.929252695195568,4.929345154449635,-0.0002925110658408577,-0.07077702759254943,0.4661739687072,-0.4340328039313085
2026-05-19 14:45:00,4.911701885405142,4.911799443673508,-0.00029234140733869207,-0.07811178959360936,0.463979761376762,-0.4337810618127871
2026-05-19 14:46:00,4.894161528286327,4.894264185568992,-0.0002921626434538268,-0.08544218198778816,0.46178686122213264,-0.4335158089753715
2026-05-19 14:47:00,4.876632170162083,4.876739926459049,-0.0002919747741862988,-0.09276797639169615,0.4595953365646163,-0.4332370454191167
2026-05-19 14:48:00,4.85911435735537,4.859227212666636,-0.0002917777995361082,-0.10008894442194546,0.457405255725517,-0.43294477114402263
2026-05-19 14:49:00,4.841608636189152,4.841726590514716,-0.00029157171950322525,-0.1074048576951464,0.45521668702613916,-0.43263898615004537
2026-05-19 14:50:00,4.824115552986386,4.824238606326249,-0.00029135653408765745,-0.11471548782790965,0.453029698787787,-0.43231969043719587
2026-05-19 14:51:00,4.806635654070035,4.806763806424197,-0.0002911322432894196,-0.12202060643684584,0.45084435933176503,-0.4319868840054962
2026-05-19 14:52:00,4.789169485763056,4.789302737131519,-0.00029089884710850427,-0.1293199851385664,0.44866073697937736,-0.4316405668549353
2026-05-19 14:53:00,4.771717594388414,4.771855944771176,-0.00029065634784825414,-0.13661339554968163,0.4464789000519285,-0.4312807424032515
2026-05-19 14:54:00,4.754280526269069,4.754423975389728,-0.0002904047593286885,-0.14390060940234892,0.4442989168361566,-0.4309074311568202
2026-05-19 14:55:00,4.736858827727978,4.737007373651734,-0.0002901441068865103,-0.1511813990064526,0.4421208554459721,-0.4305206707106643
2026-05-19 14:56:00,4.7194530450881045,4.719606682563347,-0.00028987441816180994,-0.15845553736515264,0.4399447837878906,-0.4301205020776115
2026-05-19 14:57:00,4.702063724672412,4.7022224434723165,-0.0002895957207946257,-0.16572279817488406,0.43777076956103317,-0.42970696627041216
2026-05-19 14:58:00,4.684691412803855,4.684855196067992,-0.00028930804242498865,-0.17298295582535492,0.4355988802571271,-0.4292801043018058
2026-05-19 14:59:00,4.667336655805396,4.667505478381318,-0.0002890114106929668,-0.18023578539954807,0.43342918316050527,-0.42883995718458706
2026-05-19 15:00:00,4.65,4.650173826784836,-0.00028870585323862813,-0.18748106267372114,0.431261745348106,-0.42838656593155017
2026-05-19 15:01:00,4.632681987564615,4.6328607759926825,-0.00028839139770201844,-0.19471856411740657,0.4290966336894735,-0.4279199715554568
2026-05-19 15:02:00,4.6153831440921635,4.615566859060594,-0.00028806807172318354,-0.20194806689341052,0.4269339148467574,-0.4274402150690684
2026-05-19 15:03:00,4.5981039910295545,4.5982926073859005,-0.0002877359029421841,-0.20916934885781394,0.42477365527471356,-0.42694733748516844
2026-05-19 15:04:00,4.580845049823703,4.5810385507075315,-0.0002873949189990658,-0.2163821885599722,0.42261592122070296,-0.4264413798165184
2026-05-19 15:05:00,4.563606841921524,4.563805217106013,-0.000287045147533882,-0.2235863652425148,0.42046077872469273,-0.42592238307589086
2026-05-19 15:06:00,4.546389888769923,4.546593133003466,-0.00028668661618671545,-0.2307816588413459,0.4183082936192555,-0.4253903882761022
2026-05-19 15:07:00,4.529194711815817,4.529402823163607,-0.0002863193525975897,-0.23796784998564538,0.4161585315295691,-0.42484543642988093
2026-05-19 15:08:00,4.512021832506117,4.512234810691755,-0.00028594338210321537,-0.24514471999786486,0.41401155787341815,-0.42428756513226135
2026-05-19 15:09:00,4.494871772287736,4.495089617311221,-0.00028555871852364856,-0.25231205077818697,0.41186743789575786,-0.42371679488967345
2026-05-19 15:10:00,4.4777450526075855,4.477967764468917,-0.00028516536416220244,-0.2594696243423394,0.40972623680697773,-0.42313312911981177
2026-05-19 15:11:00,4.460642194912578,4.460869773611757,-0.0002847633190188992,-0.26661722270604915,0.40758801981746773,-0.42253656782270915
2026-05-19 15:12:00,4.443563720649623,4.443796166186649,-0.0002843525830937092,-0.273754627885045,0.4054528521376172,-0.4219271109983218
2026-05-19 15:13:00,4.426510151265638,4.4267474636405115,-0.00028393315638663985,-0.28088162189505267,0.4033207989778165,-0.4213047586466606
2026-05-19 15:14:00,4.40948200820753,4.409724187420252,-0.00028350503889772817,-0.2879979867518012,0.4011919255484547,-0.4206695107677805
2026-05-19 15:15:00,4.392479812922215,4.392726858972784,-0.0002830682306269298,-0.2951035044710181,0.3990662970599217,-0.42002136736161566
2026-05-19 15:16:00,4.375504086856603,4.375755999745021,-0.00028262273157425946,-0.30219795706843017,0.3969439787226072,-0.41936032842818793
2026-05-19 15:17:00,4.358555351457608,4.358812131183873,-0.0002821685417397246,-0.30928112655976575,0.394825035746901,-0.41868639396750834
2026-05-19 15:18:00,4.341634128172142,4.341895774736254,-0.0002817056611233178,-0.316352794960752,0.3927095333431926,-0.41799956397956595
2026-05-19 15:19:00,4.324740938447115,4.325007451849075,-0.0002812340897250391,-0.32341274428711697,0.3905975367218718,-0.41729983846436075
2026-05-19 15:20:00,4.307876303729442,4.308147683969249,-0.00028075382754489585,-0.3304607565545877,0.38848911109332845,-0.4165872174219037
2026-05-19 15:21:00,4.291040745466033,4.291316992543687,-0.00028026487458288063,-0.33749661377889245,0.3863843216679519,-0.41586170085218377
2026-05-19 15:22:00,4.274234785103801,4.2745158990193035,-0.0002797672308389935,-0.34452009797575817,0.38428323365613215,-0.415123288755201
2026-05-19 15:23:00,4.257458944089661,4.257744924843008,-0.000279260896313227,-0.35153099116091313,0.3821859122682586,-0.4143719811309444
2026-05-19 15:24:00,4.240713743870519,4.241004591461716,-0.0002787458710055886,-0.3585290753500837,0.38009242271472143,-0.41360777797942505
2026-05-19 15:25:00,4.223999705893292,4.2242954203223375,-0.0002782221549160931,-0.3655141325589987,0.37800283020591,-0.4128306793006648
2026-05-19 15:26:00,4.2073173516048925,4.207617932871785,-0.0002776897480447256,-0.37248594480338515,0.37591719995221407,-0.4120406850946417
2026-05-19 15:27:00,4.190667202452231,4.19097265055697,-0.00027714865039148623,-0.379444294098971,0.37383559716402315,-0.4112377953613558
2026-05-19 15:28:00,4.174049779882221,4.174360094824807,-0.0002765988619563749,-0.3863889624614836,0.37175808705172725,-0.41042201010080703
2026-05-19 15:29:00,4.157465605341772,4.1577807871222054,-0.00027604038273938426,-0.39331973190665065,0.3696847348257159,-0.4095933293129845
2026-05-19 15:30:00,4.1409152002777985,4.141235248896081,-0.00027547321274052906,-0.40023638445019916,0.3676156056963789,-0.4087517529979101
2026-05-19 15:31:00,4.124399086137213,4.124724001593342,-0.0002748973519598093,-0.4071387021078577,0.3655507648741059,-0.40789728115558377
2026-05-19 15:32:00,4.1079177843669274,4.1082475666609035,-0.00027431280039721023,-0.41402646689535305,0.3634902775692866,-0.4070299137859837
2026-05-19 15:33:00,4.091471816413852,4.091806465545677,-0.00027371955805274666,-0.42089946082841323,0.36143420899231066,-0.4061496508891318
2026-05-19 15:34:00,4.075061703724902,4.075401219694574,-0.0002731176249264185,-0.42775746592276576,0.35938262435356777,-0.40525649246502804
2026-05-19 15:35:00,4.058687967746987,4.0590323505545065,-0.000272507001018211,-0.43460026419413855,0.3573355888634476,-0.4043504385136504
2026-05-19 15:36:00,4.042351129927022,4.042700379572389,-0.0002718876863281242,-0.44142763765825843,0.35529316773234004,-0.403431489034999
2026-05-19 15:37:00,4.026051711711918,4.026405828195132,-0.00027125968085618034,-0.4482393683308533,0.35325542617063466,-0.40249964402910676
2026-05-19 15:38:00,4.009790234548585,4.010149217869647,-0.00027062298460237184,-0.4550352382276512,0.3512224293887211,-0.40155490349596257
2026-05-19 15:39:00,3.993567219883938,3.993931070042847,-0.00026997759756668404,-0.4618150293643795,0.3491942425969891,-0.40059726743554464
2026-05-19 15:40:00,3.9773831891648888,3.977751906161645,-0.0002693235197491206,-0.46857852375676556,0.3471709310058284,-0.3996267358478584
2026-05-19 15:41:00,3.9612386638383494,3.9616122476729525,-0.0002686607511496926,-0.4753255034205371,0.34515255982562865,-0.39864330873292025
2026-05-19 15:42:00,3.9451341653512295,3.9455126160236818,-0.00026798929176839276,-0.48205575037142173,0.3431391942667795,-0.39764698609071936
2026-05-19 15:43:00,3.9290702151504466,3.9294535326607454,-0.0002673091416052209,-0.4887690466251469,0.3411308995396709,-0.39663776792125555
2026-05-19 15:44:00,3.913047334682908,3.9134355190310552,-0.00026662030066018454,-0.4954651741974404,0.3391277408546923,-0.3956156542245399
2026-05-19 15:45:00,3.8970660453955297,3.8974590965815232,-0.0002659227689332725,-0.50214391510403,0.3371297834222333,-0.39458064500055595
2026-05-19 15:46:00,3.881126868735221,3.8815247867590625,-0.0002652165464244849,-0.5088050513606427,0.335137092452684,-0.39353274024930374
2026-05-19 15:47:00,3.865230326148896,3.865633111010585,-0.0002645016331338364,-0.5154483649830064,0.3331497331564338,-0.3924719399708051
2026-05-19 15:48:00,3.8493769390834656,3.849784590783002,-0.00026377802906132344,-0.522073637986849,0.33116777074387244,-0.3913982441650546
2026-05-19 15:49:00,3.8335672289858436,3.8339797475232262,-0.00026304573420692367,-0.5286806523878981,0.32919127042538954,-0.3903116528320193
2026-05-19 15:50:00,3.8178017173029395,3.8182191026781713,-0.000262304748570652,-0.5352691902018804,0.32722029741137504,-0.3892121659717212
2026-05-19 15:51:00,3.8020809254816688,3.802503177694748,-0.00026155507215252317,-0.5418390334445242,0.32525491691221853,-0.3880997835841822
2026-05-19 15:52:00,3.786405374968942,3.7868324940198685,-0.00026079670495252245,-0.5483899641315573,0.32329519413830954,-0.3869745056693804
2026-05-19 15:53:00,3.7707755872116713,3.7712075731004453,-0.0002600296469706498,-0.5549217642787069,0.321341194300038,-0.3858363322273158
2026-05-19 15:54:00,3.7551920836567696,3.7556289363833906,-0.0002592538982068978,-0.5614342159017008,0.3193929826077935,-0.3846852632579773
2026-05-19 15:55:00,3.739655385751148,3.7400971053156176,-0.00025846945866128126,-0.5679271010162662,0.31745062427196574,-0.383521298761387
2026-05-19 15:56:00,3.7241660149417206,3.724612601344037,-0.0002576763283338002,-0.5744002016381312,0.31551418450294433,-0.3823444387375448
2026-05-19 15:57:00,3.7087244926753984,3.7091759459155615,-0.00025687450722443973,-0.5808532997830231,0.3135837285111192,-0.3811546831864288
2026-05-19 15:58:00,3.693331340399094,3.693787660477104,-0.0002560639953332111,-0.5872861774666696,0.3116593215068799,-0.3799520321080555
2026-05-19 15:59:00,3.6779870795597174,3.678448266475576,-0.00025524479266011795,-0.5936986167047982,0.30974102870061615,-0.3787364855024304
2026-05-19 16:00:00,3.6626922316041837,3.66315828535789,-0.00025441689920514544,-0.6000903995131367,0.30782891530271767,-0.3775080433695314
2026-05-19 16:01:00,3.647447317979406,3.6479182385709588,-0.0002535803149683047,-0.6064613079074123,0.30592304652357405,-0.3762667057093751
2026-05-19 16:02:00,3.6322528601322923,3.6327286475616933,-0.0002527350399495994,-0.612811123903353,0.3040234875735751,-0.3750124725219669
2026-05-19 16:03:00,3.617109379509759,3.617590033777007,-0.0002518810741490148,-0.6191396295166862,0.30213030366311056,-0.3737453438072849
2026-05-19 16:04:00,3.6020173975587144,3.6025029186638116,-0.0002510184175665657,-0.6254466067631395,0.30024356000257,-0.3724653195653511
2026-05-19 16:05:00,3.5869774357260753,3.587467823669019,-0.0002501470702022483,-0.6317318376584405,0.2983633218023432,-0.37117239979615996
2026-05-19 16:06:00,3.5719900154587507,3.5724852702395418,-0.00024926703205605156,-0.637995104218317,0.29648965427281987,-0.3698665844996949
2026-05-19 16:07:00,3.5570556582036548,3.5575557798222928,-0.0002483783031279903,-0.644236188458496,0.2946226226243897,-0.3685478736759781
2026-05-19 16:08:00,3.542174885407697,3.542679873864183,-0.00024748088341805714,-0.6504548723947059,0.29276229206744225,-0.3672162673249984
2026-05-19 16:09:00,3.5273482185177922,3.527858073812126,-0.0002465747729262557,-0.6566509380426735,0.29090872781236743,-0.36587176544676137
2026-05-19 16:10:00,3.512576178980851,3.5130909011130322,-0.0002456599716525861,-0.6628241674181272,0.28906199506955477,-0.3645143680412671
2026-05-19 16:11:00,3.4978592882437867,3.4983788772138156,-0.00024473647959703343,-0.668974342536794,0.2872221590493941,-0.3631440751084934
2026-05-19 16:12:00,3.4831980677535124,3.4837225235613882,-0.0002438042967596236,-0.6751012454144013,0.2853892849622751,-0.3617608866484789
2026-05-19 16:13:00,3.4685930389569375,3.4691223616026607,-0.00024286342314034187,-0.6812046580666777,0.2835634380185873,-0.3603648026612015
2026-05-19 16:14:00,3.454044723300976,3.454578912784547,-0.00024191385873917708,-0.6872843625093498,0.2817446834287206,-0.35895582314664487
2026-05-19 16:15:00,3.4395536422325415,3.4400926985539595,-0.00024095560355615145,-0.6933401407581454,0.2799330864030647,-0.3575339481048418
2026-05-19 16:16:00,3.425120317198543,3.425664240357809,-0.000239988657591265,-0.6993717748287924,0.2781287121520091,-0.3560991775357924
2026-05-19 16:17:00,3.410745269645895,3.4112940596430077,-0.00023901302084449553,-0.7053790467370186,0.2763316258859436,-0.3546515114394638
2026-05-19 16:18:00,3.396429021021508,3.3969826778564696,-0.00023802869331585041,-0.7113617384985508,0.27454189281525804,-0.35319094981586674
2026-05-19 16:19:00,3.3821720927722962,3.3827306164451056,-0.00023703567500534816,-0.717319632129117,0.27275957815034196,-0.35171749266502883
2026-05-19 16:20:00,3.3679750063451723,3.368538396855828,-0.0002360339659129703,-0.7232525096444451,0.27098474710158504,-0.3502311399869227
2026-05-19 16:21:00,3.3538382831870464,3.354406540535549,-0.00023502356603871677,-0.7291601530602622,0.2692174648793771,-0.3487318917815481
2026-05-19 16:22:00,3.3397624447448306,3.3403355689311818,-0.00023400447538259503,-0.735042344392296,0.2674577966941078,-0.34721974804891625
2026-05-19 16:23:00,3.3257480124654393,3.326326003489638,-0.00023297669394461244,-0.7408988656562742,0.2657058077561668,-0.345694708789038
2026-05-19 16:24:00,3.3117955077957824,3.3123783656578283,-0.00023194022172475423,-0.7467294988679248,0.26396156327594367,-0.3441567740018915
2026-05-19 16:25:00,3.297905452182775,3.2984931768826673,-0.00023089505872301297,-0.7525340260429747,0.2622251284638284,-0.34260594368746566
2026-05-19 16:26:00,3.2840783670733256,3.2846709586110667,-0.00022984120493941458,-0.7583122291971516,0.2604965685302105,-0.3410422178457989
2026-05-19 16:27:00,3.2703147739143494,3.2709122322899375,-0.00022877866037394426,-0.7640638903461836,0.2587759486854797,-0.33946559647686936
2026-05-19 16:28:00,3.256615194152757,3.2572175193661934,-0.00022770742502659463,-0.7697887915057976,0.25706333414002575,-0.337876079580666
2026-05-19 16:29:00,3.2429801492354624,3.243587341286746,-0.00022662749889738784,-0.7754867146917216,0.25535879010423834,-0.3362736671572218
2026-05-19 16:30:00,3.2294101606093757,3.230022219498507,-0.0002255388819863091,-0.7811574419196835,0.253662381788507,-0.3346583592065147
2026-05-19 16:31:00,3.2159057497214114,3.216522675448389,-0.00022444157429334736,-0.7868007552054103,0.2519741744032216,-0.33303015572852834
2026-05-19 16:32:00,3.202467438018479,3.203089230583305,-0.00022333557581852108,-0.7924164365646297,0.2502942331587719,-0.3313890567232901
2026-05-19 16:33:00,3.189095746947494,3.1897224063501666,-0.00022222088656182655,-0.7980042680130696,0.24862262326554743,-0.3297350621907945
2026-05-19 16:34:00,3.1757911979553652,3.176422724195886,-0.0002210975065232638,-0.8035640315664572,0.246959409933938,-0.3280681721310416
2026-05-19 16:35:00,3.1625543124890076,3.163190705567375,-0.00021996543570282912,-0.8090955092405205,0.2453046583743332,-0.3263883865440259
2026-05-19 16:36:00,3.1493856119953305,3.1500268719115465,-0.0002188246741005188,-0.8145984830509869,0.24365843379712282,-0.32469570542974185
2026-05-19 16:37:00,3.13628561792125,3.1369317446753127,-0.00021767522171634395,-0.8200727350135839,0.24202080141269658,-0.32299012878820593
2026-05-19 16:38:00,3.123254851713675,3.1239058453055852,-0.00021651707855029715,-0.8255180471440394,0.24039182643144405,-0.3212716566194072
2026-05-19 16:39:00,3.1102938348195197,3.110949695249277,-0.00021535024460237102,-0.8309342014580806,0.23877157406375507,-0.31954028892333464
2026-05-19 16:40:00,3.0974030886856943,3.0980638159533007,-0.00021417471987258778,-0.8363209799714351,0.23716010952001934,-0.31779602570002125
2026-05-19 16:41:00,3.0845831347591135,3.0852487288645665,-0.0002129905043609289,-0.841678164699831,0.23555749801062636,-0.3160388669494395
2026-05-19 16:42:00,3.0718344944866884,3.0725049554299892,-0.00021179759806739436,-0.8470055376589952,0.2339638047459661,-0.3142688126715894
2026-05-19 16:43:00,3.059157689315331,3.059833017096479,-0.00021059600099200272,-0.8523028808646559,0.23237909493642805,-0.3124858628664985
2026-05-19 16:44:00,3.046553240691954,3.047233435310949,-0.00020938571313472803,-0.8575699763325406,0.23080343379240195,-0.3106900175341282
2026-05-19 16:45:00,3.0340216700634692,3.034706731520312,-0.00020816673449558138,-0.8628066060783764,0.22923688652427762,-0.3088812766744951
2026-05-19 16:46:00,3.0215634988767883,3.022253427171479,-0.00020693906507457394,-0.8680125521178913,0.22767951834244465,-0.3070596402876157
2026-05-19 16:47:00,3.009179248578825,3.009874043711363,-0.00020570270487169456,-0.873187596466813,0.22613139445729272,-0.30522510837347344
2026-05-19 16:48:00,2.9968694406164906,2.997569102586876,-0.00020445765388693953,-0.8783315211408689,0.22459258007921157,-0.30337768093206285
2026-05-19 16:49:00,2.984634596436697,2.98533912524493,-0.00020320391212031257,-0.8834441081557864,0.22306314041859096,-0.30151735796338947
2026-05-19 16:50:00,2.9724752374863574,2.9731846331324383,-0.00020194147957181737,-0.8885251395272934,0.2215431406858205,-0.29964413946745866
2026-05-19 16:51:00,2.9603918852123843,2.961106147696312,-0.00020067035624145394,-0.8935743972711173,0.22003264609128992,-0.29775802544427055
2026-05-19 16:52:00,2.948385061061688,2.949104190383464,-0.0001993905421292223,-0.8985916634029858,0.21853172184538894,-0.29585901589382513
2026-05-19 16:53:00,2.936455286481183,2.9371792826408054,-0.00019810203723511868,-0.9035767199386266,0.21704043315850718,-0.2939471108161168
2026-05-19 16:54:00,2.924603082917779,2.9253319459152496,-0.00019680484155913945,-0.9085293488937672,0.21555884524103439,-0.2920223102111402
2026-05-19 16:55:00,2.912828971818391,2.9135627016537087,-0.000195498955101292,-0.913449332284135,0.21408702330336032,-0.2900846140789063
2026-05-19 16:56:00,2.9011334746299284,2.9018720713030945,-0.00019418437786158002,-0.9183364521254579,0.2126250325558746,-0.2881340224194205
2026-05-19 16:57:00,2.8895171127993065,2.890260576310319,-0.00019286110983998868,-0.9231904904334636,0.21117293820896685,-0.2861705352326609
2026-05-19 16:58:00,2.8779804077734354,2.878728738122296,-0.0001915291510365291,-0.9280112292238789,0.209730805473027,-0.28419415251864394
2026-05-19 16:59:00,2.8665238809992286,2.8672770781859356,-0.00019018850145120504,-0.9327984505124323,0.20829869955844454,-0.2822048742773752
2026-05-19 17:00:00,2.8551480539235956,2.8559061179481513,-0.000188839161084009,-0.9375519363148509,0.20687668567560927,-0.28020270050884355
2026-05-19 17:01:00,2.843853447993452,2.8446163788558545,-0.00018748112993493364,-0.9422714686468627,0.20546482903491076,-0.2781876312130381
2026-05-19 17:02:00,2.8326405846557092,2.8334083823559593,-0.00018611440800399005,-0.9469568295241945,0.20406319484673902,-0.2761596663899753
2026-05-19 17:03:00,2.8215099853572783,2.8222826498953757,-0.0001847389952911893,-0.9516078009625748,0.20267184832148338,-0.27411880603967165
2026-05-19 17:04:00,2.810462171545072,2.8112397029210165,-0.00018335489179650556,-0.9562241649777309,0.20129085466953367,-0.2720650501620887
2026-05-19 17:05:00,2.7994976646660024,2.800280062879795,-0.00018196209751994986,-0.96080570358539,0.1999202791012797,-0.2699983987572429
2026-05-19 17:06:00,2.7886169861669825,2.7894042512186226,-0.00018056061246152593,-0.9653521988012801,0.19856018682711107,-0.2679188518251398
2026-05-19 17:07:00,2.7778206574949236,2.778612789384412,-0.00017915043662123745,-0.9698634326411284,0.19721064305741756,-0.2658264093657848
2026-05-19 17:08:00,2.767109200096739,2.767906198824074,-0.00017773156999907705,-0.9743391871206633,0.19587171300258868,-0.26372107137916695
2026-05-19 17:09:00,2.7564831354193395,2.7572850009845227,-0.00017630401259504102,-0.9787792442556116,0.1945434618730143,-0.2616028378652808
2026-05-19 17:10:00,2.7459429849096395,2.746749717312669,-0.00017486776440914047,-0.9831833860617012,0.19322595487908406,-0.2594717088241429
2026-05-19 17:11:00,2.7354892700145492,2.736300869255426,-0.00017342282544136056,-0.9875513945546597,0.19191925723118766,-0.25732768425573105
2026-05-19 17:12:00,2.725122512180981,2.725938978259706,-0.00017196919569171612,-0.9918830517502144,0.19062343413971486,-0.2551707641600674
2026-05-19 17:13:00,2.7148432328558476,2.71566456577242,-0.00017050687516019977,-0.9961781396640934,0.18933855081505524,-0.25300094853714095
2026-05-19 17:14:00,2.7046519534860614,2.705478153240482,-0.00016903586384681518,-1.0004364403120238,0.18806467246759864,-0.25081823738695713
2026-05-19 17:15:00,2.694549195518535,2.695380262110802,-0.00016755616175155862,-1.0046577357097337,0.1868018643077346,-0.24862263070951043
2026-05-19 17:16:00,2.6845354804001795,2.685371413830295,-0.00016606776887443016,-1.0088418078729502,0.18555019154585295,-0.24641412850480093
2026-05-19 17:17:00,2.674611329577908,2.6754521298458704,-0.00016457068521544087,-1.0129884388174013,0.1843097193923433,-0.24419273077284512
2026-05-19 17:18:00,2.6647772644986323,2.665622931604442,-0.00016306491077456483,-1.0170974105588144,0.18308051305759537,-0.24195843751360446
2026-05-19 17:19:00,2.655033806609266,2.6558843405529227,-0.00016155044555182056,-1.021168505112917,0.18186263775199896,-0.23971124872710647
2026-05-19 17:20:00,2.6453814773567186,2.6462368781382235,-0.00016002728954721545,-1.0252015044954366,0.18065615868594367,-0.23745116441336211
2026-05-19 17:21:00,2.635820798187904,2.636681065807257,-0.0001584954427607421,-1.029196190722101,0.17946114106981922,-0.23517818457236045
2026-05-19 17:22:00,2.6263522905497347,2.6272174250069344,-0.00015695490519238944,-1.0331523458086382,0.1782776501140152,-0.23289230920408494
2026-05-19 17:23:00,2.616976475889123,2.61784647718417,-0.00015540567684216856,-1.037069751770775,0.17710575102892154,-0.23059353830855212
2026-05-19 17:24:00,2.6076938756529793,2.6085687437858742,-0.0001538477577100757,-1.0409481906242397,0.17594550902492767,-0.22828187188575644
2026-05-19 17:25:00,2.5985050112882186,2.599384746258961,-0.00015228114779611095,-1.0447874443847591,0.17479698931242357,-0.22595730993569796
2026-05-19 17:26:00,2.5894104042417507,2.590295006050341,-0.00015070584710028534,-1.0485872950680615,0.17366025710179875,-0.22361985245839308
2026-05-19 17:27:00,2.5804105759604896,2.5813000446069267,-0.0001491218556225804,-1.0523475246898744,0.1725353776034429,-0.2212694994538144
2026-05-19 17:28:00,2.5715060478913467,2.5724003833756313,-0.00014752917336301093,-1.056067915265925,0.17142241602774583,-0.21890625092198387
2026-05-19 17:29:00,2.5626973414812335,2.5635965438033654,-0.00014592780032156582,-1.0597482488119414,0.17032143758509707,-0.216530106862885
2026-05-19 17:30:00,2.5539849781770627,2.5548890473370434,-0.00014431773649824508,-1.0633883073436505,0.16923250748588659,-0.21414106727651783
2026-05-19 17:31:00,2.5453694794257484,2.546278415423576,-0.00014269898189306351,-1.0669878728767805,0.16815569094050387,-0.21173913216290433
2026-05-19 17:32:00,2.536851366674201,2.5377651695098757,-0.00014107153650601002,-1.070546727427059,0.16709105315933862,-0.20932430152202797
2026-05-19 17:33:00,2.5284311613693324,2.529349831042855,-0.00013943540033708456,-1.0740646530102131,0.16603865935278067,-0.20689657535388875
2026-05-19 17:34:00,2.520109384958056,2.5210329214694256,-0.0001377905733862946,-1.077541431641971,0.16499857473121957,-0.20445595365849772
2026-05-19 17:35:00,2.5118865588872827,2.5128149622364995,-0.00013613705565362528,-1.0809768453380602,0.163970864505045,-0.20200243643583285
2026-05-19 17:36:00,2.5037632046039264,2.5046964747909906,-0.00013447484713908036,-1.0843706761142076,0.16295559388464687,-0.1995360236858997
2026-05-19 17:37:00,2.495739843554898,2.49667798057981,-0.00013280394784267828,-1.0877227059861414,0.1619528280804147,-0.19705671540872563
2026-05-19 17:38:00,2.48781699718711,2.488760001049869,-0.00013112435776439687,-1.091032716969589,0.16096263230273827,-0.19456451160427776
2026-05-19 17:39:00,2.479995186947475,2.480943057648082,-0.00012943607690424724,-1.094300491080278,0.15998507176200727,-0.19205941227257256
2026-05-19 17:40:00,2.472274934282905,2.4732276718213595,-0.00012773910526223304,-1.0975258103339363,0.15902021166861136,-0.1895414174136155
2026-05-19 17:41:00,2.4646567606403122,2.4656143650166142,-0.00012603344283834323,-1.1007084567462913,0.15806811723294018,-0.1870105270273901
2026-05-19 17:42:00,2.457141187466609,2.4581036586807583,-0.0001243190896325815,-1.1038482123330704,0.15712885366538354,-0.1844667411139019
2026-05-19 17:43:00,2.4497287362087077,2.4506960742607045,-0.0001225960456449441,-1.106944859110001,0.1562024861763312,-0.18191005967314536
2026-05-19 17:44:00,2.44241992831352,2.443392133203365,-0.00012086431087544591,-1.1099981790928113,0.1552890799761727,-0.17934048270514247
2026-05-19 17:45:00,2.435215285227959,2.436192356955651,-0.00011912388532407947,-1.1130079542972287,0.15438870027529777,-0.17675801020988224
2026-05-19 17:46:00,2.428115328398936,2.4290972669644755,-0.00011737476899083739,-1.1159739667389807,0.1535014122840961,-0.17416264218735367
2026-05-19 17:47:00,2.4211205792733637,2.4221073846767505,-0.00011561696187572338,-1.118895998433795,0.1526272812129575,-0.1715543786375623
2026-05-19 17:48:00,2.414231559298155,2.4152232315393887,-0.00011385046397873743,-1.1217738313973988,0.15176637227227158,-0.16893321956050805
2026-05-19 17:49:00,2.407448789920221,2.408445328999302,-0.00011207527529987956,-1.1246072476455202,0.15091875067242805,-0.16629916495619101
2026-05-19 17:50:00,2.4007727925864737,2.401774198503403,-0.00011029139583915715,-1.1273960291938863,0.15008448162381668,-0.1636522148246221
2026-05-19 17:51:00,2.3942040887438263,2.395210361498603,-0.0001084988255965702,-1.1301399580582252,0.14926363033682702,-0.16099236916580134
2026-05-19 17:52:00,2.3877431998391905,2.3887543394318147,-0.00010669756457209652,-1.1328388162542644,0.14845626202184883,-0.15831962797969582
2026-05-19 17:53:00,2.381390647319479,2.3824066537499515,-0.00010488774377264883,-1.1354923857977308,0.147662441889272,-0.15563418565655016
2026-05-19 17:54:00,2.3751469526316042,2.376167810179097,-0.00010307014923955175,-1.1381004552762455,0.14688223318349236,-0.15293720853760742
2026-05-19 17:55:00,2.3690126372224776,2.3700382358412053,-0.00010124622204857511,-1.1406628461368888,0.1461156893189391,-0.1502308349151584
2026-05-19 17:56:00,2.362988222539011,2.364018263533268,-9.941753428237554e-05,-1.143179419258097,0.14536285191407983,-0.14751739747170012
2026-05-19 17:57:00,2.357074230028119,2.3581081317273203,-9.75856580236097e-05,-1.1456500749496579,0.14462375079142206,-0.14479922888972957
2026-05-19 17:58:00,2.351271181136711,2.3523079845704347,-9.575216535495645e-05,-1.148074752952715,0.14389840397751164,-0.1420786618517768
2026-05-19 17:59:00,2.3455795973117004,2.3466178718847255,-9.391862835906132e-05,-1.1504534324397653,0.14318681770293398,-0.13935802904032235
2026-05-19 18:00:00,2.34,2.3410377491673473,-9.208661911858466e-05,-1.1527861320146588,0.14248898640231356,-0.13663966313786874
2026-05-19 18:01:00,2.3345326748361215,2.3355674775904953,-9.025770971618311e-05,-1.1550729097126,0.14180489271431393,-0.133925896826913
2026-05-19 18:02:00,2.329176964204984,2.3302068240014053,-8.843347223453183e-05,-1.1573138630001465,0.14113450748163792,-0.1312190627899796
2026-05-19 18:03:00,2.3239319746791036,2.3249554609223515,-8.661547875628746e-05,-1.159509128775211,0.14047778975102715,-0.12852149370956562
2026-05-19 18:04:00,2.318796812830999,2.319812966550651,-8.480530136409184e-05,-1.1616588833670591,0.1398346867732626,-0.12583552226814612
2026-05-19 18:05:00,2.313770585233189,2.3147788247586605,-8.300451214062383e-05,-1.1637633425363096,0.1392051340031646,-0.12316348114825106
2026-05-19 18:06:00,2.3088523984581903,2.309852425093776,-8.121468316854008e-05,-1.1658227614749366,0.13858905509959213,-0.12050770303237747
2026-05-19 18:07:00,2.3040413590785214,2.3050330627784357,-7.943738653049722e-05,-1.167837434806267,0.13798636192544356,-0.11787052060302242
2026-05-19 18:08:00,2.2993365736667006,2.3003199387101163,-7.767406330227618e-05,-1.169807696584982,0.13739695454765632,-0.11525407215249313
2026-05-19 18:09:00,2.2947371487952464,2.2957121751821625,-7.592549952519049e-05,-1.171733913725224,0.13682072320320046,-0.11265952402201616
2026-05-19 18:10:00,2.2902421910366755,2.2912088787670934,-7.419182620613807e-05,-1.1736164597130274,0.13625755616305277,-0.11008707060181426
2026-05-19 18:11:00,2.2858508069635066,2.286809156037426,-7.247304334513001e-05,-1.1754557080344277,0.13570734169818954,-0.10753671189190386
2026-05-19 18:12:00,2.281562103148257,2.282512113565678,-7.076915094215153e-05,-1.1772520321754594,0.13516996807958748,-0.10500844789226305
2026-05-19 18:13:00,2.2773751861634457,2.2783168579243678,-6.90801489971989e-05,-1.1790058056221573,0.13464532357822317,-0.10250227860288628
2026-05-19 18:14:00,2.273289162581591,2.274222495686014,-6.740603751027955e-05,-1.1807174018605562,0.1341332964650732,-0.10001820402378457
2026-05-19 18:15:00,2.2693031389752094,2.2702281334231342,-6.574681648139717e-05,-1.1823871943766906,0.13363377501111418,-0.09755622415496343
2026-05-19 18:16:00,2.26541622191682,2.2663328777082463,-6.410248591055175e-05,-1.184015556656596,0.13314664748732258,-0.0951163389964228
2026-05-19 18:17:00,2.261627517978941,2.262535835113868,-6.247304579773591e-05,-1.1856028621863066,0.13267180216467508,-0.09269854854815177
2026-05-19 18:18:00,2.257936133734089,2.258836112212518,-6.085849614295332e-05,-1.1871494844518575,0.13220912731414824,-0.09030285281015575
2026-05-19 18:19:00,2.2543411757547838,2.2552328155767136,-5.9258836946204006e-05,-1.1886557969392835,0.1317585112067186,-0.08792925178243481
2026-05-19 18:20:00,2.250841750613542,2.2517250517789735,-5.7674068207487954e-05,-1.1901221731346192,0.13131984211336284,-0.0855777454649889
2026-05-19 18:21:00,2.2474369648828816,2.248311927391815,-5.6104189926805176e-05,-1.1915489865238997,0.1308930083050574,-0.08324833385781806
2026-05-19 18:22:00,2.2441259251353225,2.244992548987757,-5.4549202104159365e-05,-1.1929366105931594,0.13047789805277904,-0.08094101696092777
2026-05-19 18:23:00,2.240907737943381,2.241766023139316,-5.300910473954312e-05,-1.1942854188284338,0.1300743996275041,-0.07865579477430704
2026-05-19 18:24:00,2.2377815098795746,2.2386314564190117,-5.148389783296015e-05,-1.195595784715757,0.12968240130020936,-0.07639266729796135
2026-05-19 18:25:00,2.2347463475164226,2.2355879553993607,-4.997358138441044e-05,-1.1968680817411643,0.12930179134187128,-0.07415163453189072
2026-05-19 18:26:00,2.231801357426443,2.2326346266528825,-4.847815539389029e-05,-1.1981026833906898,0.12893245802346665,-0.07193269647608964
2026-05-19 18:27:00,2.2289456461821526,2.229770576752094,-4.699761986141082e-05,-1.1992999631503691,0.12857428961597178,-0.06973585313057461
2026-05-19 18:28:00,2.226178320356071,2.226994912269513,-4.5531974786960916e-05,-1.2004602945062368,0.12822717439036338,-0.06756110449532914
2026-05-19 18:29:00,2.223498486520715,2.2243067397776586,-4.408122017054798e-05,-1.2015840509443274,0.12789100061761807,-0.06540845057036421
2026-05-19 18:30:00,2.220905251248602,2.2217051658490474,-4.264535601216461e-05,-1.2026716059506763,0.12756565656871224,-0.06327789135566884
2026-05-19 18:31:00,2.218397721112253,2.219189297056199,-4.12243823118071e-05,-1.2037233330113177,0.12725103051462272,-0.06116942685123754
2026-05-19 18:32:00,2.2159750026841825,2.2167582399716306,-3.9818299069493966e-05,-1.2047396056122863,0.12694701072632605,-0.05908305705709777
2026-05-19 18:33:00,2.2136362025369105,2.2144111011678596,-3.84271062852178e-05,-1.2057207972396176,0.12665348547479868,-0.05701878197323854
2026-05-19 18:34:00,2.211380427242954,2.2121469872174044,-3.70508039589638e-05,-1.2066672813793462,0.12637034303101716,-0.054976601599637895
2026-05-19 18:35:00,2.2092067833748317,2.209965004692784,-3.568939209074307e-05,-1.2075794315175064,0.1260974716659583,-0.0529565159363123
2026-05-19 18:36:00,2.2071143775050612,2.2078642601665153,-3.4342870680563005e-05,-1.2084576211401334,0.1258347596505985,-0.050958524983272746
2026-05-19 18:37:00,2.205102316206162,2.2058438602111163,-3.30112397284162e-05,-1.209302223733262,0.12558209525591443,-0.048982628740508224
2026-05-19 18:38:00,2.2031697060506494,2.2039029113991053,-3.169449923429897e-05,-1.2101136127829273,0.12533936675288251,-0.04702882720801328
2026-05-19 18:39:00,2.2013156536110428,2.2020405203030005,-3.039264919821871e-05,-1.2108921617751636,0.1251064624124795,-0.04509712038579888
2026-05-19 18:40:00,2.199539265459861,2.200255793495319,-2.910568962016432e-05,-1.2116382441960059,0.1248832705056819,-0.043187508273848554
2026-05-19 18:41:00,2.1978396481696207,2.1985478375485807,-2.783362050014689e-05,-1.2123522335314887,0.12466967930346641,-0.04129999087217876
2026-05-19 18:42:00,2.19621590831284,2.1969157590353015,-2.657644183816643e-05,-1.2130345032676475,0.12446557707680939,-0.03943456818078952
2026-05-19 18:43:00,2.1946671524620385,2.1953586645280008,-2.533415363421184e-05,-1.2136854268905166,0.12427085209668756,-0.037591240199664346
2026-05-19 18:44:00,2.1931924871897315,2.193875660599196,-2.4106755888297914e-05,-1.2143053778861308,0.12408539263407754,-0.035770006928825204
2026-05-19 18:45:00,2.19179101906844,2.192465853821405,-2.2894248600413558e-05,-1.2148947297405253,0.12390908695995578,-0.03397086836825563
2026-05-19 18:46:00,2.1904618546706796,2.1911283507671464,-2.1696631770558767e-05,-1.2154538559397343,0.123741823345299,-0.03219382451795561
2026-05-19 18:47:00,2.1892041005689697,2.189862258008938,-2.0513905398744647e-05,-1.215983129969793,0.12358349006108374,-0.030438875377941627
2026-05-19 18:48:00,2.1880168633358275,2.188666682119297,-1.9346069484963794e-05,-1.2164829253167362,0.12343397537828651,-0.0287060209482027
2026-05-19 18:49:00,2.186899249543772,2.1875407296707423,-1.8193124029208806e-05,-1.2169536154665987,0.12329316756788393,-0.026995261228727842
2026-05-19 18:50:00,2.185850365765319,2.186483507235792,-1.7055069031490788e-05,-1.2173955739054152,0.12316095490085262,-0.025306596219533527
2026-05-19 18:51:00,2.1848693185729893,2.1854941213869634,-1.5931904491809738e-05,-1.2178091741192207,0.12303722564816907,-0.02364002592061976
2026-05-19 18:52:00,2.1839552145392993,2.184571678696775,-1.4823630410165656e-05,-1.2181947895940497,0.12292186808081,-0.02199555033198653
2026-05-19 18:53:00,2.1831071602367675,2.1837152857377435,-1.373024678654744e-05,-1.2185527938159377,0.12281477046975174,-0.020373169453617376
2026-05-19 18:54:00,2.1823242622379118,2.182924049082389,-1.265175362095509e-05,-1.2188835602709185,0.1227158210859712,-0.01877288328551229
2026-05-19 18:55:00,2.1816056271152497,2.182197075303229,-1.158815091340341e-05,-1.2191874624450274,0.12262490820044479,-0.017194691827693242
2026-05-19 18:56:00,2.1809503614413,2.1815334709727807,-1.0539438663888696e-05,-1.2194648738242992,0.1225419200841491,-0.015638595080154732
2026-05-19 18:57:00,2.1803575717885804,2.1809323426635623,-9.505616872407252e-06,-1.219716167894769,0.12246674500806065,-0.01410459304289128
2026-05-19 18:58:00,2.179826364729609,2.180392796948092,-8.486685538951674e-06,-1.2199417181424712,0.12239927124315611,-0.012592685715891897
2026-05-19 18:59:00,2.1793558468369034,2.179913940398888,-7.482644663533063e-06,-1.2201418980534406,0.12233938706041206,-0.011102873099173056
2026-05-19 19:00:00,2.1789451246829814,2.179494879588468,-6.493494246155122e-06,-1.2203170811137123,0.12228698073080504,-0.009635155192740252
2026-05-19 19:01:00,2.1785933048403625,2.1791347210893495,-5.519234286799346e-06,-1.220467640809321,0.12224194052531163,-0.008189531996566028
2026-05-19 19:02:00,2.178299493881563,2.178832571474052,-4.5598647854805385e-06,-1.220593950626301,0.1222041547149085,-0.006766003510672345
2026-05-19 19:03:00,2.178062798379102,2.178587537315092,-3.6153857421986994e-06,-1.2206963840506881,0.12217351157057205,-0.0053645697350592075
2026-05-19 19:04:00,2.177882324905496,2.178398725184988,-2.685797156950128e-06,-1.2207753145685163,0.12214989936327907,-0.0039852306697211225
2026-05-19 19:05:00,2.1777571800332653,2.178265241656258,-1.771099029731123e-06,-1.220831115665821,0.12213320636400593,-0.002627986314652599
2026-05-19 19:06:00,2.1776864703349257,2.1781861933014204,-8.712913605416853e-07,-1.2208641608286364,0.12212332084372937,-0.0012928366698536367
2026-05-19 19:07:00,2.1776693023829976,2.178160686692993,1.3625850610784104e-08,-1.2208748235429976,0.12212013107342594,2.0218264664781392e-05
2026-05-19 19:08:00,2.1777047827499962,2.1781878284034937,8.836526037299859e-07,-1.2208634772949392,0.12212352532407227,0.0013111784889081467
2026-05-19 19:09:00,2.177792018008442,2.1782667250054404,1.7387888988122194e-06,-1.2208304955704965,0.12213339186664476,0.0025800440028709683
2026-05-19 19:10:00,2.177930114730851,2.178396483071351,2.5790347358611853e-06,-1.220776251855704,0.12214961897212015,0.003826814806558737
2026-05-19 19:11:00,2.1781181794897426,2.1785762091737437,3.4043901148805842e-06,-1.2207011196365964,0.12217209491147495,0.005051490899976944
2026-05-19 19:12:00,2.1783553188576343,2.178805009885137,4.214855035866716e-06,-1.2206054723992086,0.12220070795568583,0.006254072283120099
2026-05-19 19:13:00,2.178640639407044,2.1790819917780477,5.010429498815879e-06,-1.2204896836295756,0.12223534637572923,0.007434558955982709
2026-05-19 19:14:00,2.17897324771049,2.1794062614249947,5.791113503739176e-06,-1.2203541268137321,0.12227589844258178,0.00859295091858125
2026-05-19 19:15:00,2.17935225034049,2.1797769253984964,6.556907050621804e-06,-1.2201991754377124,0.12232225242722025,0.009729248170893755
2026-05-19 19:16:00,2.1797767538695623,2.1801930902710693,7.307810139471164e-06,-1.2200252029875525,0.12237429660062084,0.010843450712931208
2026-05-19 19:17:00,2.180245864870223,2.180653862615233,8.043822770294658e-06,-1.2198325829492858,0.12243191923376052,0.011935558544704591
2026-05-19 19:18:00,2.180758689914994,2.1811583490035047,8.764944943077483e-06,-1.219621688808948,0.12249500859761565,0.013005571666191937
2026-05-19 19:19:00,2.18131433557639,2.1817056560084023,9.47117665782704e-06,-1.2193928940525738,0.12256345296316282,0.01405349007740423
2026-05-19 19:20:00,2.181911908426931,2.182294890202444,1.0162517914550732e-05,-1.2191465721661978,0.12263714060137866,0.015079313778352456
2026-05-19 19:21:00,2.1825505150391336,2.1829251581581484,1.0838968713237456e-05,-1.2188830966358548,0.12271595978323979,0.016083042769020138
2026-05-19 19:22:00,2.1832292619855163,2.1835955664480324,1.150052905388721e-05,-1.2186028409475798,0.12279979877972273,0.017064677049407274
2026-05-19 19:23:00,2.1839472558385973,2.184305221644615,1.2147198936507398e-05,-1.2183061785874074,0.12288854586180407,0.018024216619524847
2026-05-19 19:24:00,2.1847036031708944,2.1850532303204133,1.2778978361090617e-05,-1.2179934830413726,0.12298208930046042,0.018961661479361878
2026-05-19 19:25:00,2.1854974105549263,2.1858386990479457,1.339586732764427e-05,-1.2176651277955102,0.12308031736666829,0.01987701162892935
2026-05-19 19:26:00,2.186327784563209,2.1866607343997306,1.3997865836164653e-05,-1.2173214863358548,0.12318311833140433,0.020770267068221764
2026-05-19 19:27:00,2.1871938317682624,2.1875184429482855,1.4584973886648071e-05,-1.2169629321484414,0.12329038046564508,0.021641427797233638
2026-05-19 19:28:00,2.188094658742604,2.1884109312661284,1.5157191479101921e-05,-1.2165898387193048,0.12340199204036713,0.02249049381597595
2026-05-19 19:29:00,2.1890293720587524,2.1893373059257777,1.5714518613522504e-05,-1.2162025795344797,0.12351784132654708,0.023317465124443208
2026-05-19 19:30:00,2.1899970782892244,2.190296673499751,1.6256955289906117e-05,-1.215801528080001,0.12363781659516151,0.024122341722629923
2026-05-19 19:31:00,2.1909968840065384,2.1912881405605664,1.6784501508260163e-05,-1.2153870578419035,0.12376180611718697,0.024905123610547072
2026-05-19 19:32:00,2.1920278957832124,2.1923108136807423,1.7297157268580944e-05,-1.2149595423062218,0.1238896981636001,0.025665810788189178
2026-05-19 19:33:00,2.1930892201917653,2.193363799432796,1.7794922570864755e-05,-1.214519354958991,0.12402138100537743,0.026404403255550733
2026-05-19 19:34:00,2.194179963804714,2.194446204389246,1.8277797415118997e-05,-1.214066869286246,0.12415674291349549,0.027120901012642726
2026-05-19 19:35:00,2.1952992331945773,2.1955571351226104,1.8745781801339976e-05,-1.213602458774021,0.124295672158931,0.027815304059459672
2026-05-19 19:36:00,2.1964461349338715,2.196695698205407,1.9198875729527683e-05,-1.2131264969083515,0.12443805701266043,0.02848761239600156
2026-05-19 19:37:00,2.197619775595117,2.1978610002101537,1.9637079199678423e-05,-1.2126393571752716,0.12458378574566051,0.029137826022262905
2026-05-19 19:38:00,2.1988192617508306,2.1990521477093683,2.0060392211795896e-05,-1.212141413060817,0.12473274662890754,0.029765944938249196
2026-05-19 19:39:00,2.20004369997353,2.2002682472755692,2.0468814765887504e-05,-1.2116330380510218,0.12488482793337835,0.03037196914397142
2026-05-19 19:40:00,2.201292196835734,2.201508405481275,2.086234686193844e-05,-1.211114605631921,0.12503991793004943,0.03095589863940761
2026-05-19 19:41:00,2.2025638589099596,2.202771728899002,2.124098849995611e-05,-1.2105864892895497,0.12519790488989735,0.03151773342456874
2026-05-19 19:42:00,2.203857792768726,2.2040573241012695,2.1604739679944216e-05,-1.2100490625099423,0.12535867708389872,0.032057473499460316
2026-05-19 19:43:00,2.2051731049845507,2.205364297660595,2.195360040189535e-05,-1.2095026987791337,0.1255221227830301,0.03257511886407135
2026-05-19 19:44:00,2.2065089021299515,2.206691756149497,2.2287570665820617e-05,-1.208947771583159,0.12568813025826805,0.033070669518418305
2026-05-19 19:45:00,2.2078642907774464,2.2080388061404936,2.260665047170892e-05,-1.2083846544080523,0.12585658778058928,0.033544125462484725
2026-05-19 19:46:00,2.2092383774995534,2.209404554206102,2.291083981956025e-05,-1.2078137207398492,0.1260273836209702,0.033995486696270595
2026-05-19 19:47:00,2.2106302688687904,2.210788106918841,2.3200138709378315e-05,-1.207235344064584,0.12620040605038754,0.03442475321978141
2026-05-19 19:48:00,2.2120390714576756,2.2121885708512274,2.347454714116311e-05,-1.206649897868292,0.12637554333981768,0.03483192503301718
2026-05-19 19:49:00,2.2134638918387273,2.2136050525757804,2.3734065114922043e-05,-1.2060577556370076,0.1265526837602374,0.03521700213598888
2026-05-19 19:50:00,2.214903836584464,2.215036658665018,2.3978692630644004e-05,-1.2054592908567654,0.12673171558262325,0.035579984528680025
2026-05-19 19:51:00,2.216358012267402,2.2164824956914577,2.4208429688328998e-05,-1.2048548770136007,0.12691252707795173,0.03592087221109063
2026-05-19 19:52:00,2.2178255254600607,2.2179416702276176,2.4423276287977024e-05,-1.204244887593548,0.1270950065171995,0.0362396651832207
2026-05-19 19:53:00,2.219305482734957,2.219413288846015,2.4623232429602886e-05,-1.203629696082643,0.1272790421713429,0.03653636344509218
2026-05-19 19:54:00,2.22079699066461,2.22089645811917,2.480829811319548e-05,-1.2030096759669187,0.12746452231135896,0.036810966996688614
2026-05-19 19:55:00,2.222299155821537,2.2223902846195984,2.497847333874e-05,-1.2023852007324114,0.12765133520822391,0.03706347583798803
2026-05-19 19:56:00,2.2238110847782564,2.2238938749198187,2.5133758106266058e-05,-1.2017566438651557,0.12783936913291435,0.037293889969034356
2026-05-19 19:57:00,2.2253318841072867,2.2254063355923503,2.5274152415755146e-05,-1.2011243788511856,0.1280285123564071,0.03750220938980014
2026-05-19 19:58:00,2.2268606603811443,2.2269267732097093,2.5399656267203567e-05,-1.2004887791765368,0.12821865314967848,0.03768843410027989
2026-05-19 19:59:00,2.228396520172349,2.2284542943444148,2.551026966062612e-05,-1.199850218327244,0.12840967978370516,0.03785256410049556
2026-05-19 20:00:00,2.2299385700534162,2.2299880055689845,2.5605992596015407e-05,-1.1992090697893414,0.12860148052946377,0.03799459939043619
2026-05-19 20:01:00,2.231485916596867,2.2315270134559366,2.5686825073371425e-05,-1.1985657070488642,0.1287939436579309,0.03811453997010176
2026-05-19 20:02:00,2.2330376663752185,2.233070424577789,2.5752767092690475e-05,-1.1979205035918472,0.12898695744008307,0.03821238583948679
2026-05-19 20:03:00,2.234592925960988,2.2346173455070595,2.580381865397626e-05,-1.1972738329043255,0.1291804101468968,0.03828813699859677
2026-05-19 20:04:00,2.236150801926693,2.236166882816266,2.5839979757232475e-05,-1.1966260684723335,0.12937419004934875,0.03834179344743718
2026-05-19 20:05:00,2.2377104008448523,2.2377181430779274,2.5861250402455422e-05,-1.195977583781906,0.12956818541841558,0.03837335518600254
2026-05-19 20:06:00,2.239270829287985,2.239270232864561,2.5867630589645105e-05,-1.1953287523190779,0.1297622845250738,0.03838282221429285
2026-05-19 20:07:00,2.240831193828607,2.240822258748685,2.5859120318794117e-05,-1.1946799475698842,0.1299563756402999,0.038370194532297126
2026-05-19 20:08:00,2.242390601039238,2.242373327302816,2.583571958991356e-05,-1.1940315430203596,0.1301503470350705,0.038335472140031836
2026-05-19 20:09:00,2.2439481574923947,2.2439225450994744,2.579742840301084e-05,-1.1933839121565386,0.13034408698036234,0.03827865503750797
2026-05-19 20:10:00,2.245502969760596,2.2454690187111774,2.574424675806375e-05,-1.1927374284644563,0.13053748374715185,0.03819974322469258
2026-05-19 20:11:00,2.2470541444163596,2.247011854710442,2.567617465508339e-05,-1.1920924654301475,0.13073042560641565,0.03809873670160213
2026-05-19 20:12:00,2.248600788032203,2.2485501596697874,2.5593212094073465e-05,-1.1914493965396469,0.13092280082913033,0.03797563546824212
2026-05-19 20:13:00,2.250142007180645,2.250083040161731,2.549535907502657e-05,-1.1908085952789895,0.1311144976862724,0.037830439524601564
2026-05-19 20:14:00,2.2516769084342036,2.2516096027587906,2.5382615597946413e-05,-1.19017043513421,0.13130540444881852,0.03766314887068597
2026-05-19 20:15:00,2.253204598365396,2.2531289540334845,2.5254981662832984e-05,-1.1895352895913431,0.13149540938774523,0.03747376350649531
2026-05-19 20:16:00,2.2547241835467413,2.2546402005583306,2.5112457269693687e-05,-1.1889035321364239,0.13168440077402913,0.03726228343204058
2026-05-19 20:17:00,2.2562347705507566,2.2561424489058477,2.4955042418513727e-05,-1.1882755362554867,0.13187226687864687,0.03702870864729982
2026-05-19 20:18:00,2.2577354659499598,2.2576348056485522,2.4782737109300495e-05,-1.187651675434567,0.13205889597257484,0.036773039152284005
2026-05-19 20:19:00,2.2592253763168704,2.2591163773589638,2.4595541342061395e-05,-1.1870323231596989,0.1322441763267898,0.036495274947004115
2026-05-19 20:20:00,2.2607036082240044,2.2605862706095996,2.4393455116781628e-05,-1.1864178529169176,0.13242799621226828,0.03619541603143819
2026-05-19 20:21:00,2.2621692682438814,2.2620435919729776,2.4176478433468597e-05,-1.185808638192258,0.13261024389998685,0.035873462405597224
2026-05-19 20:22:00,2.2636214629490183,2.263487448021616,2.3944611292125995e-05,-1.1852050524717543,0.13279080766092213,0.03552941406948669
2026-05-19 20:23:00,2.2650592989119334,2.2649169453280327,2.3697853692750125e-05,-1.1846074692414421,0.13296957576605062,0.0351632710231011
2026-05-19 20:24:00,2.266481882705145,2.266331190464746,2.343620563533729e-05,-1.1840162619873558,0.13314643648634894,0.034775033266434975
2026-05-19 20:25:00,2.267888320901171,2.267729290004273,2.3159667119891186e-05,-1.1834318041955303,0.13332127809279368,0.03436470079949379
2026-05-19 20:26:00,2.2692777200725294,2.269110350519133,2.2868238146415513e-05,-1.1828544693520002,0.13349398885636146,0.03393227362228304
2026-05-19 20:27:00,2.270649186791738,2.270473478581843,2.2561918714902873e-05,-1.1822846309428006,0.1336644570480288,0.03347775173479175
2026-05-19 20:28:00,2.2720018276313154,2.271817780764921,2.2240708825356965e-05,-1.1817226624539663,0.13383257093877224,0.033001135137025406
2026-05-19 20:29:00,2.2733347491637788,2.273142363640886,2.1904608477785192e-05,-1.181168937371532,0.13399821879956844,0.032502423828995
2026-05-19 20:30:00,2.274647057961646,2.2744463337822554,2.155361767216905e-05,-1.1806238291815323,0.13416128890139398,0.03198161781067306
2026-05-19 20:31:00,2.2759378605974363,2.275728797761546,2.118773640852334e-05,-1.1800877113700026,0.13432166951522534,0.03143871708208156
2026-05-19 20:32:00,2.2772062636436674,2.276988862151278,2.0806964686851764e-05,-1.1795609574229768,0.1344792489120393,0.03087372164322599
2026-05-19 20:33:00,2.2784513736728558,2.2782256335239683,2.0411302507139518e-05,-1.1790439408264906,0.13463391536281227,0.030286631494084386
2026-05-19 20:34:00,2.279672297257521,2.279438218452135,2.0000749869394004e-05,-1.1785370350665783,0.1347855571385209,0.029677446634667724
2026-05-19 20:35:00,2.28086814097018,2.2806257235082956,1.9575306773618923e-05,-1.178040613629275,0.13493406251014167,0.029046167064981504
2026-05-19 20:36:00,2.282038011383352,2.281787255264969,1.9134973219810578e-05,-1.1775550500006151,0.1350793197486513,0.028392792785020233
2026-05-19 20:37:00,2.2831810150695553,2.282921920294673,1.867974920796526e-05,-1.1770807176666336,0.1352212171250264,0.027717323794778415
2026-05-19 20:38:00,2.284296258601305,2.284028825169925,1.8209634738086677e-05,-1.1766179901133655,0.13535964291024338,0.027019760094261547
2026-05-19 20:39:00,2.285382848551122,2.2851070764632433,1.7724629810174826e-05,-1.1761672408268455,0.13549448537527892,0.026300101683469624
2026-05-19 20:40:00,2.286439891491524,2.286155780747146,1.722473442423711e-05,-1.1757288432931086,0.13562563279110953,0.025558348562413635
2026-05-19 20:41:00,2.2874664939950278,2.2871740445941517,1.6709948580255023e-05,-1.175303170998189,0.13575297342871195,0.024794500731066118
2026-05-19 20:42:00,2.2884617626341517,2.2881609745767766,1.618027227824337e-05,-1.174890597428122,0.13587639555906258,0.024008558189449036
2026-05-19 20:43:00,2.2894248039814142,2.289115677267541,1.563570551820955e-05,-1.1744914960689423,0.13599578745313814,0.02320052093757338
2026-05-19 20:44:00,2.2903547246093336,2.2900372592389617,1.5076248300123959e-05,-1.1741062404066847,0.13611103738191516,0.02237038897539521
2026-05-19 20:45:00,2.291250631090427,2.290924827063556,1.4501900624016202e-05,-1.1737352039273843,0.1362220336163701,0.02151816230295846
2026-05-19 20:46:00,2.292111629997213,2.2917774873138437,1.3912662489875179e-05,-1.173378760117075,0.1363286644274798,0.02064384092024666
2026-05-19 20:47:00,2.292936827902209,2.292594346562341,1.3308533897693486e-05,-1.173037282461793,0.13643081808622054,0.019747424827248828
2026-05-19 20:48:00,2.2937253313779338,2.293374511381567,1.2689514847489628e-05,-1.172711144447572,0.1365283828635691,0.018828914023992414
2026-05-19 20:49:00,2.294476246996905,2.2941170883440396,1.2055605339248802e-05,-1.172400719560447,0.1366212470305021,0.017888308510455454
2026-05-19 20:50:00,2.295188681331641,2.2948211840222767,1.1406805372967307e-05,-1.1721063812864527,0.13670929885799604,0.016925608286632463
2026-05-19 20:51:00,2.2958617409546584,2.2954859049887957,1.0743114948659946e-05,-1.1718285031116247,0.1367924266170274,0.0159408133525454
2026-05-19 20:52:00,2.2964945324384765,2.296110357816116,1.0064534066315615e-05,-1.1715674585219968,0.13687051857857296,0.014933923708177794
2026-05-19 20:53:00,2.297086162355614,2.2966936490767536,9.37120420695751e-06,-1.1713236210036049,0.13694346301360905,0.013905149285434348
2026-05-19 20:54:00,2.297635737278587,2.297234902320951,8.663974256717388e-06,-1.171097356945161,0.13701115031628913,0.012855749675732322
2026-05-19 20:55:00,2.2981423637799145,2.2977333259875596,7.944400506813368e-06,-1.1708889972487704,0.13707348149664947,0.011788034129968572
2026-05-19 20:56:00,2.298605148432114,2.2981882303817684,7.214180729508968e-06,-1.1706988302326073,0.13713037030378625,0.01070452183097761
2026-05-19 20:57:00,2.299023197807706,2.2985990276751007,6.475012697030694e-06,-1.1705271016309156,0.13718174322585563,0.00960773196153903
2026-05-19 20:58:00,2.299395618479205,2.298965231905412,5.7285941816457665e-06,-1.1703740145940102,0.13722753949007307,0.008500183704492842
2026-05-19 20:59:00,2.29972151701913,2.299286458976898,4.976622955610299e-06,-1.1702397296882738,0.13726771106271463,0.007384396242662573
2026-05-19 21:00:00,2.3,2.2995624266600854,4.2207967911471e-06,-1.170124364896161,0.13730222264911537,0.006262888758822327
2026-05-19 21:01:00,2.3002304286601696,2.299792954591836,3.4628134605270885e-06,-1.170027995616195,0.13733105169367057,0.0051381804358176025
2026-05-19 21:02:00,2.3004131829013446,2.2999779642753486,2.704370735998977e-06,-1.1699506546629688,0.13735418837983537,0.004012790456460943
2026-05-19 21:03:00,2.3005488972910664,2.3001174790801557,1.9471663898003772e-06,-1.1698923322671455,0.13737163563012458,0.0028892380035484225
2026-05-19 21:04:00,2.3006382063968784,2.3002116242421247,1.1928981941948062e-06,-1.1698529760754584,0.13738340910611269,0.0017700422599145527
2026-05-19 21:05:00,2.3006817447863233,2.300260626863459,4.432639214235756e-07,-1.1698324911507094,0.13738953720843436,0.0006577224083608967
2026-05-19 21:06:00,2.3006801470269433,2.3002648159126955,-3.0003865627200216e-07,-1.1698307399717716,0.1373900610767837,-0.0004452023683109811
2026-05-19 21:07:00,2.30063404768628,2.3002246222247065,-1.0353117666210092e-06,-1.1698475424335872,0.13738503458991475,-0.0015362128872555868
2026-05-19 21:08:00,2.300544081331877,2.300140578500701,-1.760999118412728e-06,-1.1698826758471679,0.13737452436564151,-0.0026129998975870455
2026-05-19 21:09:00,2.300410882531277,2.300013302330497,-2.4762518255191007e-06,-1.169935882036918,0.13735860763766078,-0.0036743038078935917
2026-05-19 21:10:00,2.3002350858520217,2.2998434282816387,-3.1809284069132343e-06,-1.1700068957299183,0.1373373637628465,-0.00471991468626503
2026-05-19 21:11:00,2.300017325861654,2.2996315909216674,-3.87502886260623e-06,-1.1700954516532518,0.13731087209807213,-0.0057498325327178315
2026-05-19 21:12:00,2.299758237127716,2.299378424818126,-4.558553192579584e-06,-1.170201284534,0.13727921200021134,-0.006764057347224541
2026-05-19 21:13:00,2.2994584542177505,2.299084564538558,-5.2315013968481e-06,-1.1703241290992445,0.13724246282613792,-0.0077625891298071245
2026-05-19 21:14:00,2.299118611699301,2.298750644650504,-5.893873475411778e-06,-1.1704637200760675,0.1372007039327255,-0.00874542788046558
2026-05-19 21:15:00,2.2987393441399075,2.2983772997215084,-6.5456694282669165e-06,-1.1706197921915507,0.1371540146768477,-0.009712573599194418
2026-05-19 21:16:00,2.298321286107115,2.297965164319112,-7.186889255409815e-06,-1.1707920801727763,0.13710247441537815,-0.010664026285988146
2026-05-19 21:17:00,2.297865072168465,2.297514873010859,-7.817532956844176e-06,-1.1709803187468257,0.1370461625051906,-0.011599785940852259
2026-05-19 21:18:00,2.2973713368915,2.297027060364291,-8.437600532577397e-06,-1.1711842426407812,0.13698515830315872,-0.012519852563797732
2026-05-19 21:19:00,2.2968407148437624,2.29650236094695,-9.04709198259838e-06,-1.1714035865817247,0.13691954116615607,-0.0134242261548081
2026-05-19 21:20:00,2.2962738405927947,2.295941409326379,-9.646007306907123e-06,-1.171638085296738,0.13684939045105635,-0.014312906713883355
2026-05-19 21:21:00,2.2956713487061404,2.295344840070121,-1.0234346505511027e-05,-1.1718874735129028,0.13677478551473335,-0.015185894241034484
2026-05-19 21:22:00,2.2950338737513407,2.2947132877457177,-1.0812109578406393e-05,-1.1721514859573015,0.1366958057140605,-0.016043188736255997
2026-05-19 21:23:00,2.294362050295939,2.2940473869207123,-1.1379296525585818e-05,-1.172429857357015,0.13661253040591176,-0.016884790199536908
2026-05-19 21:24:00,2.293656512907476,2.2933477721626474,-1.1935907347067806e-05,-1.172722322439126,0.13652503894716062,-0.017710698630904673
2026-05-19 21:25:00,2.2929178961534964,2.292615078039064,-1.2481942042841254e-05,-1.1730286159307166,0.1364334106946807,-0.01852091403034282
2026-05-19 21:26:00,2.2921468346015423,2.2918499391175065,-1.3017400612898763e-05,-1.1733484725588683,0.1363377250053457,-0.01931543639784037
2026-05-19 21:27:00,2.2913439628191554,2.2910529899655163,-1.3542283057251432e-05,-1.1736816270506627,0.13623806123602938,-0.020094265733413788
2026-05-19 21:28:00,2.290509915373879,2.2902248651506363,-1.4056589375891863e-05,-1.1740278141331821,0.13613449874360534,-0.0208574020370521
2026-05-19 21:29:00,2.2896453268332544,2.2893661992404093,-1.4560319568831156e-05,-1.174386768533508,0.13602711688494729,-0.02160484530877178
2026-05-19 21:30:00,2.2887508317648253,2.2884776268023765,-1.505347363606191e-05,-1.1747582249787232,0.13591599501692872,-0.022336595548561836
2026-05-19 21:31:00,2.2878270647361347,2.287559782404082,-1.553605157757302e-05,-1.1751419181959086,0.1358012124964235,-0.023052652756405802
2026-05-19 21:32:00,2.286874660314723,2.286613300613068,-1.6008053393382997e-05,-1.1755375829121464,0.13568284868030525,-0.023753016932331134
2026-05-19 21:33:00,2.2858942530681343,2.285638815996876,-1.6469479083488132e-05,-1.1759449538545186,0.13556098292544758,-0.024437688076332335
2026-05-19 21:34:00,2.284886477563911,2.284636963123049,-1.6920328647884732e-05,-1.1763637657501071,0.13543569458872415,-0.025106666188403924
2026-05-19 21:35:00,2.283851968369595,2.2836083765591297,-1.7360602086569088e-05,-1.1767937533259938,0.13530706302700865,-0.025759951268540398
2026-05-19 21:36:00,2.28279136005273,2.282553690872661,-1.7790299399541205e-05,-1.1772346513092604,0.13517516759717477,-0.026397543316741764
2026-05-19 21:37:00,2.2817052871808565,2.281473540631185,-1.8209420586808485e-05,-1.177686194426989,0.13504008765609618,-0.027019442333019002
2026-05-19 21:38:00,2.280594384321519,2.280368560402244,-1.8617965648370925e-05,-1.1781481174062611,0.13490190256064655,-0.027625648317372114
2026-05-19 21:39:00,2.2794592860422584,2.2792393847533803,-1.901593458422483e-05,-1.1786201549741593,0.13476069166769944,-0.028216161269795613
2026-05-19 21:40:00,2.2783006269106187,2.278086648252137,-1.940332739436279e-05,-1.1791020418577651,0.13461653433412854,-0.028790981190278505
2026-05-19 21:41:00,2.277119041494142,2.2769109854660567,-1.9780144078795915e-05,-1.17959351278416,0.13446950991680773,-0.029350108078837277
2026-05-19 21:42:00,2.2759151643603692,2.2757130309626814,-2.01463846375279e-05,-1.1800943024804265,0.1343196977726104,-0.029893541935477407
2026-05-19 21:43:00,2.274689630076845,2.2744934193095534,-2.0502049070547645e-05,-1.1806041456736465,0.1341671772584103,-0.03042128276018243
2026-05-19 21:44:00,2.273443073211111,2.2732527850742157,-2.084713737784775e-05,-1.1811227770909014,0.13401202773108115,-0.03093333055294136
2026-05-19 21:45:00,2.2721761283307096,2.2719917628242117,-2.118164955945042e-05,-1.181649931459273,0.13385432854749668,-0.03142968531378715
2026-05-19 21:46:00,2.2708894300031828,2.2707109871270816,-2.150558561534825e-05,-1.182185343505844,0.13369415906453033,-0.03191034704270881
2026-05-19 21:47:00,2.2695836127960742,2.26941109255037,-2.1818945545530135e-05,-1.1827287479576958,0.13353159863905595,-0.03237531573968986
2026-05-19 21:48:00,2.268259311276926,2.268092713661618,-2.2121729350007188e-05,-1.1832798795419102,0.13336672662794716,-0.0328245914047468
2026-05-19 21:49:00,2.266917160013281,2.266756485028369,-2.24139370287683e-05,-1.1838384729855693,0.13319962238807756,-0.03325817403786313
2026-05-19 21:50:00,2.26555779357268,2.265403041218166,-2.269556858182457e-05,-1.1844042630157547,0.13303036527632095,-0.033676063639055336
2026-05-19 21:51:00,2.2641818465226677,2.26403301679855,-2.2966624009179703e-05,-1.1849769843595486,0.1328590346495509,-0.0340782602083289
2026-05-19 21:52:00,2.262789953430785,2.2626470463370643,-2.3227103310822597e-05,-1.1855563717440327,0.13268570986464107,-0.03446476374566736
2026-05-19 21:53:00,2.2613827488645755,2.2612457644012514,-2.3477006486756955e-05,-1.1861421598962891,0.13251047027846513,-0.0348355742510762
2026-05-19 21:54:00,2.259960867391581,2.2598298055586534,-2.371633353697907e-05,-1.1867340835433997,0.13233339524789675,-0.03519069172454994
2026-05-19 21:55:00,2.258524943579344,2.258399804376814,-2.3945084461492645e-05,-1.187331877412446,0.13215456412980967,-0.03553011616609405
2026-05-19 21:56:00,2.257075611995408,2.2569563954232743,-2.4163259260301384e-05,-1.1879352762305102,0.13197405628107745,-0.03585384757571404
2026-05-19 21:57:00,2.255613507207315,2.2555002132655777,-2.4370857933401583e-05,-1.1885440147246742,0.13179195105857378,-0.03616188595340441
2026-05-19 21:58:00,2.254139263782607,2.254031892471266,-2.4567880480796946e-05,-1.1891578276220196,0.13160832781917242,-0.03645423129917065
2026-05-19 21:59:00,2.2526535162888255,2.252552067607882,-2.4754326902476365e-05,-1.189776449649629,0.1314232659197468,-0.03673088361299629
2026-05-19 22:00:00,2.251156899293516,2.251061373242969,-2.4930197198450945e-05,-1.1903996155345833,0.1312368447171709,-0.036991842894897806
2026-05-19 22:01:00,2.249650047364219,2.249560443944068,-2.509549136871699e-05,-1.1910270600039654,0.13104914356831807,-0.0372371091448697
2026-05-19 22:02:00,2.2481335950684764,2.248049914278723,-2.5250209413274492e-05,-1.1916585177848562,0.13086024183006228,-0.03746668236291198
2026-05-19 22:03:00,2.2466081769738326,2.246530418814475,-2.539435133212716e-05,-1.1922937236043385,0.13067021885927693,-0.037680562549030135
2026-05-19 22:04:00,2.245074427647828,2.2450025921188677,-2.5527917125263884e-05,-1.1929324121894935,0.13047915401283589,-0.03787874970320768
2026-05-19 22:05:00,2.243532981658007,2.2434670687594434,-2.5650906792695772e-05,-1.1935743182674035,0.1302871266476127,-0.03806124382546111
2026-05-19 22:06:00,2.241984473571911,2.241924483303744,-2.5763320334415417e-05,-1.1942191765651502,0.13009421612048105,-0.03822804491577942
2026-05-19 22:07:00,2.2404295379570836,2.2403754703193135,-2.586515775043393e-05,-1.1948667218098155,0.12990050178831464,-0.038379152974179105
2026-05-19 22:08:00,2.238868809381066,2.238820664373692,-2.5956419040743897e-05,-1.1955166887284814,0.1297060630079871,-0.03851456800064916
2026-05-19 22:09:00,2.237302922411401,2.2372607000344242,-2.6037104205337926e-05,-1.1961688120482297,0.1295109791363721,-0.03863428999517862
2026-05-19 22:10:00,2.2357325116156317,2.2356962118690515,-2.610721324422712e-05,-1.1968228264961422,0.12931532953034336,-0.03873831895778396
2026-05-19 22:11:00,2.2341582115612995,2.234127834445117,-2.6166746157407772e-05,-1.197478466799301,0.12911919354677445,-0.038826654888459676
2026-05-19 22:12:00,2.2325806568159487,2.2325562023301626,-2.6215702944887288e-05,-1.198135467684788,0.1289226505425391,-0.038899297787216756
2026-05-19 22:13:00,2.2310004819471203,2.2309819500917305,-2.6254083606650862e-05,-1.1987935638796852,0.12872577987451087,-0.03895624765403324
2026-05-19 22:14:00,2.2294183215223575,2.2294057122973645,-2.6281888142705896e-05,-1.199452490111074,0.1285286608995636,-0.038997504488920094
2026-05-19 22:15:00,2.2278348101092025,2.227828123514606,-2.6299116553056093e-05,-1.2001119811060368,0.12833137297457078,-0.03902306829188283
2026-05-19 22:16:00,2.226250582275198,2.2262498183109978,-2.630576883769405e-05,-1.200771771591655,0.12813399545640622,-0.03903293906291046
2026-05-19 22:17:00,2.224666272587886,2.2246714312540825,-2.630184499661977e-05,-1.2014315962950108,0.12793660770194357,-0.03902711680200297
2026-05-19 22:18:00,2.2230825156148093,2.2230935969114034,-2.6287345029840647e-05,-1.202091189943186,0.1277392890680564,-0.03900560150917136
2026-05-19 22:19:00,2.2214999459235103,2.2215169498505016,-2.626226893736039e-05,-1.2027502872632627,0.12754211891161846,-0.038968393184421114
2026-05-19 22:20:00,2.219919198081533,2.21994212463892,-2.622661671916789e-05,-1.2034086229823227,0.12734517658950334,-0.03891549182773576
2026-05-19 22:21:00,2.2183409066564175,2.2183697558442015,-2.6180388375263153e-05,-1.2040659318274476,0.12714854145858479,-0.03884689743911529
2026-05-19 22:22:00,2.216765706215708,2.2168004780338886,-2.6123583905649875e-05,-1.2047219485257197,0.12695229287573637,-0.03876261001856521
2026-05-19 22:23:00,2.215194231326946,2.2152349257755235,-2.605620331033546e-05,-1.2053764078042206,0.12675651019783185,-0.03866262956609649
2026-05-19 22:24:00,2.213627116557674,2.2136737336366483,-2.5978246589308808e-05,-1.2060290443900323,0.12656127278174484,-0.03854695608169267
2026-05-19 22:25:00,2.2120649964754366,2.2121175361848064,-2.588971374256621e-05,-1.206679593010237,0.12636665998434896,-0.038415589565348233
2026-05-19 22:26:00,2.2105085056477733,2.2105669679875404,-2.579060477011878e-05,-1.2073277883919158,0.12617275116251803,-0.03826853001707968
2026-05-19 22:27:00,2.208958278642228,2.209022663612392,-2.5680919671966506e-05,-1.2079733652621512,0.1259796256731256,-0.03810577743688699
2026-05-19 22:28:00,2.2074149500263425,2.2074852576269044,-2.5560658448109397e-05,-1.208616058348025,0.12578736287304534,-0.037927331824770184
2026-05-19 22:29:00,2.2058791543676612,2.205955384598619,-2.5429821098540048e-05,-1.2092556023766192,0.12559604211915087,-0.03773319318071827
2026-05-19 22:30:00,2.204351526233725,2.2044336790950796,-2.5288407623258456e-05,-1.2098917320750155,0.12540574276831593,-0.03752336150473124
2026-05-19 22:31:00,2.202832700192077,2.202920775683828,-2.513641802227203e-05,-1.2105241821702957,0.1252165441774142,-0.03729783679682009
2026-05-19 22:32:00,2.201323310810259,2.201417308932407,-2.4973852295580763e-05,-1.211152687389542,0.1250285257033193,-0.037056619056984805
2026-05-19 22:33:00,2.1998239926558143,2.1999239134083584,-2.4800710443173556e-05,-1.2117769824598361,0.12484176670290485,-0.03679970828520892
2026-05-19 22:34:00,2.198335380296285,2.198441223679226,-2.4616992465057812e-05,-1.2123968021082598,0.12465634653304464,-0.03652710448150342
2026-05-19 22:35:00,2.196858108299214,2.1969698743125514,-2.4422698361240928e-05,-1.213011881061895,0.12447234455061228,-0.036238807645879285
2026-05-19 22:36:00,2.1953928112321424,2.195510499875877,-2.4217828131711804e-05,-1.2136219540478241,0.12428984011248131,-0.03593481777832004
2026-05-19 22:37:00,2.193940123662615,2.194063734936746,-2.400238177647044e-05,-1.2142267557931283,0.1241089125755256,-0.035615134878825686
2026-05-19 22:38:00,2.1925006801581723,2.1926302140627008,-2.377635929552794e-05,-1.2148260210248896,0.12392964129661879,-0.03527975894741269
2026-05-19 22:39:00,2.191075115286358,2.1912105718212826,-2.3539760688876902e-05,-1.2154194844701904,0.12375210563263433,-0.03492868998407009
2026-05-19 22:40:00,2.1896640636147144,2.1898054427800355,-2.329258595650622e-05,-1.2160068808561122,0.12357638494044608,-0.03456192798878138
2026-05-19 22:41:00,2.188268159710783,2.188415461506502,-2.3034835098438104e-05,-1.2165879449097368,0.1234025585769277,-0.03417947296157954
2026-05-19 22:42:00,2.186888038142108,2.187041262568223,-2.2766508114657746e-05,-1.2171624113581465,0.12323070589895271,-0.03378132490244259
2026-05-19 22:43:00,2.1855243334762307,2.185683480532743,-2.248760500516885e-05,-1.2177300149284225,0.12306090626339503,-0.03336748381137602
2026-05-19 22:44:00,2.1841776802806945,2.1843427499676027,-2.2198125769975116e-05,-1.2182904903476475,0.12289323902712805,-0.032937949688385315
2026-05-19 22:45:00,2.182848713123041,2.183019705440346,-2.189807040906544e-05,-1.2188435723429027,0.12272778354702563,-0.03249272253345401
2026-05-19 22:46:00,2.1815380665708126,2.181714981518515,-2.1587438922454628e-05,-1.2193889956412705,0.12256461917996134,-0.032031802346604084
2026-05-19 22:47:00,2.1802463751915524,2.1804292127696514,-2.1266231310135274e-05,-1.2199264949698327,0.1224038252828088,-0.031555189127824526
2026-05-19 22:48:00,2.1789742735528033,2.1791630337612986,-2.0934447572103684e-05,-1.2204558050556709,0.12224548121244183,-0.031062882877109864
2026-05-19 22:49:00,2.1777223962221064,2.177917079060999,-2.0592087708363554e-05,-1.2209766606258672,0.12208966632573398,-0.030554883594465586
2026-05-19 22:50:00,2.176491377767006,2.176691983236295,-2.0239151718914884e-05,-1.2214887964075036,0.12193645997955889,-0.03003119127989169
2026-05-19 22:51:00,2.1752818527550435,2.175488380854729,-1.9875639603765075e-05,-1.2219919471276617,0.12178594153079035,-0.02949180593339915
2026-05-19 22:52:00,2.174094455753761,2.174306906483843,-1.950155136290303e-05,-1.222485847513424,0.12163819033630181,-0.02893672755497151
2026-05-19 22:53:00,2.1729298213307024,2.173148194691181,-1.911688699632134e-05,-1.2229702322918714,0.12149328575296722,-0.028365956144597772
2026-05-19 22:54:00,2.1717885840534086,2.1720128800442846,-1.8721646504038515e-05,-1.2234448361900863,0.12135130713766014,-0.027779491702305405
2026-05-19 22:55:00,2.1706713784894234,2.170901597110696,-1.831582988605455e-05,-1.2239093939351509,0.1212123338472541,-0.027177334228094395
2026-05-19 22:56:00,2.1695788392062885,2.169814980457958,-1.7899437142358345e-05,-1.2243636402541467,0.12107644523862289,-0.026559483721948277
2026-05-19 22:57:00,2.1685116007715473,2.168753664653613,-1.7472468272949904e-05,-1.2248073098741559,0.12094372066864009,-0.025925940183867055
2026-05-19 22:58:00,2.1674702977527414,2.167718284265204,-1.7034923277836624e-05,-1.22524013752226,0.1208142394941795,-0.025276703613861702
2026-05-19 22:59:00,2.1664555647174137,2.166709473860273,-1.6586802157014803e-05,-1.2256618579255412,0.12068808107211465,-0.024611774011926733
2026-05-19 23:00:00,2.165468036233106,2.1657278680063623,-1.6128104910484443e-05,-1.2260722058110811,0.12056532475931932,-0.023931151378062142
2026-05-19 23:01:00,2.164508346867362,2.1647741012710147,-1.5658831538245543e-05,-1.2264709159059621,0.12044604991266701,-0.023234835712267934
2026-05-19 23:02:00,2.163577131187724,2.163848808221773,-1.5178982040294405e-05,-1.2268577229372655,0.12033033588903161,-0.02252282701453862
2026-05-19 23:03:00,2.1626750237617336,2.1629526234261793,-1.4688556416634727e-05,-1.2272323616320735,0.12021826204528661,-0.021795125284879684
2026-05-19 23:04:00,2.161802659156934,2.1620861814517767,-1.4187554667270211e-05,-1.227594566717468,0.12010990773830577,-0.021051730523296622
2026-05-19 23:05:00,2.160960671940867,2.161250116866107,-1.3675976792197158e-05,-1.2279440729205306,0.1200053523249627,-0.020292642729783945
2026-05-19 23:06:00,2.1601496966810765,2.160445064236713,-1.3153822791415562e-05,-1.2282806149683436,0.11990467516213109,-0.019517861904341648
2026-05-19 23:07:00,2.1593703679451037,2.159671658131137,-1.262109266492543e-05,-1.228603927587989,0.11980795560668452,-0.018727388046969735
2026-05-19 23:08:00,2.158623320300492,2.158930533116922,-1.2077786412723058e-05,-1.228913745506548,0.11971527301549682,-0.01792122115766271
2026-05-19 23:09:00,2.1579091883147834,2.1582223237616103,-1.1523904034819547e-05,-1.229209803451103,0.11962670674544156,-0.017099361236437047
2026-05-19 23:10:00,2.15722860655552,2.1575476646327436,-1.0959445531207497e-05,-1.229491836148736,0.11954233615339235,-0.01626180828328177
2026-05-19 23:11:00,2.156582209590246,2.1569071902978654,-1.0384410901883209e-05,-1.2297595783265285,0.11946224059622296,-0.015408562298191382
2026-05-19 23:12:00,2.1559706319865013,2.1563015353245176,-9.79880014685038e-06,-1.2300127647115628,0.11938649943080692,-0.014539623281171376
2026-05-19 23:13:00,2.15539450831183,2.1557313342802433,-9.202613266105312e-06,-1.2302511300309205,0.11931519201401806,-0.01365499123221626
2026-05-19 23:14:00,2.154854473133775,2.155197221732585,-8.595850259651706e-06,-1.2304744090116833,0.11924839770273003,-0.012754666151331528
2026-05-19 23:15:00,2.154351161019878,2.154699832249085,-7.978511127496961e-06,-1.2306823363809332,0.11918619585381647,-0.01183864803852816
2026-05-19 23:16:00,2.153885206537682,2.1542398003972854,-7.350595869633677e-06,-1.2308746468657525,0.11912866582415092,-0.010906936893795172
2026-05-19 23:17:00,2.153457244254729,2.153817760744729,-6.712104486054452e-06,-1.2310510751932229,0.11907588697060716,-0.009959532717121584
2026-05-19 23:18:00,2.153067908738561,2.153434347858959,-6.06303697677409e-06,-1.231211356090426,0.11902793865005883,-0.008996435508529362
2026-05-19 23:19:00,2.152717834556723,2.153090196307516,-5.4033933417851895e-06,-1.2313552242844443,0.11898490021937955,-0.00801764526800752
2026-05-19 23:20:00,2.152407656276754,2.1527859406579446,-4.733173581084049e-06,-1.231482414502359,0.11894685103544307,-0.00702316199555057
2026-05-19 23:21:00,2.152138008466199,2.152522215477786,-4.05237769467807e-06,-1.2315926614712527,0.11891387045512296,-0.006012985691169493
2026-05-19 23:22:00,2.1519095256926,2.1522996553345832,-3.3610056825598517e-06,-1.2316856999182066,0.11888603783529296,-0.004987116354853306
2026-05-19 23:23:00,2.151722842523499,2.152118894795879,-2.659057544729393e-06,-1.2317612645703029,0.11886343253282676,-0.00394555398660201
2026-05-19 23:24:00,2.1515785935264384,2.1519805684292157,-1.946533281194096e-06,-1.2318190901546233,0.118846133904598,-0.0028882985864265875
2026-05-19 23:25:00,2.1514774132689616,2.1518853108021356,-1.2234328919576616e-06,-1.2318589113982499,0.11883422130748034,-0.0018153501543325286
2026-05-19 23:26:00,2.15141993631861,2.151833756482181,-4.897563770089874e-07,-1.2318804630282647,0.11882777409834737,-0.0007267086903033609
2026-05-19 23:27:00,2.1514067972429274,2.1518265400368946,2.5449626365562733e-07,-1.2318834797717495,0.11882687163407281,0.0003776258056664076
2026-05-19 23:28:00,2.151438630609455,2.1518642960338195,1.0093250300213797e-06,-1.2318676963557857,0.11883159327153044,0.0014976533335548116
2026-05-19 23:29:00,2.1515160709857364,2.151947659040497,1.774729922095671e-06,-1.231832847507456,0.11884201836759373,0.0026333738933728337
2026-05-19 23:30:00,2.151639752939313,2.152077263624471,2.5507109398785015e-06,-1.2317786679538418,0.11885822627913645,0.003784787485120474
2026-05-19 23:31:00,2.1518103110377282,2.1522537443532825,3.3372680833735718e-06,-1.2317048924220255,0.11888029636303214,0.0049518941088032235
2026-05-19 23:32:00,2.1520283798485247,2.1524777357944758,4.1344013525771805e-06,-1.2316112556390881,0.11890830797615472,0.006134693764415591
2026-05-19 23:33:00,2.152294593939244,2.152749872515592,4.942110747481928e-06,-1.2314974923321123,0.11894234047537763,0.007333186451946594
2026-05-19 23:34:00,2.152609587877429,2.1530707890841736,5.760396268098914e-06,-1.2313633372281794,0.11898247321757467,0.008547372171412708
2026-05-19 23:35:00,2.1529739962306227,2.1534411200677637,6.589257914428141e-06,-1.2312085250543718,0.11902878555961936,0.009777250922813929
2026-05-19 23:36:00,2.153388453566367,2.153861500033905,7.428695686465907e-06,-1.2310327905377711,0.1190813568583855,0.01102282270614477
2026-05-19 23:37:00,2.1538535944522055,2.1543325635501396,8.27870958420851e-06,-1.2308358684054592,0.11914026647074673,0.012284087521399737
2026-05-19 23:38:00,2.1543700534556782,2.15485494518401,9.139299607659652e-06,-1.230617493384518,0.11920559375357671,0.01356104536858432
2026-05-19 23:39:00,2.1549384651443306,2.1554292795030587,1.0010465756815633e-05,-1.2303774002020293,0.11927741806374909,0.014853696247693032
2026-05-19 23:40:00,2.1555594640857034,2.156056201074828,1.0892208031687556e-05,-1.2301153235850757,0.1193558187581374,0.016162040158742345
2026-05-19 23:41:00,2.1562336848473396,2.1567363444668612,1.1784526432264316e-05,-1.2298309982607378,0.11944087519361563,0.017486077101715784
2026-05-19 23:42:00,2.1569617619967816,2.1574703442466996,1.2687420958549615e-05,-1.2295241589560988,0.11953266672705709,0.018825807076618843
2026-05-19 23:43:00,2.157744330101572,2.158258834981887,1.3600891610547153e-05,-1.2291945403982396,0.11963127271533572,0.020181230083457007
2026-05-19 23:44:00,2.1585820237292532,2.1591024512399652,1.452493838824213e-05,-1.2288418773142427,0.11973677251532502,0.02155234612220832
2026-05-19 23:45:00,2.159475477447368,2.1600018275884763,1.5459561291653044e-05,-1.2284659044311899,0.11984924548389866,0.02293915519290023
2026-05-19 23:46:00,2.160425325823459,2.1609575985949636,1.64047603207762e-05,-1.228066356476163,0.11996877097793036,0.024341657295527255
2026-05-19 23:47:00,2.1614322034250675,2.1619703988269694,1.7360535475604195e-05,-1.2276429681762435,0.12009542835429385,0.0257598524300784
2026-05-19 23:48:00,2.1624967448197374,2.163040862852036,1.832688675614073e-05,-1.2271954742585138,0.1202292969698627,0.027193740596559168
2026-05-19 23:49:00,2.1636195845750112,2.1641696252377063,1.9303814162385802e-05,-1.2267236094500558,0.12037045618151057,0.02864332179496955
2026-05-19 23:50:00,2.1648013572584306,2.1653573205515224,2.0291317694339412e-05,-1.226227108477951,0.12051898534611119,0.03010859602530955
2026-05-19 23:51:00,2.1660426974375384,2.166604583361027,2.1289397351994162e-05,-1.2257057060692815,0.12067496382053822,0.03158956328756819
2026-05-19 23:52:00,2.1673442396798763,2.1679120482337617,2.229805313536485e-05,-1.2251591369511297,0.12083847096166517,0.03308622358176743
2026-05-19 23:53:00,2.168706618552989,2.169280349737271,2.3317198778372018e-05,-1.2245871358505767,0.12100958612636589,0.03459844890485806
2026-05-19 23:54:00,2.170130468624417,2.1707101120871664,2.4346316684564772e-05,-1.2239894418221973,0.12118838737693674,0.036125471238583284
2026-05-19 23:55:00,2.1716164244617033,2.1722019077394186,2.5384457927120813e-05,-1.2233658155580296,0.12137494630278772,0.0376658825494787
2026-05-19 23:56:00,2.1731651206323903,2.173756247038421,2.6430587313145775e-05,-1.222716043715068,0.1215693267258652,0.039218146801041694
2026-05-19 23:57:00,2.1747771917040217,2.175373578216996,2.7483669649756386e-05,-1.222039938915262,0.12177158470065211,0.040780727956786104
2026-05-19 23:58:00,2.1764532722441388,2.1770542873963916,2.8542669744047177e-05,-1.2213373397455187,0.12198176851416749,0.042352089980192846
2026-05-19 23:59:00,2.1781939968202835,2.1787986985862817,2.9606552403123784e-05,-1.2206081107577003,0.12219991868596693,0.043930696834759295
2026-05-20 00:00:00,2.18,2.1806070736847665,3.067428243409553e-05,-1.2198521424686257,0.12242606796814218,0.045515012483988315
2026-05-20 00:01:00,2.1818717610718954,2.182479612478373,3.1744824644071765e-05,-1.219069351360069,0.12266024134532179,0.04710350089138279
2026-05-20 00:02:00,2.1838091382088423,2.184416452642055,3.28171438401544e-05,-1.2182596798787615,0.12290245603467023,0.04869462602043458
2026-05-20 00:03:00,2.1858118343047774,2.1864176697391917,3.389020482944168e-05,-1.21742309643639,0.12315272148588861,0.05028685183463011
2026-05-20 00:04:00,2.1878795522536376,2.188483277221588,3.496297241904663e-05,-1.2165595954095976,0.12341103938121428,0.051878642297477726
2026-05-20 00:05:00,2.1900119949493626,2.1906132264294773,3.603441141607859e-05,-1.2156691971399836,0.12367740363542104,0.0534684613724803
2026-05-20 00:06:00,2.192208865285888,2.1928074065915175,3.710348662763208e-05,-1.214751947934103,0.12395180039581911,0.05505477302311873
2026-05-20 00:07:00,2.1944698661571516,2.195065644824793,3.816916286082383e-05,-1.2138079200634675,0.1242342080422549,0.05663604121290687
2026-05-20 00:08:00,2.1967947004570907,2.1973877061348164,3.9230491188824154e-05,-1.2128372117645445,0.12452459718711141,0.05821085790836935
2026-05-20 00:09:00,2.1991830710796445,2.199773303767452,4.028695401519326e-05,-1.2118399429112654,0.12482293196988505,0.05977845509126584
2026-05-20 00:10:00,2.201634680918748,2.2022221406166396,4.133846507385537e-05,-1.2108162377050533,0.12512917523549524,0.061338704758552604
2026-05-20 00:11:00,2.2041492328683403,2.2047339195763147,4.2385024364806805e-05,-1.209766220347332,0.12544328982886122,0.06289160691022418
2026-05-20 00:12:00,2.2067264298223583,2.2073083435404164,4.3426631888051256e-05,-1.2086900150395254,0.12576523859490218,0.06443716154628604
2026-05-20 00:13:00,2.20936597467474,2.209945115402881,4.4463287643581315e-05,-1.207587745983057,0.12609498437853747,0.0659753686667272
2026-05-20 00:14:00,2.212067570319422,2.212643938057646,4.54949916314118e-05,-1.2064595373793505,0.12643249002468637,0.06750622827156964
2026-05-20 00:15:00,2.214830919650342,2.2154045143986503,4.652174385153159e-05,-1.2053055134298294,0.12677771837826818,0.06902974036079687
2026-05-20 00:16:00,2.217655725561439,2.21822654731983,4.7543544303937e-05,-1.2041257983359175,0.1271306322842021,0.07054590493440342
2026-05-20 00:17:00,2.220541690946649,2.2211097397151227,4.8560392988635424e-05,-1.2029205162990386,0.1274911945874074,0.07205472199240025
2026-05-20 00:18:00,2.2234885186999094,2.224053794478466,4.957228990563426e-05,-1.2016897915206162,0.1278593681328034,0.07355619153479834
2026-05-20 00:19:00,2.226495911715158,2.227058414503799,5.057923505491872e-05,-1.2004337482020737,0.12823511576530947,0.07505031356157575
2026-05-20 00:20:00,2.229563572886333,2.2301233026850564,5.1581228436488787e-05,-1.1991525105448355,0.12861840032984462,0.07653708807273246
2026-05-20 00:21:00,2.23269120510737,2.2332481619161775,5.2578270050355576e-05,-1.1978462027503245,0.12900918467132838,0.07801651506828497
2026-05-20 00:22:00,2.235878511272209,2.236432695091099,5.357035989651537e-05,-1.196514949019965,0.12940743163467985,0.07948859454822774
2026-05-20 00:23:00,2.239125194274786,2.2396766051037593,5.455749797496449e-05,-1.1951588735551801,0.1298131040648184,0.08095332651255534
2026-05-20 00:24:00,2.242430957009038,2.242979594848095,5.553968428570292e-05,-1.1937781005573938,0.13022616480666332,0.0824107109612677
2026-05-20 00:25:00,2.2457955023689036,2.2463413672180437,5.651691882873807e-05,-1.1923727542280298,0.13064657670513377,0.08386074789437586
2026-05-20 00:26:00,2.24921853324832,2.2497616251075434,5.748920160405883e-05,-1.1909429587685114,0.13107430260514918,0.08530343731186332
2026-05-20 00:27:00,2.2526997525412247,2.2532400714105307,5.8456532611672604e-05,-1.1894888383802629,0.13150930535162864,0.08673877921374108
2026-05-20 00:28:00,2.2562388631415553,2.256776409020944,5.9418911851586804e-05,-1.1880105172647073,0.13195154778949159,0.0881667736000201
2026-05-20 00:29:00,2.2598355679432482,2.260370340832721,6.037633932378291e-05,-1.1865081196232683,0.13240099276365733,0.08958742047067295
2026-05-20 00:30:00,2.263489569840242,2.264021569739798,6.132881502826834e-05,-1.1849817696573703,0.13285760311904488,0.09100071982571059
2026-05-20 00:31:00,2.2672005717264745,2.2677297986361133,6.227633896505417e-05,-1.1834315915684364,0.13332134170057375,0.0924066716651495
2026-05-20 00:32:00,2.270968276495882,2.2714947304156046,6.321891113412563e-05,-1.18185770955789,0.1337921713531632,0.09380527598896772
2026-05-20 00:33:00,2.274792387042403,2.2753160679722084,6.415653153548639e-05,-1.1802602478271553,0.13427005492173236,0.09519653279717072
2026-05-20 00:34:00,2.2786726062599745,2.279193514199863,6.508920016914757e-05,-1.178639330577656,0.1347549552512006,0.09658044208977501
2026-05-20 00:35:00,2.282608637042534,2.283126771992506,6.601691703509439e-05,-1.1769950820108148,0.13524683518648734,0.09795700386675861
2026-05-20 00:36:00,2.2866001822840194,2.2871155442440743,6.69396821333305e-05,-1.1753276263280568,0.1357456575725115,0.099326218128127
2026-05-20 00:37:00,2.2906469448783677,2.291159533848506,6.785749546386332e-05,-1.1736370877308047,0.13625138525419264,0.10068808487389115
2026-05-20 00:38:00,2.294748627719516,2.295258443699738,6.877035702668547e-05,-1.1719235904204823,0.13676398107644996,0.10204260410404013
2026-05-20 00:39:00,2.2989049337014027,2.299411976691708,6.967826682179694e-05,-1.1701872585985134,0.13728340788420276,0.10338977581857389
2026-05-20 00:40:00,2.3031155657179654,2.3036198357183535,7.058122484920141e-05,-1.1684282164663218,0.1378096285223702,0.10472960001749795
2026-05-20 00:41:00,2.307380226663141,2.307881723673612,7.14792311088989e-05,-1.1666465882253307,0.1383426058358717,0.10606207670081229
2026-05-20 00:42:00,2.311698619430866,2.3121973434514214,7.23722856008857e-05,-1.1648424980769645,0.13888230266962637,0.10738720586851143
2026-05-20 00:43:00,2.3160704469150803,2.3165663979457185,7.326038832516183e-05,-1.1630160702226462,0.13942868186855364,0.10870498752059538
2026-05-20 00:44:00,2.32049541200972,2.320988590050441,7.414353928173098e-05,-1.1611674288637999,0.1399817062775727,0.11001542165706961
2026-05-20 00:45:00,2.324973217608722,2.325463622659526,7.502173847059312e-05,-1.1592966982018489,0.14054133874160285,0.1113185082779341
2026-05-20 00:46:00,2.3295035666060246,2.329991198666912,7.589498589174829e-05,-1.157404002438217,0.14110754210556337,0.11261424738318891
2026-05-20 00:47:00,2.3340861618955655,2.334571020966536,7.676328154519278e-05,-1.155489465774328,0.14168027921437354,0.11390263897282853
2026-05-20 00:48:00,2.338720706371282,2.339202792452335,7.762662543093398e-05,-1.1535532124116055,0.14225951291295258,0.1151836830468639
2026-05-20 00:49:00,2.343406902927111,2.343886216018248,7.84850175489608e-05,-1.1515953665514727,0.14284520604621992,0.1164573796052786
2026-05-20 00:50:00,2.34814445445699,2.3486209945582104,7.933845789927322e-05,-1.1496160523953542,0.14343732145909455,0.11772372864807258
2026-05-20 00:51:00,2.352933063854857,2.353406830966161,8.018694648188607e-05,-1.147615394144673,0.144035821996496,0.11898273017526785
2026-05-20 00:52:00,2.3577724340146498,2.3582434281360367,8.103048329678823e-05,-1.145593516000853,0.1446406705033434,0.12023438418684791
2026-05-20 00:53:00,2.3626622678303053,2.3631304889617755,8.186906834398341e-05,-1.1435505421653176,0.14525182982455614,0.12147869068281829
2026-05-20 00:54:00,2.367602268195762,2.3680677163373147,8.27027016234716e-05,-1.1414865968394907,0.1458692628050534,0.12271564966317892
2026-05-20 00:55:00,2.372592138004955,2.373054813156592,8.353138313524911e-05,-1.1394018042247958,0.14649293228975455,0.12394526112792437
2026-05-20 00:56:00,2.377631580151825,2.3780914823135446,8.435511287931592e-05,-1.1372962885226567,0.14712280112357876,0.1251675250770546
2026-05-20 00:57:00,2.382720297530307,2.38317742670211,8.517389085567576e-05,-1.1351701739344973,0.1477588321514453,0.12638244151057512
2026-05-20 00:58:00,2.3878579930343395,2.3883123492162257,8.598771706432491e-05,-1.1330235846617407,0.14840098821827358,0.12759001042848045
2026-05-20 00:59:00,2.3930443695578587,2.393495952749829,8.679659150526709e-05,-1.1308566449058108,0.14904923216898278,0.12879023183077606
2026-05-20 01:00:00,2.3982791299948047,2.3987279401968578,8.760051417849857e-05,-1.1286694788681315,0.14970352684849214,0.12998310571745647
2026-05-20 01:01:00,2.403561977239114,2.404008014451249,8.839948508402677e-05,-1.1264622107501265,0.1503638351017209,0.13116863208853266
2026-05-20 01:02:00,2.408892614184722,2.409335878406941,8.919350422184799e-05,-1.124234964753219,0.1510301197735885,0.13234681094399917
2026-05-20 01:03:00,2.4142707437255684,2.4147112349578705,8.99825715919474e-05,-1.1219878650788329,0.15170234370901414,0.13351764228383395
2026-05-20 01:04:00,2.4196960687555893,2.4201337869979747,9.076668719435096e-05,-1.1197210359283922,0.15238046975291694,0.13468112610807553
2026-05-20 01:05:00,2.4251682921687236,2.4256032374211927,9.154585102904752e-05,-1.1174346015033199,0.15306446075021646,0.13583726241670738
2026-05-20 01:06:00,2.4306871168589077,2.4311192891214604,9.232006309602969e-05,-1.11512868600504,0.1537542795458318,0.13698605120971852
2026-05-20 01:07:00,2.436252245720081,2.4366816449927162,9.308932339530118e-05,-1.1128034136349763,0.1544498889846822,0.1381274924871145
2026-05-20 01:08:00,2.441863381646178,2.4422900079288965,9.385363192686199e-05,-1.1104589085945524,0.155151251911687,0.13926158624889526
2026-05-20 01:09:00,2.4475202275311383,2.4479440808239397,9.461298869072691e-05,-1.108095295085192,0.15585833117176545,0.14038833249508278
2026-05-20 01:10:00,2.4532224862688983,2.4536435665717837,9.536739368687005e-05,-1.1057126973083182,0.15657108960983693,0.14150773122563862
2026-05-20 01:11:00,2.458969860753396,2.459388168066364,9.61168469153099e-05,-1.103311239465356,0.15728949007082044,0.14261978244059023
2026-05-20 01:12:00,2.4647620538785695,2.465177588201621,9.686134837604647e-05,-1.1008910457577272,0.15801349539963566,0.14372448613993766
2026-05-20 01:13:00,2.4705987685383555,2.4710115298714896,9.760089806906866e-05,-1.098452240386857,0.15874306844120148,0.14482184232366438
2026-05-20 01:14:00,2.4764797076266913,2.476889695969909,9.833549599438384e-05,-1.0959949475541684,0.15947817204043746,0.14591185099178136
2026-05-20 01:15:00,2.4824045740375147,2.4828117893908157,9.906514215198836e-05,-1.0935192914610854,0.16021876904226262,0.14699451214428316
2026-05-20 01:16:00,2.4883730706647635,2.4887775130281478,9.97898365418859e-05,-1.091025396309031,0.16096482229159648,0.14806982578117525
2026-05-20 01:17:00,2.4943849004023746,2.494786569775842,0.00010050957916407273,-1.0885133862994298,0.1617162946333581,0.14913779190245213
2026-05-20 01:18:00,2.500439766144286,2.5008386625278365,0.00010122437001856,-1.085983385633705,0.1624731489124669,0.1501984105081303
2026-05-20 01:19:00,2.506537370784435,2.506933494178069,0.00010193420910532917,-1.0834355185132796,0.1632353479738422,0.15125168159818225
2026-05-20 01:20:00,2.512677417216759,2.513070767620476,0.00010263909642438766,-1.0808699091395786,0.164002854662403,0.15229760517261903
2026-05-20 01:21:00,2.5188596083351955,2.5192501857489957,0.00010333903197574656,-1.0782866817140246,0.16477563182306884,0.15333618123145706
2026-05-20 01:22:00,2.525083647033682,2.5254714514575656,0.00010403401575939849,-1.0756859604380418,0.16555364230075892,0.1543674097746854
2026-05-20 01:23:00,2.5313492362061565,2.5317342676401235,0.00010472404777533232,-1.0730678695130533,0.16633684894039258,0.15539129080228756
2026-05-20 01:24:00,2.537656078746555,2.5380383371906055,0.00010540912802355917,-1.0704325331404838,0.16712521458688886,0.15640782431427996
2026-05-20 01:25:00,2.5440038775488176,2.5443833630029506,0.00010608925650408274,-1.067780075521756,0.16791870208516732,0.15741701031066818
2026-05-20 01:26:00,2.5503923355068787,2.5507690479710954,0.00010676443321689192,-1.0651106208582939,0.16871727428014702,0.1584188487914357
2026-05-20 01:27:00,2.556821155514678,2.5571950949889777,0.00010743465816199782,-1.0624242933515213,0.1695208940167473,0.159413339756599
2026-05-20 01:28:00,2.5632900404661516,2.563661206950535,0.00010809993133939303,-1.0597212172028616,0.17032952413988753,0.1604004832061471
2026-05-20 01:29:00,2.5697986932552386,2.570167086749705,0.00010876025274907756,-1.0570015166137385,0.1711431274944869,0.16138027914008002
2026-05-20 01:30:00,2.576346816775875,2.5767124372804244,0.0001094156223910551,-1.0542653157855761,0.17196166692546458,0.1623527275584032
2026-05-20 01:31:00,2.582934113921999,2.5832969614366315,0.00011006604026532936,-1.0515127389197976,0.17278510527774005,0.16331782846112214
2026-05-20 01:32:00,2.5895602875875476,2.589920362112264,0.00011071150637188923,-1.0487439102178264,0.17361340539623255,0.16427558184822041
2026-05-20 01:33:00,2.5962250406664595,2.596582342201258,0.00011135202071073842,-1.045958953881087,0.17444653012586117,0.16522598771970348
2026-05-20 01:34:00,2.6029280760526703,2.6032826045975526,0.00011198758328188434,-1.0431579941110025,0.17528444231154533,0.16616904607558236
2026-05-20 01:35:00,2.6096690966401197,2.6100208521950843,0.00011261819408532325,-1.0403411551089965,0.17612710479820434,0.16710475691585147
2026-05-20 01:36:00,2.616447805322742,2.6167967878877914,0.00011324385312104779,-1.037508561076493,0.1769744804307574,0.16803312024049993
2026-05-20 01:37:00,2.623263904994478,2.62361011456961,0.00011386456038906534,-1.0346603362149154,0.17782653205412377,0.16895413604953866
2026-05-20 01:38:00,2.6301170985492637,2.630460535134479,0.00011448031588937961,-1.0317966047256875,0.1786832225132228,0.1698678043429732
2026-05-20 01:39:00,2.637007088881037,2.6373477524763356,0.00011509111962197579,-1.0289174908102328,0.17954451465297372,0.1707741251207815
2026-05-20 01:40:00,2.643933578883735,2.6442714694891163,0.00011569697158686498,-1.0260231186699755,0.18041037131829568,0.17167309838298012
2026-05-20 01:41:00,2.6508962714512943,2.6512313890667594,0.0001162978717840509,-1.0231136125063387,0.18128075535410815,0.17256472412957452
2026-05-20 01:42:00,2.6578948694776545,2.6582272141032024,0.00011689382021353352,-1.020189096520746,0.18215562960533035,0.17344900236056468
2026-05-20 01:43:00,2.6649290758567523,2.6652586474923834,0.00011748481687530176,-1.0172496949146215,0.18303495691688154,0.17432593307593416
2026-05-20 01:44:00,2.6719985934825243,2.6723253921282386,0.00011807086176935932,-1.0142955318893885,0.18391870013368097,0.17519551627568847
2026-05-20 01:45:00,2.679103125248909,2.6794271509047065,0.0001186519548957099,-1.0113267316464707,0.184806822100648,0.17605775195983303
2026-05-20 01:46:00,2.6862423740498427,2.686563626715724,0.00011922809625434979,-1.0083434183872921,0.18569928566270175,0.17691264012836241
2026-05-20 01:47:00,2.6934160427792646,2.6937345224552285,0.00011979928584528269,-1.005345716313276,0.18659605366476167,0.17776018078128206
2026-05-20 01:48:00,2.70062383433111,2.7009395410171577,0.00012036552366850491,-1.0023337496258464,0.18749708895174683,0.17860037391858652
2026-05-20 01:49:00,2.7078654515993184,2.708178385295449,0.00012092680972402755,-0.9993076425264268,0.18840235436857664,0.17943321954029223
2026-05-20 01:50:00,2.7151405974778267,2.715450758184041,0.0001214831440118321,-0.9962675192164404,0.18931181276017048,0.18025871764637177
2026-05-20 01:51:00,2.7224489748605722,2.722756362576869,0.00012203452653192596,-0.9932135038973119,0.19022542697144731,0.1810768682368361
2026-05-20 01:52:00,2.729790286641492,2.730094901367872,0.00012258095728432395,-0.990145720770464,0.1911431598473267,0.18188767131170722
2026-05-20 01:53:00,2.7371642357145243,2.737466077450988,0.00012312243626900755,-0.9870642940373208,0.1920649742327278,0.18269112687095765
2026-05-20 01:54:00,2.744570524973606,2.744869593720153,0.00012365896348597675,-0.9839693478993058,0.19299083297256994,0.18348723491458735
2026-05-20 01:55:00,2.752008857312675,2.752305153069305,0.00012419053893524267,-0.9808610065578429,0.19392069891177227,0.18427599544261283
2026-05-20 01:56:00,2.759478935625668,2.759772458392382,0.0001247171626168016,-0.9777393942143554,0.19485453489525426,0.1850574084550286
2026-05-20 01:57:00,2.7669804628065244,2.767271212583321,0.00012523883453064618,-0.9746046350702674,0.195792303767935,0.1858314739518237
2026-05-20 01:58:00,2.7745131417491797,2.7748011185360597,0.00012575555467678374,-0.9714568533270024,0.1967339683747338,0.18659819193300908
2026-05-20 01:59:00,2.782076675347573,2.7823618791445353,0.00012626732305521805,-0.9682961731859839,0.19767949156057,0.18735756239859028
2026-05-20 02:00:00,2.789670766495639,2.789953197302686,0.00012677413966594164,-0.9651227188486357,0.19862883617036287,0.1881095853485562
2026-05-20 02:01:00,2.7972951180873182,2.7975747759044483,0.00012727600450895086,-0.9619366145163813,0.19958196504903164,0.1888542607829015
2026-05-20 02:02:00,2.804949433016548,2.80522631784376,0.0001277729175842605,-0.9587379843906448,0.20053884104149558,0.18959158870164802
2026-05-20 02:03:00,2.812633414177264,2.8129075260145595,0.00012826487889185944,-0.9555269526728493,0.20149942699267406,0.19032156910477935
2026-05-20 02:04:00,2.820346764463404,2.820618103310783,0.0001287518884317403,-0.9523036435644189,0.2024636857474862,0.1910442019922845
2026-05-20 02:05:00,2.8280891867689055,2.8283577526263683,0.00012923394620392158,-0.9490681812667772,0.20343158015085133,0.1917594873641909
2026-05-20 02:06:00,2.835860383987708,2.8361261768552537,0.00012971105220839588,-0.9458206899813475,0.20440307304768882,0.19246742522048763
2026-05-20 02:07:00,2.843660059013747,2.843923078891376,0.0001301832064451558,-0.9425612939095539,0.20537812728291785,0.19316801556116364
2026-05-20 02:08:00,2.851487914740961,2.8517481616286724,0.00013065040891420873,-0.9392901172528199,0.2063567057014577,0.19386125838622995
2026-05-20 02:09:00,2.859343654063286,2.859601127961081,0.00013111265961556206,-0.9360072842125692,0.20733877114822763,0.1945471536956975
2026-05-20 02:10:00,2.867226979874661,2.86748168078254,0.00013156995854920103,-0.932712918990225,0.20832428646814707,0.1952257014895444
2026-05-20 02:11:00,2.8751375950690234,2.875389522986985,0.0001320223057151219,-0.9294071457872117,0.20931321450613508,0.19589690176776509
2026-05-20 02:12:00,2.8830752025403097,2.8833243574683545,0.00013246970111334319,-0.9260900888049527,0.21030551810711104,0.19656075453038707
2026-05-20 02:13:00,2.891039505182458,2.891285887120586,0.00013291214474385747,-0.9227618722448715,0.2113011601159942,0.19721725977739932
2026-05-20 02:14:00,2.8990302058894057,2.8992738148376174,0.0001333496366066574,-0.9194226203083918,0.21230010337770386,0.19786641750879086
2026-05-20 02:15:00,2.9070470075550907,2.907287843513385,0.00013378217670175405,-0.9160724571969376,0.21330231073715922,0.19850822772457824
2026-05-20 02:16:00,2.91508961307345,2.915327676041828,0.00013420976502914,-0.912711507111932,0.21430774503927968,0.19914269042475038
2026-05-20 02:17:00,2.923157725338421,2.923393015316882,0.00013463240158881156,-0.9093398942547993,0.2153163691289844,0.19976980560930183
2026-05-20 02:18:00,2.931251047243941,2.9314835642324852,0.00013505008638078352,-0.9059577428269628,0.21632814585119264,0.20038957327825455
2026-05-20 02:19:00,2.939369281683949,2.939599025682576,0.00013546281940504852,-0.9025651770298461,0.2173430380508238,0.20100199343159753
2026-05-20 02:20:00,2.9475121315523807,2.947739102561091,0.00013587060066159914,-0.8991623210648728,0.2183610085727971,0.20160706606931986
2026-05-20 02:21:00,2.955679299743174,2.955903497761968,0.00013627343015044276,-0.8957492991334668,0.21938202026203182,0.20220479119143248
2026-05-20 02:22:00,2.9638704891502674,2.964091914179144,0.0001366713078715757,-0.8923262354370517,0.22040603596344718,0.20279516879792986
2026-05-20 02:23:00,2.9720854026675965,2.972304054706557,0.00013706423382500537,-0.8888932541770513,0.22143301852196245,0.20337819888882305
2026-05-20 02:24:00,2.9803237431891008,2.980539622238145,0.00013745220801072433,-0.8854504795548888,0.22246293078249707,0.203953881464101
2026-05-20 02:25:00,2.988585213608717,2.988798319667844,0.00013783523042872522,-0.8819980357719884,0.22349573558997007,0.20452221652375283
2026-05-20 02:26:00,2.9968695168203823,2.997079849889592,0.00013821330107902652,-0.8785360470297737,0.22453139578930081,0.2050832040678059
2026-05-20 02:27:00,3.005176355718034,3.005383915797327,0.00013858641996162454,-0.875064637529668,0.22556987422540867,0.20563684409625474
2026-05-20 02:28:00,3.0135054331956104,3.013710220284987,0.00013895458707650817,-0.8715839314730951,0.22661113374321287,0.20618313660908288
2026-05-20 02:29:00,3.021856452147049,3.022058466246508,0.00013931780242368113,-0.8680940530614789,0.22765513718763258,0.20672208160629585
2026-05-20 02:30:00,3.0302291154662853,3.0304283565758285,0.00013967606600314708,-0.8645951264962429,0.22870184740358718,0.20725367908789907
2026-05-20 02:31:00,3.038623126047259,3.0388195941668856,0.00014002937781490605,-0.8610872759788107,0.22975122723599595,0.20777792905389258
2026-05-20 02:32:00,3.047038186783908,3.0472318819136173,0.00014037773785895434,-0.857570625710606,0.23080323952977813,0.20829483150427092
2026-05-20 02:33:00,3.0554740005701677,3.05566492270996,0.00014072114613529937,-0.8540452998930528,0.23185784712985294,0.20880438643904506
2026-05-20 02:34:00,3.0639302702999767,3.064118419449853,0.0001410596026439337,-0.8505114227275739,0.23291501288113986,0.20930659385820394
2026-05-20 02:35:00,3.0724066988672725,3.072592075027232,0.00014139310738485363,-0.8469691184155939,0.23397469962855788,0.20980145376174217
2026-05-20 02:36:00,3.080902989165993,3.0810855923360356,0.00014172166035806658,-0.8434185111585359,0.23503687021702646,0.21028896614967063
2026-05-20 02:37:00,3.089418844090075,3.0895986742702,0.00014204526156357254,-0.839859725157824,0.23610148749146478,0.21076913102198944
2026-05-20 02:38:00,3.0979539665334554,3.0981310237236643,0.00014236391100137525,-0.8362928846148816,0.23716851429679217,0.21124194837870403
2026-05-20 02:39:00,3.106508059390073,3.106682343590365,0.00014267760867146725,-0.8327181137311322,0.23823791347792794,0.21170741821980338
2026-05-20 02:40:00,3.115080825553865,3.1152523367642404,0.00014298635457384487,-0.8291355367079996,0.23930964787979134,0.21216554054528206
2026-05-20 02:41:00,3.123671967918768,3.1238407061392266,0.0001432901487085155,-0.8255452777469078,0.2403836803473015,0.21261631535515102
2026-05-20 02:42:00,3.132281189378721,3.1324471546092623,0.00014358899107548285,-0.82194746104928,0.24145997372537792,0.21305974264941577
2026-05-20 02:43:00,3.1409081928276597,3.1410713850682845,0.0001438828816747395,-0.81834221081654,0.24253849085893972,0.21349582242806528
2026-05-20 02:44:00,3.1495526811595225,3.149713100410231,0.00014417182050628549,-0.8147296512501114,0.2436191945929063,0.21392455469109964
2026-05-20 02:45:00,3.158214357268247,3.158372003529039,0.00014445580757012447,-0.8111099065514182,0.24470204777219676,0.21434593943852426
2026-05-20 02:46:00,3.166892924047771,3.167047797318646,0.00014473484286625649,-0.8074831009218837,0.24578701324173052,0.21475997667033916
2026-05-20 02:47:00,3.175588084392032,3.1757401846729896,0.0001450089263946741,-0.8038493585629317,0.2468740538464268,0.21516666638653337
2026-05-20 02:48:00,3.184299541194966,3.184448868486007,0.00014527805815538474,-0.800208803675986,0.24796313243120485,0.21556600858711789
2026-05-20 02:49:00,3.193026997350512,3.1931735516516357,0.00014554223814839212,-0.7965615604624701,0.24905421184098397,0.21595800327209821
2026-05-20 02:50:00,3.201770155752607,3.201913937063814,0.00014580146637369247,-0.7929077531238076,0.25014725492068346,0.21634265044146875
2026-05-20 02:51:00,3.210528719295188,3.210669727616479,0.00014605574283127847,-0.7892475058614221,0.2512422245152226,0.2167199500952187
2026-05-20 02:52:00,3.219302390872193,3.2194406262035673,0.00014630506752115745,-0.7855809428767376,0.2523390834695206,0.2170899022333588
2026-05-20 02:53:00,3.2280908733775604,3.2282263357190177,0.0001465493591995992,-0.7819081883711774,0.25343779462849686,0.21745238630508568
2026-05-20 02:54:00,3.2368938697052267,3.237026549307519,0.00014678813040421105,-0.7782293706217149,0.2545383196178625,0.21780667900556122
2026-05-20 02:55:00,3.2457110827491293,3.245840911367523,0.0001470204874539712,-0.7745446382830703,0.25564061396728893,0.21815145427596233
2026-05-20 02:56:00,3.254542215403205,3.2546690078019958,0.000147245455424098,-0.7708541644632598,0.2567446258911997,0.21848526550661845
2026-05-20 02:57:00,3.2633869705613936,3.263510366018415,0.0001474620593898209,-0.7671581467235975,0.25785029628877004,0.21880666608787544
2026-05-20 02:58:00,3.272245051117631,3.2723644549287743,0.00014766932442637678,-0.7634568070786928,0.2589575587439277,0.2191142094100902
2026-05-20 02:59:00,3.281116159965853,3.28123068494958,0.0001478662756090025,-0.7597503919964526,0.26006633952535213,0.21940644886361957
2026-05-20 03:00:00,3.29,3.2901084080018546,0.0001480519380129275,-0.7560391723980789,0.26117655758647523,0.21968193783880943
2026-05-20 03:01:00,3.298896127875293,3.2989969175111313,0.00014822533671337012,-0.7523234436580721,0.2622881245654807,0.2199392297259892
2026-05-20 03:02:00,3.307803515292094,3.307895448407459,0.00014838549678558206,-0.748603525604228,0.2634009447853043,0.22017687791553772
2026-05-20 03:03:00,3.3167209877120474,3.316803177125401,0.00014853144330478167,-0.7448797625176388,0.26451491525363413,0.22039343579778442
2026-05-20 03:04:00,3.3256473705967986,3.3257192216040328,0.00014866220134619837,-0.7411525231326942,0.26562992566290994,0.22058745676307515
2026-05-20 03:05:00,3.3345814894079955,3.334642641286945,0.00014877679598506536,-0.7374222006370795,0.26674585839032394,0.2207574942017613
2026-05-20 03:06:00,3.3435221696072834,3.3435724371222406,0.00014887425229662317,-0.7336892126717777,0.2678625884978201,0.2209021015042052
2026-05-20 03:07:00,3.352468236656307,3.3525075515625398,0.00014895359535610126,-0.7299540013310665,0.2689799837320948,0.22101983206075276
2026-05-20 03:08:00,3.361418516016712,3.3614468685649728,0.00014901393148245197,-0.7262170331625221,0.27009790452459614,0.22110935981254248
2026-05-20 03:09:00,3.370371833150146,3.370389223340434,0.0001490547732133011,-0.7224787950914664,0.27121620521073253,0.2211699614547638
2026-05-20 03:10:00,3.3793270135182536,3.379333441350569,0.0001490760393049073,-0.7187397781187715,0.27233473890670434,0.22120151643659658
2026-05-20 03:11:00,3.3882828825826805,3.388278348057023,0.00014907772975728169,-0.7150004732453096,0.2734533587287118,0.22120402475805737
2026-05-20 03:12:00,3.397238265805072,3.3972227689214427,0.00014905984457042054,-0.7112613714719521,0.27457191779295537,0.22117748641914065
2026-05-20 03:13:00,3.406191988647076,3.4061655294054733,0.00014902238374432387,-0.7075229637995712,0.2756902692156352,0.2211219014198464
2026-05-20 03:14:00,3.4151428765703353,3.4151054549707616,0.00014896534727898796,-0.7037857412290386,0.2768082661129519,0.22103726976016916
2026-05-20 03:15:00,3.424089755036498,3.424041371078952,0.0001488887351744165,-0.7000501947612265,0.2779257616011055,0.22092359144011434
2026-05-20 03:16:00,3.43303144950721,3.4329721031916915,0.00014879254743060583,-0.6963168153970063,0.27904260879629655,0.22078086645967657
2026-05-20 03:17:00,3.4419667854441163,3.4418964767706246,0.00014867678404755595,-0.6925860941372507,0.28015866081472524,0.2206090948188558
2026-05-20 03:18:00,3.4508945883088624,3.4508133172773983,0.0001485414450252779,-0.6888585219828308,0.28127377077259197,0.22040827651766845
2026-05-20 03:19:00,3.4598136835630946,3.459721450173658,0.00014838653036375698,-0.6851345899346188,0.2823877917860971,0.22017841155609266
2026-05-20 03:20:00,3.4687228966684587,3.468619700921049,0.0001482120400630079,-0.6814147889934868,0.2835005769714409,0.2199194999341503
2026-05-20 03:21:00,3.4776210530865996,3.477506894981219,0.00014801797412302328,-0.677699610160306,0.28461197944482386,0.21963154165183046
2026-05-20 03:22:00,3.4865069782791647,3.486381857815812,0.00014780433254378832,-0.6739895444359489,0.2857218523224461,0.21931453670911108
2026-05-20 03:23:00,3.4953794977078,3.4952434148864735,0.00014757111532531786,-0.6702850828212876,0.28683004872050805,0.21896848510601424
2026-05-20 03:24:00,3.5042374368341487,3.50409039165485,0.00014731832246762667,-0.6665867163171937,0.28793642175521,0.21859338684256185
2026-05-20 03:25:00,3.5130796211198585,3.5129216135825887,0.00014704595397068882,-0.6628949359245384,0.2890408245427525,0.21818924191871542
2026-05-20 03:26:00,3.521904876026576,3.5217359061313327,0.00014675400983451547,-0.659210232644195,0.29014311019933553,0.21775605033449152
2026-05-20 03:27:00,3.5307120270159458,3.5305320947627306,0.0001464424900591066,-0.6555330974770339,0.2912431318411598,0.2172938120898901
2026-05-20 03:28:00,3.539499899549614,3.5393090049384255,0.00014611139464445477,-0.6518640214239284,0.2923407425844252,0.21680252718490017
2026-05-20 03:29:00,3.548267319089225,3.548065462120065,0.00014576072359057484,-0.6482034954857495,0.29343579554533245,0.21628219561954373
2026-05-20 03:30:00,3.5570131110964267,3.5568002917692945,0.00014539047689745936,-0.6445520106633693,0.29452814384008175,0.21573281739380976
2026-05-20 03:31:00,3.5657361010328654,3.5655123193477603,0.00014500065456510096,-0.6409100579576595,0.2956176405848735,0.21515439250768728
2026-05-20 03:32:00,3.5744351143601847,3.5742003703171066,0.00014459125659350703,-0.6372781283694927,0.2967041388959078,0.2145469209611873
2026-05-20 03:33:00,3.5831089765400312,3.582863270138981,0.00014416228298268127,-0.63365671289974,0.29778749188938525,0.2139104027543153
2026-05-20 03:34:00,3.591756513034051,3.5914998442750283,0.00014371373373261626,-0.6300463025492737,0.29886755268150605,0.21324483788706025
2026-05-20 03:35:00,3.6003765493038897,3.600108918186895,0.00014324560884331576,-0.6264473883189655,0.29994417438847054,0.21255022635942775
2026-05-20 03:36:00,3.6089679108111934,3.608689317336226,0.0001427579083147723,-0.6228604612096875,0.30101721012647914,0.21182656817140672
2026-05-20 03:37:00,3.617529423017608,3.6172398671846677,0.00014225063214700444,-0.6192860122223116,0.30208651301173206,0.21107386332302466
2026-05-20 03:38:00,3.626059911384779,3.6257593931938668,0.00014172378033999362,-0.6157245323577091,0.30315193616042985,0.21029211181425408
2026-05-20 03:39:00,3.634558201374352,3.634246720825467,0.00014117735289374359,-0.6121765126167529,0.30421333268877254,0.2094813136451005
2026-05-20 03:40:00,3.6430231184479727,3.642700675541116,0.00014061134980826174,-0.608642444000314,0.30527055571296074,0.20864146881557494
2026-05-20 03:41:00,3.6514534880672884,3.6511200828024584,0.00014002577108353695,-0.6051228175092649,0.30632345834919456,0.20777257732566085
2026-05-20 03:42:00,3.659848135693942,3.6595037680711404,0.00013942061671958403,-0.6016181241444774,0.3073718937136744,0.20687463917538024
2026-05-20 03:43:00,3.6682058867895826,3.6678505568088084,0.00013879588671639187,-0.5981288549068229,0.3084157149226007,0.20594765436471657
2026-05-20 03:44:00,3.6765255668158545,3.6761592744771074,0.0001381515810739605,-0.5946555007971738,0.3094547750921737,0.20499162289366996
2026-05-20 03:45:00,3.6848060012344033,3.6844287465376837,0.00013748769979229358,-0.5911985528164018,0.31048892733859373,0.20400654476224578
2026-05-20 03:46:00,3.6930460155068743,3.6926577984521827,0.00013680424287139856,-0.5877585019653789,0.3115180247780612,0.2029924199704551
2026-05-20 03:47:00,3.7012444350949147,3.7008452556822515,0.00013610121031125318,-0.5843358392449766,0.31254192052677654,0.20194924851826496
2026-05-20 03:48:00,3.7094000854601705,3.708989943689533,0.00013537860211187597,-0.5809310556560677,0.3135604677009396,0.20087703040570273
2026-05-20 03:49:00,3.7175117920642857,3.7170906879356767,0.00013463641827327438,-0.5775446421995231,0.3145735194167514,0.19977576563277955
2026-05-20 03:50:00,3.725578380368907,3.725146313882326,0.00013387465879541872,-0.5741770898762151,0.3155809287904117,0.19864545419945134
2026-05-20 03:51:00,3.73359867583568,3.733155646991127,0.00013309332367833122,-0.5708288896870158,0.31658254893812116,0.1974860961057511
2026-05-20 03:52:00,3.741571503926252,3.7411175127237257,0.00013229241292201562,-0.5675005326327969,0.31757823297607995,0.19629769135168434
2026-05-20 03:53:00,3.7494956901022665,3.7490307365417688,0.00013147192652645338,-0.56419250971443,0.31856783402048855,0.19508023993722362
2026-05-20 03:54:00,3.7573700598253716,3.7568941439069,0.00013063186449165562,-0.5609053119327878,0.31955120518754704,0.19383374186238536
2026-05-20 03:55:00,3.76519343855721,3.7647065602807674,0.00012977222681763342,-0.5576394302887414,0.320528199593456,0.19255819712718605
2026-05-20 03:56:00,3.772964651759432,3.772466811125016,0.0001288930135043683,-0.5543953557831629,0.3214986703544158,0.19125360573159828
2026-05-20 03:57:00,3.7806825248936797,3.7801737219012916,0.00012799422455185653,-0.5511735794169242,0.3224624705866267,0.18991996767561647
2026-05-20 03:58:00,3.788345883421601,3.787826118071239,0.00012707585996012035,-0.5479745921908977,0.3234194534062888,0.18855728295927365
2026-05-20 03:59:00,3.7959535528048387,3.795422825096506,0.00012613791972914862,-0.5447988851059543,0.32436947192960275,0.1871655515825533
2026-05-20 04:00:00,3.8035043585050414,3.8029626684387368,0.00012518040385893028,-0.5416469491629667,0.3253123792727688,0.18574477354543897
2026-05-20 04:01:00,3.8109971259838558,3.8104444735595777,0.00012420331234947642,-0.5385192753628066,0.32624802855198715,0.18429494884794714
2026-05-20 04:02:00,3.818430680702925,3.817867065920674,0.00012320664520079812,-0.5354163547063462,0.3271762728834582,0.18281607749009424
2026-05-20 04:03:00,3.825803848123896,3.8252292709836735,0.00012219040241287689,-0.5323386781944562,0.32809696538338246,0.18130815947185286
2026-05-20 04:04:00,3.8331154537084133,3.832529914210219,0.00012115458398571273,-0.52928673682801,0.32900995916796005,0.17977119479322298
2026-05-20 04:05:00,3.840364322918126,3.839767821061959,0.00012009918991931675,-0.5262610216078785,0.3299151073533914,0.1782051834542211
2026-05-20 04:06:00,3.847549281214677,3.846941817000537,0.00011902422021368524,-0.5232620235349343,0.33081226305587674,0.17661012545484167
2026-05-20 04:07:00,3.8546691540597138,3.8540507274876012,0.0001179296748688182,-0.5202902336100486,0.3317012793916166,0.17498602079508474
2026-05-20 04:08:00,3.861722766914881,3.8610933779847953,0.00011681555388471191,-0.5173461428340937,0.3325820094768111,0.17333286947494478
2026-05-20 04:09:00,3.8687089452418246,3.8680685939537667,0.0001156818572613775,-0.5144302422079414,0.33345430642766066,0.1716506714944383
2026-05-20 04:10:00,3.8756265145021898,3.8749752008561607,0.00011452858499880017,-0.5115430227324634,0.3343180233603657,0.16993942685354332
2026-05-20 04:11:00,3.882474300157624,3.8818120241536227,0.00011335573709697992,-0.508684975408532,0.33517301339112654,0.16819913555225988
2026-05-20 04:12:00,3.889251127669773,3.8885778893077982,0.00011216331355592412,-0.505856591237019,0.3360191296361433,0.1664297975905989
2026-05-20 04:13:00,3.8959558225002815,3.8952716217803336,0.00011095131437564391,-0.5030583612187962,0.33685622521161646,0.16463141296857686
2026-05-20 04:14:00,3.902587210110795,3.9018920470328755,0.00010971973955612447,-0.5002907763547352,0.33768415323374645,0.16280398168617186
2026-05-20 04:15:00,3.9091441159629605,3.9084379905270685,0.00010846858909736208,-0.4975543276457082,0.33850276681873354,0.1609475037433783
2026-05-20 04:16:00,3.9156253655184234,3.914908277724559,0.00010719786299936787,-0.49484950609258715,0.33931191908277797,0.15906197914021275
2026-05-20 04:17:00,3.9220297842388288,3.9213017340869927,0.00010590756126213444,-0.49217680269624375,0.3401114631420802,0.1571474078766642
2026-05-20 04:18:00,3.928356197585823,3.927617185076015,0.00010459768388566178,-0.4895367084575501,0.3409012521128405,0.15520378995273262
2026-05-20 04:19:00,3.934603431021053,3.933853456153272,0.0001032682308699536,-0.4869297143773781,0.3416811391112592,0.15323112536842357
2026-05-20 04:20:00,3.9407703100061635,3.9400093727804095,0.00010191920221501357,-0.4843563114565995,0.3424509772535365,0.15122941412374247
2026-05-20 04:21:00,3.9468556600027997,3.9460837604190737,0.00010055059792084172,-0.4818169906960862,0.3432106196558731,0.14919865621868933
2026-05-20 04:22:00,3.9528583064726086,3.9520754445309105,9.916241798742323e-05,-0.4793122430967099,0.3439599194344691,0.14713885165324223
2026-05-20 04:23:00,3.958777074877236,3.9579832505775645,9.775466241476924e-05,-0.476842559659343,0.3446987297055247,0.1450500004274176
2026-05-20 04:24:00,3.964610790678326,3.963806004020683,9.63273312028834e-05,-0.474408431384857,0.3454269035852404,0.14293210254122093
2026-05-20 04:25:00,3.9703582793375274,3.9695425303219105,9.488042435175092e-05,-0.472010349274124,0.3461442941898167,0.1407851579946303
2026-05-20 04:26:00,3.976018366316482,3.975191654942893,9.341394186139403e-05,-0.4696488043280161,0.34685075463545345,0.13860916678767862
2026-05-20 04:27:00,3.9815898770768388,3.980752203345278,9.192788373180901e-05,-0.46732428754740435,0.3475461380383515,0.13640412892036038
2026-05-20 04:28:00,3.987071637080242,3.98622300099071,9.042224996296626e-05,-0.4650372899331611,0.34823029751471096,0.13417004439263172
2026-05-20 04:29:00,3.9924624717883397,3.9916028733408337,8.889704055489167e-05,-0.46278830248615893,0.34890308618073207,0.13190691320453102
2026-05-20 04:30:00,3.9977612066627746,3.996890645857297,8.735225550758526e-05,-0.4605778162072688,0.34956435715261536,0.1296147353560583
2026-05-20 04:31:00,4.002966667165195,4.002085144001744,8.578789482104702e-05,-0.45840632209736326,0.3502139635465609,0.12729351084721355
2026-05-20 04:32:00,4.008077678757245,4.007185193235823,8.420395849526586e-05,-0.4562743111573133,0.3508517584787694,0.12494323967798031
2026-05-20 04:33:00,4.013093066900572,4.012189619021176,8.260044653024175e-05,-0.4541822743879921,0.3514775950654408,0.12256392184835857
2026-05-20 04:34:00,4.01801165705682,4.017097246819452,8.097735892599692e-05,-0.45213070279027057,0.35209132642277574,0.12015555735838127
2026-05-20 04:35:00,4.022832274687636,4.0219069020922955,7.933469568250917e-05,-0.4501200873650208,0.3526928056669744,0.11771814620801548
2026-05-20 04:36:00,4.027553745254665,4.026617410301353,7.767245679978589e-05,-0.4481509191131148,0.3532818859142372,0.11525168839727218
2026-05-20 04:37:00,4.032174894219555,4.03122759690827,7.599064227782707e-05,-0.44622368903542425,0.3538584202807644,0.11275618392615135
2026-05-20 04:38:00,4.036694547043949,4.035736287374692,7.428925211662533e-05,-0.4443388881328213,0.35442226188275644,0.11023163279464203
2026-05-20 04:39:00,4.041111529189494,4.040142307162265,7.256828631618066e-05,-0.4424970074061779,0.3549732638364135,0.10767803500274423
2026-05-20 04:40:00,4.045424666117836,4.044444481732634,7.082774487651525e-05,-0.4406985378563662,0.3555112792579358,0.10509539055049084
2026-05-20 04:41:00,4.049632783290621,4.048641636547447,6.906762779760693e-05,-0.4389439704842571,0.3560361612635241,0.102483699437849
2026-05-20 04:42:00,4.053734706169494,4.0527325970683465,6.728793507945566e-05,-0.43723379629072373,0.35654776296937823,0.09984296166481862
2026-05-20 04:43:00,4.057729260216101,4.056716188756981,6.548866672208368e-05,-0.43556850627663707,0.357045937491699,0.09717317723143272
2026-05-20 04:44:00,4.061615270892089,4.060591237074997,6.366982272546877e-05,-0.4339485914428692,0.3575305379466865,0.09447434613765833
2026-05-20 04:45:00,4.065391563659102,4.064356567484038,6.183140308961092e-05,-0.43237454279029214,0.3580014174505411,0.09174646838349543
2026-05-20 04:46:00,4.069056963978787,4.06801100544575,5.9973407814517544e-05,-0.4308468513197779,0.3584584291194631,0.088989543968955
2026-05-20 04:47:00,4.07261029731279,4.07155337642178,5.809583690019604e-05,-0.4293660080321983,0.35890142606965275,0.08620357289404805
2026-05-20 04:48:00,4.076050389122755,4.074982505873773,5.6198690346631605e-05,-0.4279325039284249,0.35933026141731067,0.0833885551587526
2026-05-20 04:49:00,4.079376064870329,4.0782972192633755,5.428196815383905e-05,-0.42654683000933025,0.35974478827863693,0.08054449076309063
2026-05-20 04:50:00,4.08258615001716,4.081496342052234,5.234567032180356e-05,-0.4252094772757852,0.36014485976983207,0.07767137970704015
2026-05-20 04:51:00,4.085679470024891,4.084578699701992,5.0389796850517735e-05,-0.4239209367286629,0.3605303290070962,0.07476922199059018
2026-05-20 04:52:00,4.088654850355168,4.087543117674296,4.8414347740011185e-05,-0.42268169936883465,0.36090104910662973,0.07183801761378467
2026-05-20 04:53:00,4.091511116469637,4.090388421430793,4.641932299026911e-05,-0.4214922561971723,0.36125687318463306,0.06887776657660165
2026-05-20 04:54:00,4.094247093829944,4.0931134364331285,4.4404722601291503e-05,-0.4203530982145477,0.36159765435730656,0.06588846887904111
2026-05-20 04:55:00,4.096861607897736,4.095716988142948,4.237054657307097e-05,-0.4192647164218327,0.36192324574085044,0.06287012452109209
2026-05-20 04:56:00,4.0993534841346575,4.098197902021897,4.03167949056075e-05,-0.4182276018198996,0.362233500451465,0.05982273350275454
2026-05-20 04:57:00,4.101721548002356,4.100555003531621,3.824346759892331e-05,-0.4172422454096202,0.3625282716053507,0.05674629582406147
2026-05-20 04:58:00,4.103964624962473,4.102787118133768,3.615056465299619e-05,-0.4163091381918657,0.36280741231870794,0.053640811484979886
2026-05-20 04:59:00,4.10608154047666,4.104893071289981,3.403808606782614e-05,-0.41542877116750904,0.3630707757077368,0.05050628048550981
2026-05-20 05:00:00,4.108071120006557,4.106871688461907,3.190603184343536e-05,-0.4146016353374214,0.36331821488863786,0.04734270282568418
2026-05-20 05:01:00,4.109932189013816,4.108721795111193,2.975440197979425e-05,-0.4138282217024745,0.3635495829776114,0.04415007850545907
2026-05-20 05:02:00,4.111663572960079,4.110442216699482,2.758319647691761e-05,-0.41310902126354115,0.3637647330908576,0.04092840752485645
2026-05-20 05:03:00,4.113264097306991,4.112031778688423,2.5392415334812844e-05,-0.41244452502149237,0.36396351834457696,0.0376776898838873
2026-05-20 05:04:00,4.1147325875162,4.11348930653966,2.318205855346515e-05,-0.41183522397720046,0.3641457918549697,0.034397925582529645
2026-05-20 05:05:00,4.11606786904935,4.114813625714839,2.0952126132881926e-05,-0.41128160913153716,0.3643114067382363,0.03108911462079448
2026-05-20 05:06:00,4.117268767368091,4.116003561675606,1.870261807305577e-05,-0.4107841714853745,0.36446021611057705,0.027751256998670815
2026-05-20 05:07:00,4.1183341079340625,4.117057939883606,1.6433534374001486e-05,-0.41034340203958464,0.364592073088192,0.024384352716180616
2026-05-20 05:08:00,4.119262716208916,4.117975585800486,1.4144875035711675e-05,-0.4099597917950387,0.36470683078728194,0.020988401773312907
2026-05-20 05:09:00,4.120053417654294,4.118755324887891,1.1836640058186336e-05,-0.40963383175260937,0.36480434232404685,0.01756340417006768
2026-05-20 05:10:00,4.120705037731843,4.119395982607468,9.508829441418065e-06,-0.4093660129131677,0.36488446081468734,0.014109359906433956
2026-05-20 05:11:00,4.12121640190321,4.119896384420861,7.161443185421667e-06,-0.4091568262775867,0.36494703937540346,0.0106262689824337
2026-05-20 05:12:00,4.121586335630038,4.120255355789719,4.79448129018234e-06,-0.40900676284673676,0.364991931122396,0.007114131398044947
2026-05-20 05:13:00,4.121813664373976,4.120471722175683,2.4079437557000815e-06,-0.40891631362149156,0.3650189891718646,0.0035729471532676958
2026-05-20 05:14:00,4.121897213596667,4.120544309040403,1.8305819896961376e-09,-0.40888596960272167,0.36502806664001014,2.716248123912817e-06
2026-05-20 05:15:00,4.1218358087597595,4.120471941845522,-2.423858230956218e-06,-0.40891622179129977,0.3650190166430327,-0.003596561317397385
2026-05-20 05:16:00,4.1216282753248965,4.120253446052688,-4.869122683130259e-06,-0.4090075611880969,0.3649916922971329,-0.007224885543285215
2026-05-20 05:17:00,4.121273438753727,4.119887647123546,-7.333962774554633e-06,-0.4091604787939854,0.3649459467185108,-0.010882256429572527
2026-05-20 05:18:00,4.120770124507894,4.1193733705197415,-9.818378505221936e-06,-0.4093754656098375,0.36488163302336674,-0.014568673976248333
2026-05-20 05:19:00,4.120117158049047,4.1187094417029195,-1.2322369875109966e-05,-0.4096530126365251,0.36479860432790107,-0.018284138183279692
2026-05-20 05:20:00,4.119313364838827,4.117894686134728,-1.4845936884233524e-05,-0.4099936108749192,0.3646967137483144,-0.022028649050688565
2026-05-20 05:21:00,4.118357570338882,4.1169279292768115,-1.7389079532607414e-05,-0.41039775132589257,0.3645758144008067,-0.025802206578496918
2026-05-20 05:22:00,4.11724860001086,4.115807996590815,-1.995179782020943e-05,-0.4108659249903169,0.36443575940157846,-0.029604810766671798
2026-05-20 05:23:00,4.115985279316403,4.114533713538386,-2.2534091747046976e-05,-0.41139862286906387,0.36427640186683,-0.0334364616152242
2026-05-20 05:24:00,4.114566433717158,4.11310390558117,-2.5135961313120052e-05,-0.4119963359630056,0.36409759491276167,-0.037297159124154114
2026-05-20 05:25:00,4.112990888674773,4.111517398180812,-2.7757406518436056e-05,-0.41265955527301373,0.36389919165557383,-0.04118690329347253
2026-05-20 05:26:00,4.111257469650891,4.1097730167989575,-3.039842736298759e-05,-0.41338877179996064,0.36368104521146666,-0.045105694123168456
2026-05-20 05:27:00,4.109365002107159,4.1078695868972535,-3.305902384676725e-05,-0.41418447654471774,0.3634430086966407,-0.04905353161323091
2026-05-20 05:28:00,4.107312311505224,4.105805933937345,-3.5739195969789846e-05,-0.41504716050815704,0.3631849352272962,-0.05303041576368187
2026-05-20 05:29:00,4.1050982233067295,4.103580883380879,-3.843894373204796e-05,-0.41597731469115057,0.3629066779196335,-0.05703634657451034
2026-05-20 05:30:00,4.102721562973322,4.1011932606895,-4.1158267133541614e-05,-0.41697543009457005,0.3626080898898528,-0.06107132404571633
2026-05-20 05:31:00,4.100181155966649,4.098641891324854,-4.389716617427819e-05,-0.4180419977192875,0.3622890242541547,-0.06513534817731081
2026-05-20 05:32:00,4.0974758277483545,4.095925600748586,-4.6655640854250295e-05,-0.419177508566175,0.36194933412873925,-0.0692284189692828
2026-05-20 05:33:00,4.094604403780084,4.093043214422344,-4.943369117344313e-05,-0.42038245363610427,0.36158887262980693,-0.07335053642161035
2026-05-20 05:34:00,4.091565709523485,4.089993557807773,-5.22313171318789e-05,-0.4216573239299466,0.36120749287355824,-0.07750170053432641
2026-05-20 05:35:00,4.088358570440203,4.086775456366518,-5.504851872956499e-05,-0.4230026104485748,0.3608050479761932,-0.08168191130744193
2026-05-20 05:36:00,4.0849818119918835,4.083387735560225,-5.7885295966479215e-05,-0.4244188041928605,0.3603813910539123,-0.08589116874092399
2026-05-20 05:37:00,4.081434259640172,4.079829220850541,-6.0741648842621565e-05,-0.42590639616367537,0.3599363752229159,-0.09012947283477257
2026-05-20 05:38:00,4.077714738846712,4.076098737699111,-6.361757735801425e-05,-0.42746587736189123,0.35946985359940425,-0.09439682358902064
2026-05-20 05:39:00,4.073822075073154,4.072195111567579,-6.651308151264245e-05,-0.42909773878838076,0.3589816792995777,-0.09869322100364622
2026-05-20 05:40:00,4.069755093781141,4.068117167917594,-6.94281613064914e-05,-0.43080247144401496,0.35847170543963663,-0.10301866507862738
2026-05-20 05:41:00,4.06551262043232,4.0638637322108,-7.236281673958326e-05,-0.43258056632966585,0.3579397851357814,-0.10737315581399699
2026-05-20 05:42:00,4.061093480488336,4.059433629908844,-7.531704781192546e-05,-0.4344325144462055,0.3573857715042123,-0.11175669320976613
2026-05-20 05:43:00,4.056496499410834,4.054825686473369,-7.829085452348838e-05,-0.43635880679450634,0.35680951766112956,-0.11616927726589077
2026-05-20 05:44:00,4.051720502661461,4.050038727366025,-8.128423687429424e-05,-0.4383599343754389,0.35621087672273377,-0.12061090798240394
2026-05-20 05:45:00,4.046764315701863,4.045071578048454,-8.429719486434303e-05,-0.44043638818987685,0.355589701805225,-0.1250815853593056
2026-05-20 05:46:00,4.041626763993686,4.039923063982304,-8.732972849360514e-05,-0.4425886592386906,0.3549458460248037,-0.12958130939655182
2026-05-20 05:47:00,4.036306672998575,4.034592010629221,-9.038183776212497e-05,-0.44481723852275235,0.35427916249767033,-0.1341100800942085
2026-05-20 05:48:00,4.030802868178175,4.029077243450849,-9.345352266988035e-05,-0.44712261704293477,0.3535895043400249,-0.1386678974522427
2026-05-20 05:49:00,4.025114174994135,4.023377587908835,-9.654478321687124e-05,-0.4495052858001089,0.352876724668068,-0.1432547614706544
2026-05-20 05:50:00,4.019239418908096,4.017491869464824,-9.965561940309028e-05,-0.4519657357951475,0.35214067659799986,-0.14787067214943267
2026-05-20 05:51:00,4.013177425381708,4.0114189135804645,-0.00010278603122854483,-0.4545044580289211,0.351381213246021,-0.15251562948858843
2026-05-20 05:52:00,4.006927019876614,4.005157545717399,-0.00010593601869324602,-0.4571219435023029,0.3505981877283315,-0.1571896334881382
2026-05-20 05:53:00,4.000487027854463,3.998706591337275,-0.00010910523723809407,-0.4598186832161641,0.3497914531611318,-0.16189217288553615
2026-05-20 05:54:00,3.993856274776899,3.9920649172488276,-0.00011229161950854586,-0.4625951508867501,0.3489608678313497,-0.16662018010558993
2026-05-20 05:55:00,3.9870335861055666,3.9852315969962495,-0.00011549137535462975,-0.4654517338071683,0.3481063158795509,-0.17136803126048253
2026-05-20 05:56:00,3.980017787302112,3.978205952206272,-0.00011870037006728913,-0.46838871556276557,0.34722771247066553,-0.1761295911998732
2026-05-20 05:57:00,3.9728077038281837,3.970987552588175,-0.00012191446893743408,-0.47140627603112367,0.34632500379398934,-0.18089872477337168
2026-05-20 05:58:00,3.9654021611454247,3.96357621593378,-0.00012512953725600054,-0.47450449138206185,0.34539816706318316,-0.18566929683062616
2026-05-20 05:59:00,3.957799984715481,3.9559720081174548,-0.00012834144031391713,-0.4776833340776358,0.3444472105162727,-0.1904351722212739
2026-05-20 06:00:00,3.95,3.94817524309611,-0.00013154604340211983,-0.48094267287213843,0.343472173415649,-0.1951902157949631
2026-05-20 06:01:00,3.942001652666986,3.9401864829092004,-0.00013473921181154092,-0.4842822728120993,0.34247312604806796,-0.19992829240133647
2026-05-20 06:02:00,3.9338068692098895,3.932006537678725,-0.00013791681083310156,-0.48770179523628493,0.34145016972465064,-0.20464326689002027
2026-05-20 06:03:00,3.925418196328517,3.923636465609228,-0.00014107470575773772,-0.49120079777569814,0.3404034367808834,-0.20932900411066263
2026-05-20 06:04:00,3.916838180722676,3.9150775729877965,-0.00014420876187638544,-0.4947787343535794,0.33933309057661737,-0.21397936891291192
2026-05-20 06:05:00,3.9080693690921797,3.906331414184062,-0.00014731484447996583,-0.4984349551854053,0.338239325496069,-0.21858822614639423
2026-05-20 06:06:00,3.8991143081368316,3.8973997916502006,-0.0001503888188594075,-0.5021687067788895,0.3371223669478198,-0.22314944066074682
2026-05-20 06:07:00,3.8899755445564415,3.888284755920933,-0.00015342655030565016,-0.5059791319339821,0.33598247136481635,-0.22765687730562348
2026-05-20 06:08:00,3.8806556250508173,3.8789886056135225,-0.0001564242486687073,-0.509865269742871,0.3348199262043702,-0.23210491219318516
2026-05-20 06:09:00,3.8711570963197715,3.869513846080688,-0.00015937984659404326,-0.5138260728746068,0.3336350447774309,-0.23649047774825052
2026-05-20 06:10:00,3.8614825050631083,3.8598630240222374,-0.00016229299952257674,-0.5178604767136139,0.33242814556567496,-0.24081306270830122
2026-05-20 06:11:00,3.8516343979806376,3.850038686137979,-0.00016516370745430035,-0.5219674166443163,0.3311995470507792,-0.24507266707332626
2026-05-20 06:12:00,3.841615321772167,3.8400433791277213,-0.0001679919703892104,-0.5261458280511382,0.32994956771442047,-0.2492692908433202
2026-05-20 06:13:00,3.8314278231375067,3.8298796496912737,-0.00017077778832731797,-0.5303946463185031,0.32867852603827563,-0.25340293401829944
2026-05-20 06:14:00,3.8210744487764643,3.819550044528443,-0.00017352116126861938,-0.5347128068308359,0.3273867405040212,-0.2574735965982585
2026-05-20 06:15:00,3.8105577453888473,3.8090571103390394,-0.00017622208921310722,-0.5390992449725598,0.32607452959333416,-0.2614812785831865
2026-05-20 06:16:00,3.7998802596744663,3.7984033938228703,-0.0001788805721607889,-0.5435528961280994,0.3247422117878912,-0.2654259799730943
2026-05-20 06:17:00,3.789044538333128,3.7875914416797447,-0.0001814966101116644,-0.5480726956818786,0.3233901055693691,-0.269307700767982
2026-05-20 06:18:00,3.7780531280646414,3.7766238006094706,-0.00018407020306573373,-0.5526575790183215,0.32201852941944464,-0.27312644096784944
2026-05-20 06:19:00,3.766908575568815,3.7655030173118567,-0.0001866013510229895,-0.557306481521852,0.3206278018197946,-0.27688220057268587
2026-05-20 06:20:00,3.755613427545458,3.754231638486712,-0.00018909005398343542,-0.5620183385768942,0.31921824125209586,-0.2805749795824966
2026-05-20 06:21:00,3.744170230694377,3.7428122108338444,-0.00019153631194707884,-0.5667920855678721,0.317790166198025,-0.2842047779972926
2026-05-20 06:22:00,3.732581531715383,3.7312472810530624,-0.00019394012491391981,-0.57162665787921,0.316343895139259,-0.28777159581707407
2026-05-20 06:23:00,3.720849877308283,3.719539395844174,-0.0001963014928839472,-0.5765209908953319,0.31487974655747436,-0.2912754330418243
2026-05-20 06:24:00,3.7089778141728846,3.7076911019069887,-0.000198620415857161,-0.5814740200006617,0.31339803893434814,-0.2947162896715434
2026-05-20 06:25:00,3.696967889008998,3.6957049459413147,-0.0002008968938335724,-0.5864846805796234,0.311899090751557,-0.2980941657062479
2026-05-20 06:26:00,3.684822648516431,3.68358347464696,-0.00020313092681317386,-0.5915519080166414,0.3103832204907776,-0.3014090611459267
2026-05-20 06:27:00,3.6725446393949923,3.671329234723734,-0.0002053225147959692,-0.5966746376961392,0.30885074663368695,-0.3046609759905854
2026-05-20 06:28:00,3.6601364083444907,3.6589447728714437,-0.00020747165778195464,-0.6018518050025414,0.3073019876619616,-0.3078499102402184
2026-05-20 06:29:00,3.6476005020647326,3.6464326357898993,-0.00020957835577113023,-0.6070823453202716,0.30573726205727847,-0.31097586389482573
2026-05-20 06:30:00,3.6349394672555286,3.633795370178908,-0.00021164260876349966,-0.6123651940337541,0.3041568883013144,-0.314038836954413
2026-05-20 06:31:00,3.622155850616688,3.6210355227382793,-0.0002136644167590666,-0.6176992865274128,0.3025611848757459,-0.31703882941898553
2026-05-20 06:32:00,3.609252198848016,3.60815564016782,-0.00021564377975782367,-0.6230835581856723,0.30095047026224997,-0.31997584128853246
2026-05-20 06:33:00,3.596231058649324,3.5951582691673405,-0.00021758069775976348,-0.6285169443929559,0.2993250629425033,-0.32284987256304276
2026-05-20 06:34:00,3.5830949767204197,3.5820459564366485,-0.00021947517076490453,-0.633998380533688,0.29768528139818273,-0.32566092324254386
2026-05-20 06:35:00,3.569846499761111,3.568821248675552,-0.0002213271987732357,-0.6395268019922927,0.2960314441109649,-0.32840899332701934
2026-05-20 06:36:00,3.5564881744712062,3.55548669258386,-0.0002231367817847607,-0.6451011441531939,0.29436386956252675,-0.3310940828164747
2026-05-20 06:37:00,3.5430225475505153,3.5420448348613807,-0.00022490391979947214,-0.650720342400816,0.29268287623454486,-0.33371619171089884
2026-05-20 06:38:00,3.5294521656988445,3.5284982222079235,-0.0002266286128173737,-0.6563833321195823,0.29098878260869626,-0.33627532001029736
2026-05-20 06:39:00,3.5157795756160044,3.514849401323296,-0.00022831086083847653,-0.6620890486939176,0.2892819071666575,-0.33877146771468675
2026-05-20 06:40:00,3.502007324001803,3.5011009189073063,-0.00022995066386276574,-0.6678364275082457,0.2875625683901055,-0.34120463482404495
2026-05-20 06:41:00,3.4881379575560483,3.487255321659764,-0.0002315480218902451,-0.6736244039469904,0.28583108476071706,-0.3435748213383776
2026-05-20 06:42:00,3.474174022978547,3.473315156280477,-0.0002331029349209257,-0.6794519133945761,0.2840877747601688,-0.34588202725770095
2026-05-20 06:43:00,3.460118066969112,3.459282969469253,-0.00023461540295479275,-0.6853178912354271,0.28233295687013743,-0.34812625258199326
2026-05-20 06:44:00,3.445972636227548,3.445161307925902,-0.0002360854259918425,-0.6912212728539666,0.28056694957230005,-0.35030749731124894
2026-05-20 06:45:00,3.4317402774536654,3.4309527183502317,-0.00023751300403209718,-0.6971609936346193,0.27879007134833317,-0.35242576144550086
2026-05-20 06:46:00,3.417423537347272,3.41665974744205,-0.000238898137075542,-0.7031359889618092,0.27700264067991365,-0.3544810449847272
2026-05-20 06:47:00,3.4030249626081757,3.4022849419011667,-0.00024024082512216955,-0.70914519421996,0.2752049760487183,-0.3564733479289169
2026-05-20 06:48:00,3.388547099936186,3.38783084842739,-0.00024154106817199836,-0.715187544793496,0.2733973959364238,-0.35840267027809747
2026-05-20 06:49:00,3.3739924960311116,3.373300013720527,-0.00024279886622501727,-0.7212619760668415,0.271580218824707,-0.3602690120322523
2026-05-20 06:50:00,3.3593636975927583,3.3586949844803877,-0.00024401421928123003,-0.7273674234244201,0.2697537631952447,-0.3620723731913871
2026-05-20 06:51:00,3.3446632513209384,3.3440183074067793,-0.0002451871273406292,-0.7335028222506563,0.2679183475297135,-0.36381275375549066
2026-05-20 06:52:00,3.3298937039154586,3.329272529199512,-0.0002463175904032222,-0.7396671079299735,0.2660742903097905,-0.3654901537245741
2026-05-20 06:53:00,3.3150576020761267,3.3144601965583926,-0.00024740560846900903,-0.7458592158467965,0.2642219100171521,-0.36710457309863737
2026-05-20 06:54:00,3.300157492502752,3.299583856183231,-0.00024845118153798604,-0.7520780813855487,0.26236152513347544,-0.36865601187767505
2026-05-20 06:55:00,3.2851959218951428,3.2846460547738343,-0.00024945430961016056,-0.7583226399306547,0.26049345414043695,-0.37014447006169804
2026-05-20 06:56:00,3.270175436953109,3.269649339030012,-0.0002504149926855215,-0.7645918268665381,0.25861801551971364,-0.37156994765068985
2026-05-20 06:57:00,3.255098584376456,3.2545962556515717,-0.0002513332307640725,-0.7708845775776234,0.2567355277529822,-0.372932444644656
2026-05-20 06:58:00,3.2399679108649955,3.239489351338323,-0.00025220902384581745,-0.7771998274483342,0.25484630932191943,-0.3742319610436021
2026-05-20 06:59:00,3.2247859631185327,3.2243311727900736,-0.0002530423719307599,-0.7835365118630948,0.2529506787082021,-0.3754684968475335
2026-05-20 07:00:00,3.2095552878368783,3.209124266706632,-0.00025383327501888876,-0.7898935662063293,0.2510489543935069,-0.37664205205643375
2026-05-20 07:01:00,3.1942784317198423,3.193871179787807,-0.0002545817331102077,-0.7962699258624617,0.24914145485951072,-0.3777526266703083
2026-05-20 07:02:00,3.1789579414672287,3.178574458733407,-0.00025528774620472056,-0.8026645262159158,0.24722849858789037,-0.3788002206891628
2026-05-20 07:03:00,3.1635963637788493,3.1632366502432405,-0.00025595131430243095,-0.809076302651116,0.24531040406032248,-0.3797848341130026
2026-05-20 07:04:00,3.1481962453545114,3.1478603010171153,-0.00025657243740333143,-0.8155041905524862,0.2433874897584839,-0.38070646694181676
2026-05-20 07:05:00,3.132760132894025,3.1324479577548408,-0.00025715111550741836,-0.8219471253044506,0.2414600741640514,-0.38156511917559977
2026-05-20 07:06:00,3.117290573097197,3.117002167156225,-0.0002576873486146954,-0.8284040422914329,0.2395284757587018,-0.38236079081435714
2026-05-20 07:07:00,3.1017901126638363,3.1015254759210773,-0.0002581811367251737,-0.8348738768978574,0.23759301302411184,-0.38309348185810527
2026-05-20 07:08:00,3.086261298293752,3.0860204307492043,-0.0002586324798388458,-0.8413555645081484,0.2356540044419582,-0.3837631923068333
2026-05-20 07:09:00,3.0707066766867506,3.070489578340416,-0.0002590413779556933,-0.8478480405067296,0.23371176849391778,-0.3843699221605138
2026-05-20 07:10:00,3.055128794542642,3.054935465394521,-0.00025940783107574194,-0.8543502402780246,0.23176662366166745,-0.38491367141918503
2026-05-20 07:11:00,3.039530198561235,3.0393606386113268,-0.00025973183919899184,-0.8608610992064585,0.22981888842688372,-0.38539444008284707
2026-05-20 07:12:00,3.023913435442339,3.023767644690642,-0.0002600134023254282,-0.8673795526764547,0.22786888127124352,-0.38581222815147803
2026-05-20 07:13:00,3.00828105188576,3.0081590303322754,-0.00026025252045504727,-0.8739045360724377,0.22591692067642355,-0.3861670356250724
2026-05-20 07:14:00,2.9926355945913077,2.9925373422360364,-0.0002604491935878602,-0.8804349847788306,0.22396332512410078,-0.3864588625036466
2026-05-20 07:15:00,2.9769796102587915,2.976905127101732,-0.000260603421723878,-0.8869698341800584,0.2220084130959518,-0.38668770878721703
2026-05-20 07:16:00,2.9613156455880185,2.961264931629171,-0.0002607152048630823,-0.8935080196605449,0.22005250307365334,-0.38685357447575636
2026-05-20 07:17:00,2.9456462472787965,2.9456193025181623,-0.000260784543005473,-0.9000484766047141,0.21809591353888233,-0.3869564595692646
2026-05-20 07:18:00,2.9299739620309357,2.9299707864685143,-0.00026081143615105387,-0.90659014039699,0.21613896297331545,-0.38699636406774723
2026-05-20 07:19:00,2.914301336544245,2.914321930180036,-0.0002607958842998322,-0.9131319464217965,0.21418196985862958,-0.3869732879712151
2026-05-20 07:20:00,2.898630917518531,2.8986752803525344,-0.0002607378874518044,-0.919672830063558,0.21222525267650136,-0.38688723127966285
2026-05-20 07:21:00,2.8829652516536033,2.8830333836858193,-0.00026063744560697046,-0.9262117267066984,0.21026912990860766,-0.3867381939930905
2026-05-20 07:22:00,2.86730688564927,2.867398786879698,-0.0002604945587653229,-0.9327475717356419,0.20831392003662516,-0.38652617611148693
2026-05-20 07:23:00,2.8516583662053403,2.8517740366339805,-0.0002603092269268655,-0.9392793005348121,0.20635994154223078,-0.3862511776348578
2026-05-20 07:24:00,2.836022240021621,2.836161679648474,-0.00026008145009160565,-0.9458058484886336,0.20440751290710113,-0.38591319856321393
2026-05-20 07:25:00,2.8204010537979225,2.820564262622988,-0.0002598112282595359,-0.9523261509815301,0.20245695261291313,-0.3855122388965444
2026-05-20 07:26:00,2.804797354234052,2.80498433225733,-0.00025949856143065255,-0.9588391433979259,0.20050857914134343,-0.3850482986348438
2026-05-20 07:27:00,2.7892136880298186,2.7894244352513096,-0.0002591434496049668,-0.9653437611222444,0.198562710974069,-0.38452137777812856
2026-05-20 07:28:00,2.7736526018850305,2.773887118304734,-0.0002587458927824822,-0.9718389395389107,0.19661966659276633,-0.38393147632640406
2026-05-20 07:29:00,2.7581166424994965,2.7583749281174117,-0.00025830589096317673,-0.9783236140323484,0.19467976447911234,-0.3832785942796375
2026-05-20 07:30:00,2.7426083565730246,2.7428904113891526,-0.00025782344414705763,-0.984796719986981,0.1927433231147839,-0.38256273163783977
2026-05-20 07:31:00,2.727130290805424,2.727436114819765,-0.00025729855233414347,-0.991257192787233,0.19081066098145774,-0.3817838884010384
2026-05-20 07:32:00,2.711684991896502,2.7120145851090554,-0.00025673121552441944,-0.9977039678175289,0.18888209656081045,-0.38094206456921137
2026-05-20 07:33:00,2.6962750065460686,2.6966283689568344,-0.00025612143371788555,-1.004135980462292,0.18695794833451904,-0.38003726014235867
2026-05-20 07:34:00,2.6809028814539313,2.681280013062909,-0.00025546920691454553,-1.010552166105947,0.18503853478426013,-0.3790694751204859
2026-05-20 07:35:00,2.6655711633198993,2.665972064127089,-0.0002547745351143919,-1.0169514601329173,0.1831241743917106,-0.3780387095035819
2026-05-20 07:36:00,2.650282398843779,2.650707068849182,-0.0002540374183174321,-1.0233327979276272,0.18121518563854724,-0.37694496329165783
2026-05-20 07:37:00,2.635039134725382,2.635487573928997,-0.00025325785652366244,-1.029695114874501,0.17931188700644668,-0.37578823648470805
2026-05-20 07:38:00,2.619843917664514,2.6203161260663426,-0.000252435849733094,-1.0360373463579624,0.1774145969770859,-0.3745685290827491
2026-05-20 07:39:00,2.604699294360986,2.605195271961026,-0.000251571397945712,-1.042358427762436,0.17552363403214138,-0.373285841085759
2026-05-20 07:40:00,2.5896078115146044,2.590127558312857,-0.0002506645011615164,-1.0486572944723451,0.17363931665329022,-0.3719401724937378
2026-05-20 07:41:00,2.574572015825178,2.575115531821644,-0.0002497151593805221,-1.0549328818721142,0.17176196332220903,-0.3705315233067074
2026-05-20 07:42:00,2.559594453992517,2.5601617391871945,-0.0002487233726027142,-1.0611841253461674,0.16989189252057457,-0.36905989352464597
2026-05-20 07:43:00,2.5446776727164275,2.545268727109318,-0.0002476891408280964,-1.0674099602789284,0.1680294227300637,-0.3675252831475587
2026-05-20 07:44:00,2.52982421869672,2.530439042287823,-0.00024661246405667617,-1.0736093220548215,0.16617487243235315,-0.36592769217545695
2026-05-20 07:45:00,2.5150366386332017,2.515675231422517,-0.00024549334228844976,-1.079781146058271,0.16432856010911964,-0.36426712060833494
2026-05-20 07:46:00,2.5003174792256813,2.500979841213209,-0.0002443317755234135,-1.0859243676737007,0.16249080424203993,-0.36254356844618735
2026-05-20 07:47:00,2.4856692871739674,2.4863554183597074,-0.00024312776376156364,-1.0920379222855345,0.16066192331279094,-0.3607570356890086
2026-05-20 07:48:00,2.4710946091778685,2.4718045095618213,-0.00024188130700290392,-1.0981207452781967,0.15884223580304935,-0.3589075223368042
2026-05-20 07:49:00,2.456595991937193,2.457329661519359,-0.00024059240524744175,-1.104171772036111,0.15703206019449198,-0.35699502838958513
2026-05-20 07:50:00,2.4421759821517504,2.4429334209321283,-0.0002392610584951771,-1.1101899379437017,0.1552317149687956,-0.3550195538473514
2026-05-20 07:51:00,2.4278371265213474,2.4286183344999377,-0.00023788726674609886,-1.1161741783853931,0.15344151860763688,-0.35298109871008654
2026-05-20 07:52:00,2.413581971745794,2.4143869489225964,-0.0002364710300002108,-1.122123428745609,0.15166178959269266,-0.35087966297779605
2026-05-20 07:53:00,2.3994130645248974,2.4002418108999124,-0.00023501234825751654,-1.1280366244087734,0.14989284640563977,-0.34871524665048537
2026-05-20 07:54:00,2.3853329515584663,2.3861854671316944,-0.0002335112215180161,-1.1339127007593102,0.148135007528155,-0.34648784972815455
2026-05-20 07:55:00,2.371344179546311,2.3722204643177505,-0.0002319676497817021,-1.1397505931816438,0.14638859144191502,-0.3441974722107926
2026-05-20 07:56:00,2.357449295188237,2.35834934915789,-0.00023038163304858194,-1.145549237060198,0.14465391662859667,-0.3418441140984105
2026-05-20 07:57:00,2.3436508451840563,2.3445746683519206,-0.00022875317131865932,-1.1513075677793971,0.1429313015698767,-0.33942777539101376
2026-05-20 07:58:00,2.3299513762335735,2.330898968599651,-0.00022708226459191942,-1.157024520723665,0.14122106474743193,-0.3369484560885804
2026-05-20 07:59:00,2.3163534350366004,2.3173247966008903,-0.00022536891286838076,-1.1626990312774255,0.13952352464293913,-0.3344061561911378
2026-05-20 08:00:00,2.302859568292943,2.3038546990554454,-0.00022361311614803222,-1.1683300348251033,0.13783899973807492,-0.33180087569866956
2026-05-20 08:01:00,2.2894723227024114,2.2904912226631264,-0.0002218148744308701,-1.1739164667511217,0.13616780851451632,-0.3291326146111702
2026-05-20 08:02:00,2.2761942449648136,2.277236914123741,-0.00021997418771690184,-1.1794572624399053,0.13451026945393996,-0.32640137292865073
2026-05-20 08:03:00,2.263027881779958,2.264094320137098,-0.0002180910560061311,-1.1849513572758779,0.13286670103802264,-0.3236071506511166
2026-05-20 08:04:00,2.249975779847653,2.2510659874030052,-0.0002161654792985468,-1.1903976866434638,0.13123742174844108,-0.3207499477785513
2026-05-20 08:05:00,2.237040485867707,2.2381544626212726,-0.0002141974575941526,-1.1957951859270866,0.12962275006687224,-0.3178297643109603
2026-05-20 08:06:00,2.2242245465399293,2.225362292491707,-0.00021218699089295968,-1.2011427905111707,0.12802300447499268,-0.31484660024836025
2026-05-20 08:07:00,2.211530508564127,2.2126920237141174,-0.00021013407919495314,-1.2064394357801402,0.12643850345447924,-0.31180045559072894
2026-05-20 08:08:00,2.1989609186401102,2.2001462029883125,-0.0002080387225001405,-1.2116840571184189,0.12486956548700878,-0.3086913303380776
2026-05-20 08:09:00,2.186518323467686,2.1877273770141006,-0.00020590092080851423,-1.216875589910431,0.12331650905425796,-0.30551922449039504
2026-05-20 08:10:00,2.174205269746664,2.175438092491291,-0.0002037206741200781,-1.2220129695406006,0.12177965263790366,-0.30228413804768683
2026-05-20 08:11:00,2.1620243041768514,2.163280896119691,-0.0002014979824348469,-1.2270951313933516,0.12025931471962259,-0.298986071009975
2026-05-20 08:12:00,2.149977973458057,2.151258334599109,-0.00019923284575279848,-1.2321210108531082,0.1187558137810915,-0.2956250233772265
2026-05-20 08:13:00,2.13806882429009,2.1393729546293554,-0.00019692526407394013,-1.237089543304294,0.11726946830398731,-0.29220099514945236
2026-05-20 08:14:00,2.1262994033727587,2.1276273029102364,-0.00019457523739828305,-1.241999664131334,0.11580059676998658,-0.28871398632666906
2026-05-20 08:15:00,2.1146722574058714,2.1160239261415614,-0.00019218276572580869,-1.2468503087186515,0.1143495176607662,-0.28516399690884914
2026-05-20 08:16:00,2.103189933089237,2.1045653710231393,-0.00018974784905652817,-1.2516404124506706,0.11291654945800302,-0.2815510268960091
2026-05-20 08:17:00,2.091854977122663,2.093254184254778,-0.00018727048739044516,-1.2563689107118154,0.11150201064337371,-0.27787507628815433
2026-05-20 08:18:00,2.0806699362059584,2.082092912536286,-0.0001847506807275523,-1.2610347388865104,0.11010621969855501,-0.27413614508527395
2026-05-20 08:19:00,2.069637357038933,2.0710841025674718,-0.00018218842906784585,-1.2656368323591791,0.1087294951052238,-0.2703342332873624
2026-05-20 08:20:00,2.0587597863213922,2.0602303010481444,-0.00017958373241133325,-1.2701741265142457,0.10737215534505683,-0.2664693408944307
2026-05-20 08:21:00,2.048039770753147,2.049534054678112,-0.0001769365907580145,-1.274645556736134,0.10603451889973088,-0.26254146790647886
2026-05-20 08:22:00,2.0374798570340054,2.0389979101571827,-0.00017424700410788955,-1.2790500584092688,0.10471690425092266,-0.2585506143235069
2026-05-20 08:23:00,2.027082591863775,2.028624414185165,-0.00017151497246095844,-1.2833865669180735,0.10341962988030899,-0.25449678014551474
2026-05-20 08:24:00,2.016850521942265,2.0184161134618677,-0.00016874049581721377,-1.2876540176469726,0.10214301426956658,-0.25037996537249146
2026-05-20 08:25:00,2.0067861939692846,2.0083755546870994,-0.00016592357417666108,-1.2918513459803898,0.10088737590037232,-0.2462001700044453
2026-05-20 08:26:00,1.996892154644641,1.9985052845606683,-0.00016306420753930221,-1.2959774873027492,0.0996530332544029,-0.24195739404137898
2026-05-20 08:27:00,1.9871709506681436,1.9888078497823831,-0.00016016239590513532,-1.3000313769984746,0.09844030481333525,-0.2376516374832897
2026-05-20 08:28:00,1.9776251287396,1.979285797052052,-0.00015721813927416228,-1.3040119504519907,0.09724950905884591,-0.23328290033018034
2026-05-20 08:29:00,1.968257235558819,1.9699416730694836,-0.00015423143764637938,-1.3079181430477211,0.09608096447261179,-0.22885118258204534
2026-05-20 08:30:00,1.959069817825609,1.9607780245344866,-0.00015120229102178658,-1.31174889017009,0.09493498953630965,-0.22435648423888466
2026-05-20 08:31:00,1.9500654222397793,1.9517973981468693,-0.00014813069940038947,-1.3155031272035214,0.09381190273161627,-0.21979880530070656
2026-05-20 08:32:00,1.941246595501138,1.9430023406064398,-0.0001450166627821825,-1.3191797895324393,0.0927120225402084,-0.21517814576750283
2026-05-20 08:33:00,1.9326158843094925,1.9343953986130074,-0.00014186018116716566,-1.322777812541268,0.09163566744376281,-0.21049450563927347
2026-05-20 08:34:00,1.9241758353646528,1.92597911886638,-0.00013866125455534452,-1.3262961316144313,0.09058315592395627,-0.20574788491602672
2026-05-20 08:35:00,1.9159289953664262,1.917756048066366,-0.00013541988294671348,-1.3297336821363532,0.08955480646246561,-0.20093828359775426
2026-05-20 08:36:00,1.9078779110146225,1.9097287329127743,-0.00013213606634127444,-1.3330893994914579,0.0885509375409676,-0.19606570168445897
2026-05-20 08:37:00,1.900025129009049,1.901899720105413,-0.00012880980473902736,-1.3363622190641695,0.08757186764113895,-0.19113013917614072
2026-05-20 08:38:00,1.892373196049514,1.894271556344091,-0.00012544109813997228,-1.3395510762389118,0.08661791524465653,-0.1861315960727996
2026-05-20 08:39:00,1.8849246588358268,1.8868467883286164,-0.00012202994654411103,-1.342654906400109,0.08568939883319707,-0.18107007237443834
2026-05-20 08:40:00,1.877682064067796,1.8796279627587977,-0.00011857634995143621,-1.3456726449321854,0.08478663688843725,-0.17594556808104592
2026-05-20 08:41:00,1.8706479584452296,1.872617626334444,-0.00011508030836195708,-1.3486032272195647,0.08390994789205397,-0.1707580831926361
2026-05-20 08:42:00,1.8638248886679358,1.8658183257553629,-0.00011154182177567177,-1.351445588646671,0.08305965032572402,-0.16550761770920613
2026-05-20 08:43:00,1.8572154014357238,1.8592326077213635,-0.0001079608901925766,-1.3541986645979285,0.08223606267112407,-0.16019417163075053
2026-05-20 08:44:00,1.8508220434484015,1.8528630189322537,-0.00010433751361267526,-1.3568613904577613,0.08143950340993089,-0.15481774495727477
2026-05-20 08:45:00,1.8446473614057781,1.8467121060878424,-0.00010067169203596404,-1.3594327016105932,0.08067029102382141,-0.14937833768877334
2026-05-20 08:46:00,1.8386939020076616,1.840782415887938,-9.696342546244112e-05,-1.3619115334408485,0.07992874399447222,-0.14387594982524354
2026-05-20 08:47:00,1.8329642119538598,1.8350764950323495,-9.321271389211571e-05,-1.364296821332951,0.07921518080356026,-0.13831058136669905
2026-05-20 08:48:00,1.8274608379441823,1.8295968902208841,-8.94195573249823e-05,-1.3665875006713248,0.07852991993276219,-0.1326822323131317
2026-05-20 08:49:00,1.8221863266784373,1.8243461481533516,-8.558395576103716e-05,-1.3687825068403943,0.07787327986375481,-0.12699090266453594
2026-05-20 08:50:00,1.8171432248564328,1.8193268155295597,-8.170590920028772e-05,-1.370880775224583,0.07724557907821493,-0.12123659242092279
2026-05-20 08:51:00,1.8123340791779778,1.814541439049317,-7.77854176427284e-05,-1.3728812412083156,0.07664713605781925,-0.11541930158228397
2026-05-20 08:52:00,1.80776143634288,1.8099925654124323,-7.38224810883629e-05,-1.3747828401760156,0.07607826928424463,-0.109539030148625
2026-05-20 08:53:00,1.8034278430509492,1.8056827413187135,-6.981758586832773e-05,-1.3765845075121073,0.07553929723916782,-0.1035964997462071
2026-05-20 08:54:00,1.7993358460019935,1.801614455108233,-6.577364996947129e-05,-1.378285202997563,0.07503053110599398,-0.09759604013264137
2026-05-20 08:55:00,1.79548799189582,1.797789903322377,-6.169602303435588e-05,-1.3798840083960966,0.07455224557677034,-0.09154558919689162
2026-05-20 08:56:00,1.7918868274322386,1.7942109323441102,-5.759054103667468e-05,-1.3813801518507125,0.07410467155391443,-0.08545380645417466
2026-05-20 08:57:00,1.7885348993110577,1.790879038397976,-5.3463039950113475e-05,-1.3827730078837048,0.07368799615021424,-0.07932935141969627
2026-05-20 08:58:00,1.7854347542320854,1.7877953675500966,-4.931935574837472e-05,-1.3840620973966573,0.07330236268882825,-0.07318088360868696
2026-05-20 08:59:00,1.7825889388951297,1.784960715708171,-4.5165324405153455e-05,-1.3852470876704444,0.07294787070328523,-0.06701706253636627
2026-05-20 09:00:00,1.78,1.7823755286214782,-4.100678189415026e-05,-1.3863277923652295,0.07262457593748456,-0.06084654771796193
2026-05-20 09:01:00,1.77766960885045,1.780039901880873,-3.6849564189058345e-05,-1.387304171520468,0.07233249034569557,-0.05467799866869074
2026-05-20 09:02:00,1.7755959351660169,1.7779535809187912,-3.2699507263561634e-05,-1.3881763315549027,0.07207158209255861,-0.04852007490375575
2026-05-20 09:03:00,1.773776273270182,1.7761159610092456,-2.8562447091371827e-05,-1.3889445252665686,0.07184177555308396,-0.04238143593840118
2026-05-20 09:04:00,1.772207917486429,1.7745260872678266,-2.4444219646178414e-05,-1.3896091518327895,0.07164295131265258,-0.03627074128783833
2026-05-20 09:05:00,1.7708881621382395,1.7731826546517042,-2.0350660901674587e-05,-1.3901707568101795,0.07147494616701575,-0.030196650467283984
2026-05-20 09:06:00,1.7698143015490964,1.7720840079596256,-1.628760683156279e-05,-1.3906300321346432,0.07133755312229502,-0.02416782299196864
2026-05-20 09:07:00,1.7689836300424813,1.7712281418319167,-1.2260893409526963e-05,-1.390987816121374,0.07123052139498272,-0.018192918377095354
2026-05-20 09:08:00,1.768393441941877,1.7706127007504824,-8.275870278131221e-06,-1.3912450934648566,0.07115355641194121,-0.012279874511630678
2026-05-20 09:09:00,1.7680410315707673,1.770235037398541,-4.335455424227715e-06,-1.3914029708423172,0.07110632710867487,-0.0064330211531912485
2026-05-20 09:10:00,1.7679236932526325,1.770092446099575,-4.401351789455147e-07,-1.3914625793275293,0.07108849512241688,-0.0006530799280272788
2026-05-20 09:11:00,1.7680387213109559,1.7701822211770675,3.4100904577153792e-06,-1.3914250499942673,0.07109972209040002,0.00505994916386123
2026-05-20 09:12:00,1.7683834100692197,1.770501656954501,7.215221485745715e-06,-1.3912915139163056,0.0711396696498572,0.01070606612246055
2026-05-20 09:13:00,1.7689550538509067,1.771048047755357,1.0975257905145493e-05,-1.391063102167418,0.07120799943802139,0.016285270947770682
2026-05-20 09:14:00,1.7697509469794992,1.7718186879031184,1.4690199715923964e-05,-1.3907409458213793,0.0713043730921254,0.021797563639805353
2026-05-20 09:15:00,1.7707683837784796,1.7728108717212678,1.836004691807558e-05,-1.390326175951963,0.0714284522494023,0.02724294419855633
2026-05-20 09:16:00,1.7720046585713294,1.7740218935332874,2.1984799511596635e-05,-1.3898199236329436,0.07157989854708488,0.03262141262401811
2026-05-20 09:17:00,1.7734570656815327,1.7754490476626594,2.5564457496490833e-05,-1.3892233199380954,0.07175837362240609,0.0379329689161962
2026-05-20 09:18:00,1.7751228994325705,1.7770896284328663,2.9099020872761876e-05,-1.388537495941193,0.07196353911259873,0.043177613075096086
2026-05-20 09:19:00,1.7769994541479261,1.7789409301673909,3.258848964040791e-05,-1.3877635827160095,0.07219505665489592,0.048355345100715014
2026-05-20 09:20:00,1.7790840241510812,1.7810002471897153,3.6032863799423384e-05,-1.3869027113363197,0.07245258788653053,0.05346616499304475
2026-05-20 09:21:00,1.7813739037655185,1.7832648738233217,3.9432143349815706e-05,-1.385956012875898,0.07273579444473532,0.058510072752096284
2026-05-20 09:22:00,1.7838663873147205,1.7857321043916932,4.278632829157747e-05,-1.3849246184085182,0.07304433796674341,0.06348706837785863
2026-05-20 09:23:00,1.78655876912217,1.788399233218311,4.6095418624712374e-05,-1.383809659007955,0.0733778800897875,0.06839715187033728
2026-05-20 09:24:00,1.7894483435113484,1.7912635546266586,4.935941434922412e-05,-1.3826122657479818,0.07373608245110072,0.07324032322953772
2026-05-20 09:25:00,1.7925324048057383,1.7943223629402179,5.2578315465110865e-05,-1.3813335697023736,0.07411860668791577,0.07801658245545721
2026-05-20 09:26:00,1.795808247328823,1.797572952482472,5.5752121972368895e-05,-1.3799747019449038,0.07452511443746583,0.08272592954809026
2026-05-20 09:27:00,1.7992731654040843,1.8010126175769021,5.888083387099637e-05,-1.3785367935493473,0.07495526733698354,0.08736836450743411
2026-05-20 09:28:00,1.8029244533550044,1.8046386525469915,6.19644511610007e-05,-1.3770209755894782,0.07540872702370191,0.09194388733349977
2026-05-20 09:29:00,1.8067594055050662,1.8084483517162222,6.500297384237816e-05,-1.3754283791390702,0.07588515513485394,0.09645249802628172
2026-05-20 09:30:00,1.8107753161777513,1.812439009408077,6.79964019151306e-05,-1.3737601352718978,0.07638421330767252,0.10089419658578272
2026-05-20 09:31:00,1.8149694796965437,1.8166079199460379,7.094473537925435e-05,-1.3720173750617353,0.07690556317939046,0.10526898301199727
2026-05-20 09:32:00,1.819339190384924,1.8209523776535874,7.384797423475309e-05,-1.3702012295823567,0.07744886638724074,0.1095768573049309
2026-05-20 09:33:00,1.8238817425663758,1.8254696768542082,7.670611848162682e-05,-1.3683128299075362,0.07801378456845631,0.11381781946458354
2026-05-20 09:34:00,1.8285944305643806,1.8301571118713826,7.951916811986999e-05,-1.366353307111048,0.07859997936027005,0.117991869490947
2026-05-20 09:35:00,1.8334745487024218,1.8350119770285926,8.228712314948446e-05,-1.3643237922666667,0.0792071123999148,0.12209900738402403
2026-05-20 09:36:00,1.8385193913039808,1.8400315666493208,8.500998357047763e-05,-1.362225416448166,0.07983484532462357,0.1261392331438256
2026-05-20 09:37:00,1.843726252692541,1.84521317505705,8.768774938284578e-05,-1.3600593107293202,0.08048283977162925,0.13011254677034623
2026-05-20 09:38:00,1.8490924271915843,1.8505540965752623,9.032042058658152e-05,-1.3578266061839033,0.08115075737816482,0.13401894826357488
2026-05-20 09:39:00,1.8546152091245929,1.8560516255274397,9.290799718169411e-05,-1.35552843388569,0.08183825978146299,0.13785843762352537
2026-05-20 09:40:00,1.8602918928150494,1.8617030562370656,9.545047916817984e-05,-1.353165924908454,0.08254500861875695,0.14163101485019214
2026-05-20 09:41:00,1.8661197725864362,1.8675056830276213,9.79478665460387e-05,-1.3507402103259698,0.08327066552727941,0.1453366799435752
2026-05-20 09:42:00,1.8720961427622351,1.8734568002225902,0.00010040015931527072,-1.3482524212120113,0.08401489214426341,0.14897543290367457
2026-05-20 09:43:00,1.87821829766593,1.8795537021454538,0.00010280735747587404,-1.3457036886403533,0.08477735010694167,0.15254727373048751
2026-05-20 09:44:00,1.8844835316210025,1.885793683119695,0.00010516946102785604,-1.3430951436847691,0.08555770105254736,0.15605220242402498
2026-05-20 09:45:00,1.8908891389509344,1.8921740374687965,0.00010748646997120748,-1.3404279174190334,0.08635560661831326,0.1594902189842733
2026-05-20 09:46:00,1.8974324139792091,1.89869205951624,0.0001097583843059339,-1.3377031409169207,0.08717072844147222,0.1628613234112406
2026-05-20 09:47:00,1.9041106510293084,1.9053450435855086,0.00011198520403203535,-1.3349219452522045,0.08800272815925729,0.166165515704927
2026-05-20 09:48:00,1.910921144424715,1.9121302840000842,0.00011416692914950436,-1.3320854614986595,0.08885126740890131,0.16940279586532142
2026-05-20 09:49:00,1.917861188488911,1.9190450750834491,0.00011630355965835022,-1.3291948207300597,0.08971600782763718,0.17257316389243768
2026-05-20 09:50:00,1.9249280775453788,1.9260867111590863,0.00011839509555857293,-1.3262511540201793,0.09059661105269784,0.17567661978627572
2026-05-20 09:51:00,1.9321191059176008,1.9332524865504779,0.00012044153685016324,-1.3232555924427924,0.09149273872131625,0.17871316354682182
2026-05-20 09:52:00,1.9394315679290604,1.9405396955811058,0.00012244288353312853,-1.3202092670716734,0.09240405247072525,0.18168279517408698
2026-05-20 09:53:00,1.9468627579032385,1.9479456325744533,0.00012439913560747252,-1.3171133089805964,0.09333021393815777,0.18458551466807666
2026-05-20 09:54:00,1.9544099701636186,1.9554675918540025,0.00012631029307318408,-1.3139688492433352,0.09427088476084684,0.18742132202877437
2026-05-20 09:55:00,1.9620704990336821,1.9631028677432354,0.00012817635593026882,-1.3107770189336647,0.0952257265760252,0.19019021725618848
2026-05-20 09:56:00,1.9698416388369129,1.9708487545656348,0.00012999732417873038,-1.3075389491253586,0.09619440102092584,0.1928922003503243
2026-05-20 09:57:00,1.9777206838967918,1.978702546644683,0.00013177319781856506,-1.3042557708921916,0.0971765697327816,0.19552727131117645
2026-05-20 09:58:00,1.9857049285368022,1.9866615383038626,0.00013350397684977106,-1.3009286153079371,0.09817189434882556,0.19809543013874215
2026-05-20 09:59:00,1.9937916670804259,1.9947230238666556,0.00013518966127235021,-1.29755861344637,0.09918003650629051,0.20059667683302418
2026-05-20 10:00:00,2.0019781938511456,2.0028842976565446,0.00013683025108630434,-1.2941468963812641,0.10020065784240935,0.2030310113940252
2026-05-20 10:01:00,2.010261803172445,2.011142653997012,0.00013842574629163346,-1.2906945951863937,0.10123341999441507,0.20539843382174533
2026-05-20 10:02:00,2.018639789367804,2.0194953872115406,0.00013997614688833205,-1.287202840935533,0.10227798459954059,0.2076989441161763
2026-05-20 10:03:00,2.027109446760706,2.027939791623612,0.00014148145287640562,-1.2836727647024564,0.10333401329501866,0.20993254227732625
2026-05-20 10:04:00,2.035668069674634,2.0364731615567093,0.00014294166425585415,-1.2801054975609376,0.10440116771808242,0.21209922830519523
2026-05-20 10:05:00,2.0443129524330703,2.0450927913343144,0.000144356781026674,-1.2765021705847512,0.10547910950596463,0.2141990021997778
2026-05-20 10:06:00,2.0530413893594965,2.05379597527991,0.00014572680318887256,-1.272863914847671,0.10656750029589836,0.21623186396108493
2026-05-20 10:07:00,2.061850674777397,2.062580007716979,0.00014705173074243869,-1.2691918614234716,0.10766600172511637,0.21819781358910012
2026-05-20 10:08:00,2.070738103010251,2.071442182969003,0.0001483315636873761,-1.2654871413859272,0.10877427543085157,0.22009685108382884
2026-05-20 10:09:00,2.0797009683815437,2.0803797953594643,0.00014956630202369223,-1.2617508858088118,0.10989198305033694,0.22192897644528212
2026-05-20 10:10:00,2.088736565214756,2.089390139211846,0.00015075594575137964,-1.2579842257658995,0.11101878622080541,0.22369418967344895
2026-05-20 10:11:00,2.0978421878333706,2.09847050884963,0.00015190049487044202,-1.2541882923309648,0.11215434657948982,0.2253924907683348
2026-05-20 10:12:00,2.1070151305608706,2.107618198596299,0.00015299994938087572,-1.2503642165777815,0.1132983257636232,0.22702387972993424
2026-05-20 10:13:00,2.116252687720738,2.116830502775335,0.0001540543092826844,-1.2465131295801242,0.11445038541043832,0.22858835655825271
2026-05-20 10:14:00,2.1255521536364546,2.126104715710221,0.0001550635745758718,-1.2426361624117666,0.11561018715716827,0.23008592125329574
2026-05-20 10:15:00,2.134910822631504,2.1354381317244395,0.00015602774526042308,-1.238734446146483,0.11677739264104586,0.23151657381504137
2026-05-20 10:16:00,2.1443259890293676,2.144828045141472,0.00015694682133634563,-1.2348091118580484,0.11795166349930387,0.2328803142435005
2026-05-20 10:17:00,2.1537949471535276,2.154271750284801,0.0001578208028036543,-1.230861290620236,0.11913266136917543,0.23417714253869518
2026-05-20 10:18:00,2.163314991327467,2.1637665414779104,0.00015864968966233055,-1.2268921135068203,0.12032004788789344,0.23540705870059792
2026-05-20 10:19:00,2.1728834158746686,2.1733097130442807,0.00015943348191237438,-1.2229027115915758,0.12151348469269062,0.23657006272920872
2026-05-20 10:20:00,2.1824975151186146,2.1828985593073953,0.00016017217955379692,-1.2188942159482763,0.12271263342080008,0.23766615462454407
2026-05-20 10:21:00,2.192154583382786,2.1925303745907363,0.00016086578258659074,-1.214867757650696,0.12391715570945465,0.23869533438659296
2026-05-20 10:22:00,2.201851914990667,2.202202453217786,0.00016151429101075957,-1.2108244677726094,0.12512671319588725,0.23965760201536093
2026-05-20 10:23:00,2.2115868042657394,2.2119120895120274,0.00016211770482630708,-1.2067654773877905,0.12634096751733082,0.2405529575108534
2026-05-20 10:24:00,2.2213565455314854,2.221656577796943,0.0001626760240332222,-1.2026919175700133,0.1275595803110183,0.24138140087305396
2026-05-20 10:25:00,2.2311584331113883,2.231433212396014,0.00016318924863150858,-1.1986049193930524,0.1287822132141825,0.24214293210196808
2026-05-20 10:26:00,2.2409897613289282,2.241239287632724,0.0001636573786211774,-1.1945056139306816,0.13000852786405645,0.24283755119761224
2026-05-20 10:27:00,2.2508478245075905,2.2510720978305554,0.00016408041400221008,-1.1903951322566753,0.13123818589787298,0.24346525815995895
2026-05-20 10:28:00,2.2607299169708552,2.2609289373129893,0.00016445835477461775,-1.1862746054448077,0.13247084895286504,0.24402605298902472
2026-05-20 10:29:00,2.2706333330422064,2.2708071004035095,0.00016479120093840043,-1.1821451645688528,0.13370617866626558,0.24451993568480954
2026-05-20 10:30:00,2.2805553670451255,2.2807038814255973,0.00016507895249355807,-1.1780079407025852,0.13494383667530738,0.24494690624731338
2026-05-20 10:31:00,2.2904933133030956,2.2906165747027365,0.00016532160944009074,-1.1738640649197787,0.1361834846172235,0.24530696467653632
2026-05-20 10:32:00,2.3004444661395973,2.300542474558408,0.000165519171777991,-1.1697146682942074,0.13742478412924686,0.24560011097246728
2026-05-20 10:33:00,2.3104061198781163,2.3104788753160954,0.00016567163950726994,-1.1655608818996461,0.13866739684861018,0.2458263451351228
2026-05-20 10:34:00,2.3203755688421315,2.3204230712992806,0.00016577901262791647,-1.1614038368098683,0.13991098441254665,0.2459856671644864
2026-05-20 10:35:00,2.3303501073551285,2.3303723568314454,0.00016584129113994168,-1.1572446640986487,0.14115520845828897,0.24607807706057447
2026-05-20 10:36:00,2.3403270297405863,2.3403240262360736,0.0001658584750433419,-1.1530844948397612,0.14239973062307013,0.24610357482338166
2026-05-20 10:37:00,2.3503036303219904,2.3502753738366464,0.00016583056433810972,-1.14892446010698,0.14364421254412307,0.2460621604528969
2026-05-20 10:38:00,2.360277203422821,2.3602236939566468,0.00016575755902425253,-1.1447656909740793,0.14488831585868067,0.24595383394913117
2026-05-20 10:39:00,2.3702450433665625,2.3701662809195567,0.00016563945910176662,-1.1406093185148336,0.1461317022039758,0.24577859531207902
2026-05-20 10:40:00,2.3802044444766954,2.3801004290488588,0.00016547626457065942,-1.136456473803017,0.14737403321724138,0.24553644454175141
2026-05-20 10:41:00,2.390152701076703,2.390023432668036,0.00016526797543092348,-1.1323082879124031,0.1486149705357105,0.24522738163813732
2026-05-20 10:42:00,2.4000871074900676,2.3999325861005696,0.00016501459168256257,-1.1281658919167667,0.14985417579661586,0.2448514066012423
2026-05-20 10:43:00,2.4100049580402727,2.4098251836699434,0.00016471611332557294,-1.1240304168898818,0.1510913106371905,0.24440851943106084
2026-05-20 10:44:00,2.419903547050799,2.4196985196996383,0.0001643725403599546,-1.1199029939055227,0.15232603669466724,0.24389872012759295
2026-05-20 10:45:00,2.429780168845129,2.429549888513138,0.00016398387278571496,-1.1157847540374635,0.15355801560627907,0.2433220086908496
2026-05-20 10:46:00,2.4396321177467457,2.439376584433924,0.0001635501106028466,-1.1116768283594782,0.1547869090092589,0.24267838512081977
2026-05-20 10:47:00,2.4494566880791324,2.4491759017854795,0.00016307125381134953,-1.1075803479453414,0.15601237854083957,0.24196784941750352
2026-05-20 10:48:00,2.45925117416577,2.458945134891286,0.00016254730241122746,-1.103496443868827,0.15723408583825405,0.24119040158090632
2026-05-20 10:49:00,2.4690128703301415,2.468681578074827,0.0001619782564024804,-1.0994262472037093,0.15845169253873528,0.24034604161102818
2026-05-20 10:50:00,2.4787390708957293,2.4783825256595837,0.0001613641157851083,-1.0953708890237623,0.15966486027951615,0.23943476950786904
2026-05-20 10:51:00,2.4884270701860163,2.48804527196904,0.0001607048805591038,-1.0913315004027604,0.1608732506978296,0.238456585271418
2026-05-20 10:52:00,2.4980741625244836,2.497667111326676,0.00016000055072447062,-1.0873092124144779,0.16207652543090842,0.23741148890168054
2026-05-20 10:53:00,2.5076776422346145,2.5072453380559763,0.0001592511262812198,-1.0833051561326887,0.16327434611598565,0.2362994803986731
2026-05-20 10:54:00,2.5172348036398917,2.5167772464804226,0.00015845660722934029,-1.079320462631167,0.16446637439029424,0.23512055976237917
2026-05-20 10:55:00,2.526742941063797,2.526260130923497,0.00015761699356882838,-1.0753562629836872,0.16565227189106696,0.23387472699279338
2026-05-20 10:56:00,2.5361993488298125,2.535691285708682,0.00015673228529969145,-1.0714136882640235,0.1668317002555368,0.2325619820899266
2026-05-20 10:57:00,2.5456013212614224,2.54506800515946,0.00015580248242193692,-1.0674938695459502,0.16800432112093663,0.23118232505378983
2026-05-20 10:58:00,2.554946152682107,2.5543875835993144,0.00015482758493554628,-1.0635979379032405,0.1691697961244996,0.22973575588435566
2026-05-20 10:59:00,2.56423113741535,2.5636473153517256,0.00015380759284053063,-1.0597270244096701,0.1703277869034582,0.22822227458164052
2026-05-20 11:00:00,2.5734535697846317,2.572844494740178,0.00015274250613689738,-1.055882260139012,0.1714779550950457,0.22664188114565545
2026-05-20 11:01:00,2.582610744113438,2.5819764160881533,0.0001516323248246243,-1.052064776165041,0.17261996233649493,0.2249945755763674
2026-05-20 11:02:00,2.5916999547252497,2.591040373719133,0.00015047704890372622,-1.0482757035615315,0.1737534702650386,0.22328035787379844
2026-05-20 11:03:00,2.600718495943548,2.6000336619566005,0.00014927667837421054,-1.044516173402257,0.1748781405179099,0.2214992280379595
2026-05-20 11:04:00,2.609663662091816,2.6089535751240382,0.00014803121323606245,-1.040787316760992,0.17599363473234161,0.2196511860688286
2026-05-20 11:05:00,2.6185327474935365,2.617797407544928,0.00014674065348928937,-1.0370902647115108,0.1770996145455667,0.2177362319664168
2026-05-20 11:06:00,2.6273230464721924,2.626562453542753,0.00014540499913388757,-1.0334261483275875,0.178195741594818,0.21575436573071854
2026-05-20 11:07:00,2.6360318533512643,2.6352460074409945,0.00014402425016985705,-1.0297960986829964,0.17928167751732843,0.2137055873617338
2026-05-20 11:08:00,2.6446564624542375,2.643845363563136,0.00014259840659720525,-1.0262012468515114,0.18035708395033104,0.2115898968594737
2026-05-20 11:09:00,2.6531941681045916,2.652357816232659,0.0001411274684159247,-1.0226427239069071,0.18142162253105854,0.20940729422392704
2026-05-20 11:10:00,2.66164226462581,2.660780659773047,0.0001396114356260229,-1.0191216609229574,0.182474954896744,0.207157779455105
2026-05-20 11:11:00,2.6699980463413757,2.669111188507782,0.00013805030822748864,-1.0156391889734362,0.18351674268462043,0.20484135255299094
2026-05-20 11:12:00,2.67825880757477,2.6773466967603454,0.00013644408622032572,-1.0121964391321185,0.1845466475319204,0.20245801351759052
2026-05-20 11:13:00,2.6864218426494766,2.685484478854221,0.00013479276960453774,-1.0087945424727778,0.18556433107587716,0.2000077623489091
2026-05-20 11:14:00,2.694484445888977,2.69352182911289,0.00013309635838012479,-1.0054346300691888,0.1865694549537234,0.19749059904694674
2026-05-20 11:15:00,2.702443911616754,2.701456041859836,0.00013135485254709052,-1.0021178329951252,0.18756168080269214,0.19490652361170893
2026-05-20 11:16:00,2.7102975341562896,2.709284411418541,0.00012956825210542016,-0.9988452823243613,0.18854067026001636,0.19225553604317372
2026-05-20 11:17:00,2.718042607831066,2.7170042321124863,0.00012773655705512846,-0.9956181091306717,0.1895060849629288,0.189537636341363
2026-05-20 11:18:00,2.7256764269645655,2.7246127982651562,0.0001258597673962118,-0.99243744448783,0.19045758654866257,0.18675282450627137
2026-05-20 11:19:00,2.733196285880273,2.7321074042000317,0.0001239378831286627,-0.9893044194696109,0.1913948366544504,0.18390110053788777
2026-05-20 11:20:00,2.740599478901668,2.7394853442405958,0.00012197090425248857,-0.9862201651497883,0.1923174969175253,0.1809824644362232
2026-05-20 11:21:00,2.7478833003522336,2.7467439127103304,0.00011995883076768947,-0.9831858126021366,0.19322522897512015,0.17799691620127772
2026-05-20 11:22:00,2.7550450445554517,2.7538804039327185,0.00011790166267426535,-0.9802024929004297,0.1941176944644679,0.1749444558330513
2026-05-20 11:23:00,2.7620820058348072,2.760892112231242,0.00011579939997221252,-0.9772713371184419,0.19499455502280147,0.17182508333153837
2026-05-20 11:24:00,2.76899147851378,2.767776331929384,0.0001136520426615347,-0.9743934763299477,0.1958554722873537,0.16863879869674456
2026-05-20 11:25:00,2.775770756915853,2.7745303573506264,0.00011145959074223184,-0.9715700416087207,0.1967001078953576,0.16538560192866975
2026-05-20 11:26:00,2.782417135364509,2.781151482818452,0.0001092220442142966,-0.9688021640285356,0.19752812348404605,0.16206549302730305
2026-05-20 11:27:00,2.7889279081832306,2.787637002656342,0.00010693940307773264,-0.9660909746631665,0.1983391806906519,0.15867847199264987
2026-05-20 11:28:00,2.7953003696954997,2.7939842111877797,0.00010461166733255478,-0.9634376045863876,0.1991329411524081,0.15522453882473222
2026-05-20 11:29:00,2.8015318142247985,2.8001904027362485,0.00010223883697874451,-0.9608431848719725,0.19990906650654772,0.15170369352352264
2026-05-20 11:30:00,2.8076195360946095,2.806252871625229,9.982091201629814e-05,-0.9583088465936963,0.2006672183903034,0.14811593608901563
2026-05-20 11:31:00,2.813560829628416,2.8121689121782043,9.735789244524155e-05,-0.9558357208253329,0.20140705844090817,0.14446126652124963
2026-05-20 11:32:00,2.8193529891497007,2.817935818718658,9.484977826555256e-05,-0.9534249386406557,0.20212824829559514,0.14073968482019172
2026-05-20 11:33:00,2.8249933089819437,2.8235508855700706,9.229656947722376e-05,-0.95107763111344,0.20283044959159693,0.13695119098583086
2026-05-20 11:34:00,2.8304790834486298,2.829011407055925,8.969826608028475e-05,-0.9487949293174598,0.2035133239661465,0.13309578501821104
2026-05-20 11:35:00,2.835807606873239,2.834314677499705,8.705486807471333e-05,-0.9465779643264886,0.20417653305647698,0.12917346691729925
2026-05-20 11:36:00,2.8409761735792567,2.8394579912248905,8.436637546051321e-05,-0.9444278672143013,0.20481973849982102,0.12518423668310105
2026-05-20 11:37:00,2.845982077890164,2.8444386425549664,8.163278823769179e-05,-0.9423457690546716,0.20544260193341174,0.12112809431562739
2026-05-20 11:38:00,2.8508226141294415,2.8492539258134135,7.885410640623795e-05,-0.9403328009213742,0.2060447849944819,0.11700503981486178
2026-05-20 11:39:00,2.855495076620574,2.853901135323715,7.603032996616281e-05,-0.9383900938881828,0.20662594932026448,0.11281507318082072
2026-05-20 11:40:00,2.859996759687043,2.858377565409353,7.316145891745525e-05,-0.9365187790288718,0.20718575654799246,0.10855819441348771
2026-05-20 11:41:00,2.8643249576523306,2.8626805103938096,7.02474932601264e-05,-0.9347199874172156,0.2077238683148986,0.10423440351287926
2026-05-20 11:42:00,2.8684769648399198,2.8668072646005682,6.728843299417254e-05,-0.9329948501269878,0.20823994625821604,0.09984370047898986
2026-05-20 11:43:00,2.8724500755732922,2.8707551223531103,6.428427811958256e-05,-0.9313444982319632,0.20873365201517746,0.09538608531180302
2026-05-20 11:44:00,2.8762415841759315,2.874521377974918,6.123502863637497e-05,-0.9297700628059159,0.20920464722301585,0.0908615580113462
2026-05-20 11:45:00,2.879848784971319,2.8781033257894753,5.814068454453869e-05,-0.9282726749226196,0.20965259351896423,0.08627011857760296
2026-05-20 11:46:00,2.8832689722829383,2.8814982601202628,5.500124584407369e-05,-0.9268534656558491,0.21007715254025533,0.08161176701057327
2026-05-20 11:47:00,2.8864994404342705,2.884703475290764,5.181671253498739e-05,-0.9255135660793782,0.21047798592412226,0.07688650331026811
2026-05-20 11:48:00,2.8895374837487977,2.8877162656244613,4.8587084617268685e-05,-0.9242541072669812,0.2108547553077978,0.07209432747667102
2026-05-20 11:49:00,2.8923803965500046,2.8905339254448363,4.531236209092497e-05,-0.9230762202924324,0.21120712232851488,0.06723523950979299
2026-05-20 11:50:00,2.895025473161371,2.8931537490753723,4.199254495595624e-05,-0.9219810362295058,0.2115347486235065,0.06230923940963399
2026-05-20 11:51:00,2.8974700079063807,2.895573030839551,3.862763321235881e-05,-0.9209696861519757,0.21183729583000546,0.05731632717618855
2026-05-20 11:52:00,2.899711295108515,2.8977890650608553,3.521762686013637e-05,-0.9200433011336163,0.21211442558524474,0.05225650280946216
2026-05-20 11:53:00,2.9017466290912584,2.8997991460627675,3.176301879248555e-05,-0.9192030122482018,0.21236579952645726,0.04713049767261046
2026-05-20 11:54:00,2.903573304178092,2.9016006273159536,2.8266766368612027e-05,-0.9184499258437758,0.21259108668762292,0.04194269994460567
2026-05-20 11:55:00,2.9051886146924972,2.903191158027001,2.4734291413723113e-05,-0.9177850246397288,0.21278999308645716,0.036701154620225676
2026-05-20 11:56:00,2.906589854957958,2.9045687422856004,2.1171508646222748e-05,-0.9172091430010675,0.21296226912115776,0.031414638057403944
2026-05-20 11:57:00,2.9077743192979564,2.9057317390645476,1.758433278451858e-05,-0.9167229669384149,0.213107709570405,0.02609192661407949
2026-05-20 11:58:00,2.9087393020359746,2.9066788622197426,1.3978678547014549e-05,-0.9163270341080105,0.21322615359336156,0.020741796648185786
2026-05-20 11:59:00,2.909482097495495,2.9074091804901894,1.03604606521146e-05,-0.9160217338117101,0.21331748472967252,0.015373024517656339
2026-05-20 12:00:00,2.91,2.9079221174979963,6.735593818230079e-06,-0.9158073069969858,0.21338163089946544,0.009994386580435624
2026-05-20 12:01:00,2.9102911910807325,2.908217451748377,3.1099927637649275e-06,-0.9156838462569256,0.21341856440335039,0.004614659194457137
2026-05-20 12:02:00,2.910357401099981,2.908295316629648,-5.104277928769108e-07,-0.9156512958302343,0.2134283019224198,-0.0007573812823456264
2026-05-20 12:03:00,2.910201247627792,2.9081562004132318,-4.119753133287792e-06,-0.9157094516012327,0.2134109045182486,-0.00611295849203368
2026-05-20 12:04:00,2.909825348234213,2.9078009462536536,-7.712068539056371e-06,-0.9158579610998584,0.21336647763289404,-0.011443296076662546
2026-05-20 12:05:00,2.9092323204892936,2.907230752188545,-1.1281459291782406e-05,-0.9160963235016643,0.21329517108889606,-0.01673961767830422
2026-05-20 12:06:00,2.9084247819630806,2.9064471711386397,-1.4822010673058254e-05,-0.9164238896278206,0.21319717908927677,-0.021993146939019718
2026-05-20 12:07:00,2.907405350225622,2.905452110907778,-1.832780796448367e-05,-0.9168398619451131,0.21307274021754097,-0.027195107500881034
2026-05-20 12:08:00,2.906176642846965,2.9042478341829017,-2.179342934084764e-05,-0.917343294565945,0.21292213743767555,-0.03233745436910481
2026-05-20 12:09:00,2.9047412773971604,2.9028368993868763,-2.521591744293709e-05,-0.9179331179740648,0.2127456906974032,-0.03741579936470783
2026-05-20 12:10:00,2.9031018714462524,2.901221924089749,-2.8594779377566493e-05,-0.9186082379274916,0.21254372734119345,-0.042429411124550946
2026-05-20 12:11:00,2.9012610425642906,2.8994055258615683,-3.193001514473215e-05,-0.919367560184244,0.21231657471351578,-0.04737828964862864
2026-05-20 12:12:00,2.899221408321323,2.8973903222723814,-3.5221624744434056e-05,-0.9202099905023409,0.21206456015883982,-0.05226243493694093
2026-05-20 12:13:00,2.896985586287397,2.895178930892236,-3.846960817666852e-05,-0.9211344346398009,0.21178801102163508,-0.05708184698948232
2026-05-20 12:14:00,2.894556194032562,2.892773969291181,-4.1673965441439235e-05,-0.9221397983546427,0.2114872546463712,-0.06183652580625831
2026-05-20 12:15:00,2.8919358491268636,2.8901780550392635,-4.48346965387462e-05,-0.9232249874048852,0.21116261837751757,-0.06652647138726889
2026-05-20 12:16:00,2.8891271691403517,2.8873938057065316,-4.795180146858572e-05,-0.9243889075485471,0.2108144295595439,-0.07115168373250856
2026-05-20 12:17:00,2.886132771643073,2.884423838863033,-5.1025280230961496e-05,-0.925630464543647,0.21044301553691971,-0.07571216284198284
2026-05-20 12:18:00,2.8829552742050755,2.881270772078816,-5.405513282586982e-05,-0.9269485641482036,0.21004870365411457,-0.08020790871568621
2026-05-20 12:19:00,2.8795972943964077,2.877937222923929,-5.70413592533144e-05,-0.9283421121202358,0.209631821255598,-0.08463892135362418
2026-05-20 12:20:00,2.876061449787117,2.8744258089684185,-5.998395951329523e-05,-0.9298100142177621,0.20919269568583962,-0.08900520075579674
2026-05-20 12:21:00,2.8723503579472514,2.8707391477823334,-6.288293360580491e-05,-0.9313511761988015,0.20873165428930893,-0.0933067469221929
2026-05-20 12:22:00,2.868466636446859,2.866879856935722,-6.573828153085085e-05,-0.9329645038213723,0.2082490244104756,-0.09754355985282366
2026-05-20 12:23:00,2.864412902855989,2.8628505539986313,-6.855000328843674e-05,-0.9346489028434937,0.20774513339380904,-0.10171563954769451
2026-05-20 12:24:00,2.8601917747446852,2.8586538565411095,-7.131809887856259e-05,-0.9364032790231841,0.2072203085837789,-0.10582298600680544
2026-05-20 12:25:00,2.8558058696829995,2.854292382133204,-7.404256830121359e-05,-0.9382265381184627,0.20667487732485462,-0.10986559923013449
2026-05-20 12:26:00,2.8512578052409787,2.849768748344964,-7.672341155640083e-05,-0.9401175858873475,0.20610916696150597,-0.11384347921769812
2026-05-20 12:27:00,2.8465501989886706,2.8450855727464357,-7.936062864412803e-05,-0.942075328087858,0.2055235048382023,-0.11775662596950184
2026-05-20 12:28:00,2.841685668496124,2.8402454729076685,-8.195421956438038e-05,-0.9440986704780124,0.20491821829941329,-0.12160503948552367
2026-05-20 12:29:00,2.836666831333383,2.83525106639871,-8.450418431717639e-05,-0.9461865188158294,0.20429363468960854,-0.1253887197657911
2026-05-20 12:30:00,2.831496305070501,2.8301049707896073,-8.701052290250866e-05,-0.9483377788593281,0.20365008135325743,-0.12910766681029312
2026-05-20 12:31:00,2.8261767072775226,2.824809803650409,-8.947323532036607e-05,-0.9505513563665271,0.20298788563482967,-0.13276188061901326
2026-05-20 12:32:00,2.8207106555244956,2.8193681825511634,-9.189232157076713e-05,-0.9528261570954448,0.20230737487879483,-0.13635136119197894
2026-05-20 12:33:00,2.81510076738147,2.813782725061917,-9.426778165370076e-05,-0.9551610868041006,0.2016088764296223,-0.13987610852917376
2026-05-20 12:34:00,2.809349660418491,2.8080560487527193,-9.659961556916323e-05,-0.9575550512505124,0.20089271763178185,-0.14333612263059217
2026-05-20 12:35:00,2.8034599522056083,2.8021907711936174,-9.888782331716935e-05,-0.9600069561926995,0.20015922582974294,-0.14673140349625616
2026-05-20 12:36:00,2.79743426031287,2.796189509954659,-0.00010113240489770803,-0.9625157073886805,0.1994087283679751,-0.15006195112614926
2026-05-20 12:37:00,2.7912752023103224,2.7900548826058924,-0.00010333336031078295,-0.9650802105964741,0.19864155259094796,-0.1533277655202769
2026-05-20 12:38:00,2.7849853957680146,2.783789506717365,-0.00010549068955639044,-0.9676993715740991,0.19785802584313097,-0.1565288466786337
2026-05-20 12:39:00,2.778567458255995,2.7773959998591256,-0.00010760439263453047,-0.9703720960795741,0.19705847546899383,-0.15966519460121958
2026-05-20 12:40:00,2.772024007344311,2.7708769796012214,-0.00010967446954520676,-0.9730972898709179,0.19624322881300602,-0.16273680928804007
2026-05-20 12:41:00,2.76535766060301,2.7642350635137007,-0.0001117009202884156,-0.9758738587061492,0.1954126132196371,-0.16574369073908965
2026-05-20 12:42:00,2.758571035602139,2.7574728691666115,-0.0001136837448641644,-0.9787007083432866,0.1945669560333567,-0.1686858389543793
2026-05-20 12:43:00,2.7516667499117484,2.750593014130001,-0.00011562294327244945,-0.981576744540349,0.19370658459863427,-0.17156325393390356
2026-05-20 12:44:00,2.7446474211018854,2.7435981159739176,-0.00011751851551326335,-0.9845008730553553,0.1928318262599394,-0.17437593567765144
2026-05-20 12:45:00,2.7375156667425964,2.7364907922684094,-0.0001193704615866135,-0.9874719996463238,0.1919430083617417,-0.17712388418563388
2026-05-20 12:46:00,2.73027410440393,2.729273660583524,-0.0001211787814925036,-0.9904890300712735,0.19104045824851068,-0.17980709945785642
2026-05-20 12:47:00,2.722925351655934,2.721949338489309,-0.00012294347523092626,-0.9935508700882233,0.1901245032647159,-0.18242558149430807
2026-05-20 12:48:00,2.7154720260686585,2.714520443555813,-0.00012466454280188148,-0.9966564254551915,0.18919547075482696,-0.18497933029498884
2026-05-20 12:49:00,2.7079167452121484,2.706989593353083,-0.00012634198420537294,-0.9998046019301972,0.18825368806331336,-0.18746834585990416
2026-05-20 12:50:00,2.700262126656452,2.699359405451168,-0.00012797579944139696,-1.0029943052712589,0.1872994825346447,-0.1898926281890486
2026-05-20 12:51:00,2.69251078797162,2.6916324974201156,-0.00012956598850995352,-1.0062244412363952,0.1863331815132906,-0.19225217728242214
2026-05-20 12:52:00,2.684665346727697,2.6838114868299736,-0.00013111255141105374,-1.009493915583625,0.1853551123437206,-0.19454699314004123
2026-05-20 12:53:00,2.6767284204947317,2.675898991250789,-0.00013261548814469021,-1.0128016340709673,0.18436560237040403,-0.19677707576189493
2026-05-20 12:54:00,2.6687026268427734,2.667897628252611,-0.00013407479871085554,-1.0161465024564407,0.1833649789378107,-0.19894242514797225
2026-05-20 12:55:00,2.6605905833418686,2.6598100154054864,-0.00013549048310954973,-1.0195274264980636,0.1823535693904101,-0.2010430412982732
2026-05-20 12:56:00,2.6523949075620665,2.651638770279465,-0.00013686254134078388,-1.0229433119538547,0.18133170107267188,-0.20307892421281423
2026-05-20 12:57:00,2.644118217073414,2.6433865104445924,-0.00013819097340455794,-1.0263930645818333,0.1802997013290654,-0.20505007389159527
2026-05-20 12:58:00,2.635763129445959,2.635055853470918,-0.0001394757793008646,-1.0298755901400176,0.17925789750406038,-0.2069564903346055
2026-05-20 12:59:00,2.6273322622497486,2.6266494169284886,-0.00014071695902970378,-1.0333897943864268,0.17820661694212628,-0.20879817354184477
2026-05-20 13:00:00,2.6188282330548325,2.6181698183873534,-0.00014191451259107553,-1.036934583079079,0.17714618698773274,-0.21057512351331317
2026-05-20 13:01:00,2.6102536594312595,2.6096196754175596,-0.00014306843998498724,-1.0405088619759932,0.17607693498534935,-0.21228734024902168
2026-05-20 13:02:00,2.601611158949074,2.601001605589155,-0.0001441787412114315,-1.0441115368351885,0.17499918827944552,-0.21393482374895928
2026-05-20 13:03:00,2.592903349178326,2.592318226472188,-0.0001452454162704083,-1.0477415134146832,0.17391327421449093,-0.21551757401312593
2026-05-20 13:04:00,2.584132847689063,2.583572155636706,-0.00014626846516192505,-1.0513976974724961,0.1728195201349551,-0.21703559104153272
2026-05-20 13:05:00,2.5753022720513337,2.574766010652757,-0.00014724788788597805,-1.0550789947666461,0.17171825338530758,-0.21848887483417406
2026-05-20 13:06:00,2.5664142398351855,2.5659024090903886,-0.00014818368444255992,-1.0587843110551518,0.17060980131001796,-0.21987742539103905
2026-05-20 13:07:00,2.557471368610666,2.5569839685196496,-0.00014907585483167802,-1.0625125520960317,0.16949449125355584,-0.2212012427121386
2026-05-20 13:08:00,2.548476275947823,2.548013306510587,-0.0001499243990533324,-1.066262623647305,0.16837265056039064,-0.22246032679747277
2026-05-20 13:09:00,2.5394315794167053,2.5389930406332497,-0.00015072931710752673,-1.0700334314669901,0.167244606574992,-0.22365467764704702
2026-05-20 13:10:00,2.530339896587359,2.529925788457684,-0.0001514906089942536,-1.0738238813131062,0.1661106866418294,-0.22478429526085034
2026-05-20 13:11:00,2.5212038450298335,2.5208141675539393,-0.0001522082747135056,-1.0776328789436713,0.16497121810537257,-0.22584917963887177
2026-05-20 13:12:00,2.5120260423141776,2.5116607954920633,-0.0001528823142652939,-1.0814593301167046,0.16382652831009095,-0.22684933078112784
2026-05-20 13:13:00,2.502809106010438,2.502468289842104,-0.00015351272764962582,-1.0853021405902243,0.16267694460045423,-0.22778474868762946
2026-05-20 13:14:00,2.4935556536886616,2.4932392681741082,-0.0001540995148664977,-1.08916021612225,0.16152279432093178,-0.22865543335837116
2026-05-20 13:15:00,2.4842683029188977,2.4839763480581243,-0.00015464267591589105,-1.0930324624708,0.16036440481599315,-0.2294613847933255
2026-05-20 13:16:00,2.4749496712711943,2.4746821470642013,-0.00015514221079782065,-1.0969177853938927,0.15920210343010816,-0.23020260299251444
2026-05-20 13:17:00,2.465602376315598,2.465359282762386,-0.0001555981195122865,-1.100815090649547,0.15803621750774619,-0.23087908795593798
2026-05-20 13:18:00,2.456229035622157,2.456010372722727,-0.00015601040205929598,-1.104723283995782,0.1568670743933768,-0.23149083968360706
2026-05-20 13:19:00,2.4468322667609215,2.4466380345152703,-0.00015637905843883803,-1.1086412711906164,0.15569500143146942,-0.23203785817550526
2026-05-20 13:20:00,2.437414687301937,2.4372448857100664,-0.00015670408865090153,-1.1125679579920682,0.15452032596649393,-0.2325201434316161
2026-05-20 13:21:00,2.4279789148152524,2.427833543877162,-0.0001569854926955124,-1.1165022501581567,0.15334337534291967,-0.232937695451978
2026-05-20 13:22:00,2.4185275668709147,2.418406626586605,-0.0001572232705726558,-1.120443053446901,0.15216447690521614,-0.23329051423656896
2026-05-20 13:23:00,2.409063261038973,2.4089667514084434,-0.00015741742228233177,-1.124389273616319,0.15098395799785308,-0.23357859978538908
2026-05-20 13:24:00,2.3995886148894736,2.399516535912725,-0.00015756794782454398,-1.1283398164244298,0.1498021459653,-0.23380195209844376
2026-05-20 13:25:00,2.3901062459924667,2.390058597669498,-0.00015767484719929613,-1.1322935876292521,0.14861936815202642,-0.2339605711757385
2026-05-20 13:26:00,2.3806187719179976,2.3805955542488095,-0.00015773812040657716,-1.1362494929888052,0.14743595190250178,-0.2340544570172569
2026-05-20 13:27:00,2.371128810236116,2.371130023220709,-0.00015775776744638703,-1.1402064382611068,0.14625222456119588,-0.2340836096229989
2026-05-20 13:28:00,2.3616389785168694,2.361664622155243,-0.00015773378831874426,-1.144163329204176,0.14506851347257824,-0.23404802899299196
2026-05-20 13:29:00,2.352151894330306,2.3522019686224596,-0.00015766618302363034,-1.148119071576032,0.14388514598111818,-0.23394771512720863
2026-05-20 13:30:00,2.3426701752464734,2.3427446801924074,-0.00015755495156105265,-1.1520725711346929,0.14270244943128557,-0.23378266802565986
2026-05-20 13:31:00,2.3331964388354187,2.3332953744351332,-0.00015740009393101125,-1.156022733638178,0.14152075116754967,-0.23355288768834573
2026-05-20 13:32:00,2.3237333026671907,2.323856668920686,-0.00015720161013350238,-1.1599684648445057,0.14034037853438028,-0.23325837411526068
2026-05-20 13:33:00,2.314283384311838,2.314431181219113,-0.00015695950016852606,-1.1639086705116948,0.13916165887624682,-0.23289912730640472
2026-05-20 13:34:00,2.304849301339407,2.305021528900463,-0.00015667376403608602,-1.1678422563977635,0.13798491953761904,-0.2324751472617834
2026-05-20 13:35:00,2.295433671319947,2.2956303295347826,-0.00015634440173618592,-1.1717681282607315,0.13681048786296623,-0.23198643398140215
2026-05-20 13:36:00,2.2860391118235035,2.2862602006921207,-0.00015597141326881465,-1.1756851918586169,0.13563869119675814,-0.23143298746524446
2026-05-20 13:37:00,2.2766682404201277,2.276913759942525,-0.00015555479863398335,-1.1795923529494385,0.13446985688346424,-0.23081480771332688
2026-05-20 13:38:00,2.2673236746798655,2.2675936248560427,-0.0001550945578316809,-1.1834885172912153,0.1333043122675541,-0.23013189472563292
2026-05-20 13:39:00,2.258008032172765,2.258302413002723,-0.0001545906908619147,-1.1873725906419654,0.1321423846934974,-0.22938424850217354
2026-05-20 13:40:00,2.248723930468874,2.249042741952613,-0.00015404319772468849,-1.1912434787597084,0.13098440150576351,-0.2285718690429543
2026-05-20 13:41:00,2.239473987138241,2.2398172292757605,-0.0001534520784199948,-1.1951000874024624,0.12983069004882208,-0.2276947563479641
2026-05-20 13:42:00,2.2302608197509137,2.2306284925422135,-0.00015281733294783735,-1.1989413223282464,0.1286815776671427,-0.22675291041720846
2026-05-20 13:43:00,2.2210870458769403,2.22147914932202,-0.00015213896130820878,-1.202766089295079,0.12753739170519482,-0.2257463312506765
2026-05-20 13:44:00,2.211955283086368,2.2123718171852285,-0.00015141696350112014,-1.206573294060979,0.12639845950744813,-0.22467501884838462
2026-05-20 13:45:00,2.202868148949245,2.2033091137018856,-0.00015065133952656777,-1.210361842383965,0.12526510841837213,-0.22353897321032729
2026-05-20 13:46:00,2.1938282610356192,2.1942936564420403,-0.00014984208938454425,-1.214130640022056,0.12413766578243637,-0.2223381943364936
2026-05-20 13:47:00,2.1848382369155384,2.1853280629757403,-0.00014898921307506067,-1.2178785927332703,0.12301645894411047,-0.22107268222689996
2026-05-20 13:48:00,2.1759006941590506,2.176414950873033,-0.00014809271059811334,-1.2216046062756272,0.12190181524786384,-0.21974243688154094
2026-05-20 13:49:00,2.167018250336204,2.1675569377039667,-0.00014715258195369119,-1.225307586407145,0.12079406203816617,-0.21834745830040006
2026-05-20 13:50:00,2.1581935230170464,2.15875664103859,-0.00014616882714180897,-1.228986438885842,0.11969352665948715,-0.21688774648349923
2026-05-20 13:51:00,2.149429129771626,2.1500166784469497,-0.0001451414461624704,-1.232640069469738,0.11860053645629605,-0.21536330143084398
2026-05-20 13:52:00,2.1407276881699895,2.1413396674990937,-0.0001440704390156607,-1.2362673839168512,0.11751541877306251,-0.21377412314241234
2026-05-20 13:53:00,2.1320918157821858,2.1327282257650704,-0.00014295580570138354,-1.2398672879852002,0.1164385009542562,-0.2121202116182098
2026-05-20 13:54:00,2.123524130178262,2.1241849708149276,-0.00014179754621964266,-1.243438687432804,0.11537011034434654,-0.21040156685824188
2026-05-20 13:55:00,2.115027248928268,2.1157125202187133,-0.0001405956605704343,-1.2469804880176811,0.11431057428780322,-0.20861818886250302
2026-05-20 13:56:00,2.106603789602249,2.1073134915464755,-0.0001393501487537659,-1.2504915954978502,0.11326022012909578,-0.20677007763100427
2026-05-20 13:57:00,2.0982563697702554,2.0989905023682613,-0.00013806101076963007,-1.2539709156313303,0.11221937521269366,-0.20485723316373464
2026-05-20 13:58:00,2.089987607002333,2.09074617025412,-0.00013672824661802306,-1.2574173541761398,0.1111883668830666,-0.20287965546068856
2026-05-20 13:59:00,2.0818001188685313,2.0825831127740986,-0.00013535185629895974,-1.2608298168902974,0.11016752248468407,-0.20083734452188812
2026-05-20 14:00:00,2.0736965229388966,2.0745039474982447,-0.00013393183981243265,-1.2642072095318222,0.1091571693620156,-0.19873030034732223
2026-05-20 14:01:00,2.0656794367834785,2.0665112919966067,-0.00013246819715843441,-1.267548437858733,0.10815763485953069,-0.19655852293697995
2026-05-20 14:02:00,2.057751477972324,2.0586077638392326,-0.00013096092833696875,-1.270852407629048,0.10716924632169905,-0.1943220122908668
2026-05-20 14:03:00,2.049915264075481,2.0507959805961704,-0.00012941003334804302,-1.2741180246007862,0.10619233109299016,-0.1920207684089937
2026-05-20 14:04:00,2.042173412662998,2.0430785598374674,-0.00012781551219164983,-1.2773441945319663,0.10522721651787358,-0.1896547912913497
2026-05-20 14:05:00,2.0345285413049217,2.0354581191331724,-0.00012617736486779662,-1.280529823180607,0.10427422994081892,-0.18722408093794582
2026-05-20 14:06:00,2.0269832675713015,2.027937276053332,-0.00012449559137647597,-1.2836738163047274,0.10333369870629561,-0.18472863734877104
2026-05-20 14:07:00,2.0195402090321837,2.0205186481679953,-0.00012277019171768043,-1.2867750796623456,0.10240595015877338,-0.18216846052381436
2026-05-20 14:08:00,2.0122019832576186,2.01320485304721,-0.00012100116589143228,-1.2898325190114808,0.10149131164272167,-0.17954355046310874
2026-05-20 14:09:00,2.0049712078176514,2.0059985082610234,-0.00011918851389771853,-1.2928450401101514,0.10059011050261009,-0.176853907166635
2026-05-20 14:10:00,1.9978505002823317,1.998902231379484,-0.00011733223573653361,-1.2958115487163766,0.09970267408290813,-0.17409953063438482
2026-05-20 14:11:00,1.990842478221707,1.9919186399726394,-0.00011543233140788311,-1.2987309505881746,0.09882932972808547,-0.17128042086636652
2026-05-20 14:12:00,1.9839497592058246,1.985050351610538,-0.00011348880091177071,-1.301602151483564,0.09797040478261167,-0.16839657786258555
2026-05-20 14:13:00,1.9771749608047329,1.978299983863227,-0.00011150164424819828,-1.3044240571605643,0.09712622659095613,-0.16544800162304468
2026-05-20 14:14:00,1.9705207005884797,1.9716701543007542,-0.00010947086141715283,-1.3071955733771943,0.09629712249758834,-0.16243469214772466
2026-05-20 14:15:00,1.9639895961271137,1.9651634804931686,-0.00010739645241864179,-1.3099156058914714,0.09548341984697828,-0.1593566494366365
2026-05-20 14:16:00,1.957584264990682,1.9587825800105172,-0.00010527841725266885,-1.3125830604614155,0.09468544598359513,-0.15621387348978563
2026-05-20 14:17:00,1.9513073247492323,1.9525300704228483,-0.00010311675591923031,-1.3151968428450447,0.09390352825190866,-0.15300636430716666
2026-05-20 14:18:00,1.9451613929728129,1.9464085693002096,-0.00010091146841832988,-1.3177558588003784,0.09313799399638822,-0.149734121888785
2026-05-20 14:19:00,1.9391490872314723,1.9404206942126487,-9.866255474996015e-05,-1.3202590140854347,0.09238917056150359,-0.1463971462346297
2026-05-20 14:20:00,1.9332730250952572,1.9345690627302143,-9.637001491412481e-05,-1.3227052144582325,0.0916573852917242,-0.14299543734470624
2026-05-20 14:21:00,1.9275358241342164,1.9288562924229538,-9.403384891082759e-05,-1.325093365676791,0.09094296553151957,-0.13952899521902012
2026-05-20 14:22:00,1.9219401019183973,1.923285000860915,-9.165405674006293e-05,-1.3274223734991284,0.09024623862535931,-0.13599781985756312
2026-05-20 14:23:00,1.916488476017848,1.9178578056141462,-8.92306384018345e-05,-1.3296911436832632,0.08956753191771312,-0.1324019112603407
2026-05-20 14:24:00,1.911183564002616,1.9125773242526949,-8.676359389613863e-05,-1.331898581987215,0.08890717275305032,-0.1287412694273474
2026-05-20 14:25:00,1.90602798344275,1.9074461743466096,-8.425292322297903e-05,-1.3340435941690014,0.08826548847584069,-0.12501589435858868
2026-05-20 14:26:00,1.9010243519082972,1.9024669734659374,-8.169862638235751e-05,-1.336125085986642,0.08764280643055364,-0.12122578605406728
2026-05-20 14:27:00,1.8961752869693065,1.8976423391807267,-7.910070337426855e-05,-1.3381419631981555,0.08703945396165873,-0.117370944513775
2026-05-20 14:28:00,1.8914834061958243,1.8929748890610252,-7.645915419871216e-05,-1.34009313156156,0.08645575841362563,-0.11345136973771183
2026-05-20 14:29:00,1.8869513271579001,1.8884672406768812,-7.3773978855692e-05,-1.3419774968348748,0.08589204713092383,-0.10946706172588323
2026-05-20 14:30:00,1.8825816674255802,1.8841220115983421,-7.10451773452081e-05,-1.3437939647761186,0.08534864745802281,-0.10541802047828923
2026-05-20 14:31:00,1.8783770445689139,1.8799418193954562,-6.827274966725861e-05,-1.34554144114331,0.0848258867393922,-0.10130424599492709
2026-05-20 14:32:00,1.8743400761579483,1.875929281638271,-6.545669582184351e-05,-1.3472188316944675,0.08432409231950162,-0.09712573827579678
2026-05-20 14:33:00,1.870473379762732,1.872087015896835,-6.259701580896282e-05,-1.34882504218761,0.08384359154282062,-0.09288249732089832
2026-05-20 14:34:00,1.866779572953312,1.8684176397411956,-5.969370962861838e-05,-1.3503589783807564,0.08338471175381867,-0.08857452313023445
2026-05-20 14:35:00,1.8632612732997367,1.8649237707414008,-5.674677728080835e-05,-1.3518195460319253,0.08294778029696535,-0.08420181570380245
2026-05-20 14:36:00,1.8599210983720544,1.8616080264674986,-5.375621876553086e-05,-1.3532056508991352,0.08253312451673031,-0.07976437504159951
2026-05-20 14:37:00,1.8567616657403125,1.858473024489537,-5.072203408278964e-05,-1.3545161987404053,0.082141071757583,-0.0752622011436312
2026-05-20 14:38:00,1.8537855929745584,1.8555213823775638,-4.764422323258651e-05,-1.355750095313754,0.08177194936399303,-0.07069529400990021
2026-05-20 14:39:00,1.8509954976448406,1.8527557177016267,-4.452278621491594e-05,-1.3569062463772,0.08142608468043,-0.06606365364039833
2026-05-20 14:40:00,1.8483939973212076,1.850178648031774,-4.135772302977976e-05,-1.3579835576887622,0.08110380505136335,-0.061367280035128285
2026-05-20 14:41:00,1.8459837095737064,1.8477927909380532,-3.814903367717985e-05,-1.3589809350064594,0.08080543782126269,-0.05660617319409284
2026-05-20 14:42:00,1.8437672519723851,1.8456007639905123,-3.4896718157112486e-05,-1.35989728408831,0.0805313103345977,-0.051780333117286505
2026-05-20 14:43:00,1.841747242087292,1.8436051847591997,-3.160077646957952e-05,-1.360731510692333,0.08028174993583774,-0.046889759804712
2026-05-20 14:44:00,1.8399262974884742,1.8418086708141628,-2.8261208614582812e-05,-1.3614825205765468,0.08005708396945257,-0.041934453256372094
2026-05-20 14:45:00,1.8383070357459808,1.8402138397254497,-2.4878014592124206e-05,-1.3621492194989706,0.0798576397799116,-0.03691441347226953
2026-05-20 14:46:00,1.836892074429859,1.8388233090631079,-2.14511944021963e-05,-1.3627305132176228,0.07968374471168443,-0.03182964045239332
2026-05-20 14:47:00,1.8356840311101563,1.8376396963971862,-1.79807480448065e-05,-1.363225307490522,0.07953572610924071,-0.026680134196754447
2026-05-20 14:48:00,1.8346855233569213,1.836665619297731,-1.4466675519951103e-05,-1.3636325080756877,0.07941391131704978,-0.02146589470534742
2026-05-20 14:49:00,1.833899168740202,1.835903695334792,-1.0908976827624557e-05,-1.3639510207311378,0.07931862767958138,-0.016186921978164
2026-05-20 14:50:00,1.8333275848300454,1.8353565420784161,-7.307651967839816e-06,-1.3641797512148914,0.07925020254130502,-0.010843216015223416
2026-05-20 14:51:00,1.8329733891965003,1.8350267770986513,-3.662700940589477e-06,-1.364317605284967,0.07920896324669029,-0.005434776816514677
2026-05-20 14:52:00,1.8328391994096136,1.8349170179655454,2.587625413016011e-08,-1.3643634886993836,0.0791952371402067,3.8395617967707456e-05
2026-05-20 14:53:00,1.8329276330394344,1.8350298822491469,3.7576327072241787e-06,-1.3643163072161595,0.07920935156632392,0.005575638157046078
2026-05-20 14:54:00,1.8332413076560106,1.8353679338904123,7.529886964156389e-06,-1.3641749890122756,0.07925162716283836,0.011172972013703913
2026-05-20 14:55:00,1.8337828408293888,1.8359334686848456,1.1337723024940071e-05,-1.3639385743595203,0.07932235103418195,0.01682310274507209
2026-05-20 14:56:00,1.8345548501296176,1.8367284606534051,1.5175777980504698e-05,-1.363606238043452,0.07942177004474868,0.02251807277712031
2026-05-20 14:57:00,1.835559953126746,1.8377545620425062,1.9038688921779734e-05,-1.3631772893633987,0.07955009081889494,0.028249924535818267
2026-05-20 14:58:00,1.8368007673908204,1.8390131033240187,2.292109293968725e-05,-1.3626511721324592,0.07970747974093907,0.03401070044712468
2026-05-20 14:59:00,1.8382799104918888,1.8405050931952687,2.681762712515486e-05,-1.362027464677501,0.07989406295516202,0.0397924429370065
2026-05-20 15:00:00,1.84,1.8422312185790373,3.072292856910648e-05,-1.361305879839162,0.08010992636580679,0.04558719443142517
2026-05-20 15:01:00,1.8419628490488402,1.8441918446235614,3.463163436246974e-05,-1.3604862649718503,0.08035511563707848,0.05138699735634767
2026-05-20 15:02:00,1.8441670530266525,1.8463870147025336,3.853838159617225e-05,-1.3595686019437436,0.0806296361931446,0.05718389413774095
2026-05-20 15:03:00,1.8466104028853176,1.8488164504151021,4.2437807361139776e-05,-1.3585530071367888,0.08093345321813504,0.06296992720156919
2026-05-20 15:04:00,1.8492906895767174,1.8514795515858704,4.632454874829254e-05,-1.3574397314467035,0.0812664916561417,0.06873713897378837
2026-05-20 15:05:00,1.852205704052734,1.8543753962648972,5.019324284856926e-05,-1.356229160282975,0.08162863621121876,0.07447757188038194
2026-05-20 15:06:00,1.8553532372652484,1.8575027407276987,5.4038526752886454e-05,-1.35492181356886,0.08201973134738275,0.08018326834730036
2026-05-20 15:07:00,1.8587310801661419,1.8608600194752436,5.7855037552169884e-05,-1.3535183457413862,0.08243958128861222,0.08584627080050782
2026-05-20 15:08:00,1.8623370237072963,1.864445345233959,6.163785924644764e-05,-1.3520195457513493,0.08288795001884833,0.09145928479715718
2026-05-20 15:09:00,1.8661688588405938,1.8682565625848173,6.538431038116318e-05,-1.3504263146443547,0.08336456798866713,0.09701833155020172
2026-05-20 15:10:00,1.8702243765179147,1.8722914624796987,6.909394404724193e-05,-1.3487395758849696,0.08386915894197167,0.10252274792849397
2026-05-20 15:11:00,1.8745013676911408,1.8765478358704863,7.276676024468205e-05,-1.3469602529377596,0.08440144662266541,0.1079725339320312
2026-05-20 15:12:00,1.8789976233121544,1.8810234737090605,7.6402758973478e-05,-1.3450892692672922,0.08496115477465126,0.11336768956080516
2026-05-20 15:13:00,1.8837109343328362,1.8857161669473037,8.00019402336316e-05,-1.3431275483381333,0.08554800714183264,0.11870821481481861
2026-05-20 15:14:00,1.8886390917050684,1.8906237065370963,8.356430402514103e-05,-1.34107601361485,0.08616172746811257,0.1239941096940688
2026-05-20 15:15:00,1.893779886380732,1.8957438834303206,8.708985034801738e-05,-1.338935588562009,0.0868020394973943,0.1292253741985722
2026-05-20 15:16:00,1.8991311093117085,1.9010744885788584,9.05785792022514e-05,-1.3367071966441761,0.0874686669735811,0.1344020083283151
2026-05-20 15:17:00,1.9046905514498798,1.9066133129345908,9.403049058783937e-05,-1.334391761325919,0.08816133364057595,0.13952401208329193
2026-05-20 15:18:00,1.9104560037471272,1.9123581474493991,9.744558450478317e-05,-1.3319902060718039,0.08887976324228218,0.14459138546350556
2026-05-20 15:19:00,1.9164252571553326,1.9183067830751648,0.00010082386095309389,-1.3295034543463973,0.08962367952260293,0.14960412846897236
2026-05-20 15:20:00,1.922596102626377,1.9244570107637704,0.00010416531993276042,-1.3269324296142655,0.0903928062254415,0.15456224109967592
2026-05-20 15:21:00,1.9289663311121419,1.930806621467096,0.00010746996144378277,-1.3242780553399762,0.09118686709470078,0.1594657233556162
2026-05-20 15:22:00,1.9355337335645089,1.9373534061370243,0.00011073778548616834,-1.321541254988095,0.09200558587428428,0.1643145752368042
2026-05-20 15:23:00,1.9422961009353608,1.9440951557254362,0.00011396879205990973,-1.3187229520231887,0.09284868630809506,0.16910879674322896
2026-05-20 15:24:00,1.9492512241765767,1.9510296611842135,0.00011716298116501248,-1.3158240699098243,0.09371589214003624,0.17384838787489867
2026-05-20 15:25:00,1.9563968942400396,1.9581547134652377,0.00012032035280147106,-1.3128455321125678,0.09460692711401117,0.17853334863180514
2026-05-20 15:26:00,1.963730902077631,1.96546810352039,0.0001234409069692873,-1.3097882620959864,0.09552151497392289,0.18316367901395106
2026-05-20 15:27:00,1.9712510386412325,1.9729676223015522,0.0001265246436684649,-1.3066531833246466,0.0964593794636746,0.18773937902134194
2026-05-20 15:28:00,1.9789550948827253,1.9806510607606058,0.00012957156289900202,-1.303441219263115,0.09742024432716948,0.1922604486539751
2026-05-20 15:29:00,1.986840861753991,1.9885162098494324,0.00013258166466089866,-1.300153293375958,0.09840383330831082,0.19672688791185045
2026-05-20 15:30:00,1.9949061302069109,1.9965608605199137,0.00013555494895414744,-1.2967903291277425,0.09940987015100171,0.20113869679495708
2026-05-20 15:31:00,2.0031486911933674,2.00478280372393,0.0001384914157787594,-1.2933532499830351,0.1004380785991453,0.2054958753033114
2026-05-20 15:32:00,2.011566335665241,2.013179830413365,0.00014139106513473646,-1.2898429794064021,0.10148818239664492,0.2097984234369162
2026-05-20 15:33:00,2.0201568545744135,2.0217497315400985,0.00014425389702206562,-1.2862604408624103,0.10255990528740369,0.21404634119575225
2026-05-20 15:34:00,2.0289180388727663,2.0304902980560127,0.0001470799114407506,-1.2826065578156265,0.10365297101532472,0.218239628579825
2026-05-20 15:35:00,2.037847679512182,2.0393993209129886,0.0001498691083907951,-1.2788822537306173,0.10476710332431124,0.22237828558914002
2026-05-20 15:36:00,2.0469435674445404,2.048474591062908,0.00015262148787220282,-1.275088452071949,0.10590202595826648,0.22646231222370272
2026-05-20 15:37:00,2.0562034936217244,2.057713899457653,0.00015533704988496638,-1.2712260763041885,0.10705746266109357,0.23049170848350223
2026-05-20 15:38:00,2.0656252489956146,2.067115037049104,0.00015801579442908942,-1.2672960498919024,0.1082331371766957,0.2344664743685439
2026-05-20 15:39:00,2.0752066245180933,2.0766757947891437,0.000160657721504572,-1.263299296299657,0.10942877324897617,0.23838660987882782
2026-05-20 15:40:00,2.084945411141042,2.0863939636296527,0.00016326283111141408,-1.2592367389920194,0.11064409462183798,0.24225211501435392
2026-05-20 15:41:00,2.0948393998163417,2.0962673345225133,0.0001658311232496157,-1.255109301433556,0.11187882503918442,0.2460629897751223
2026-05-20 15:42:00,2.104886381495873,2.1062936984196066,0.00016836259791916942,-1.2509179070888332,0.11313268824491869,0.24981923416112192
2026-05-20 15:43:00,2.11508414713152,2.1164708462728137,0.00017085725512008636,-1.246663479422418,0.11440540798294391,0.25352084817236925
2026-05-20 15:44:00,2.1254304876751617,2.126796569034017,0.0001733150948523628,-1.2423469418988768,0.11569670799716333,0.2571678318088588
2026-05-20 15:45:00,2.1359231940786816,2.137268657655097,0.0001757361171159988,-1.2379692179827766,0.11700631203148003,0.2607601850705906
2026-05-20 15:46:00,2.14656005729396,2.147884903087937,0.00017812032191099058,-1.2335312311386832,0.1183339438297974,0.26429790795755914
2026-05-20 15:47:00,2.1573388682728787,2.158643096284416,0.0001804677092373419,-1.229033904831164,0.1196793271360184,0.2677810004697699
2026-05-20 15:48:00,2.1682574179673195,2.169541028196418,0.00018277827909505274,-1.2244781625247854,0.12104218569404633,0.2712094626072229
2026-05-20 15:49:00,2.1793134973291637,2.1805764897758224,0.0001850520314841231,-1.2198649276841138,0.12242224324778436,0.2745832943699181
2026-05-20 15:50:00,2.190504897310292,2.1917472719745126,0.00018728896640455295,-1.215195123773716,0.1238192235411357,0.2779024957578555
2026-05-20 15:51:00,2.2018294088625874,2.2030511657443688,0.00018948908385633492,-1.2104696742581584,0.12523285031800352,0.2811670667710242
2026-05-20 15:52:00,2.213284822937931,2.2144859620372728,0.00019165238383948014,-1.2056895026020082,0.1266628473222909,0.2843770074094406
2026-05-20 15:53:00,2.2248689304882037,2.2260494518051064,0.00019377886635398855,-1.2008555322698315,0.12810893829790118,0.2875323176731047
2026-05-20 15:54:00,2.236579522465288,2.2377394259997514,0.00019586853139985278,-1.195968686726195,0.12957084698873753,0.29063299756200556
2026-05-20 15:55:00,2.2484143898210633,2.2495536755730887,0.00019792137897706915,-1.1910298894356652,0.13104829713870306,0.2936790470761377
2026-05-20 15:56:00,2.2603713235074148,2.2614899914769997,0.00019993740908564873,-1.1860400638628092,0.13254101249170094,0.2966704662155175
2026-05-20 15:57:00,2.2724481144762207,2.2735461646633666,0.0002019166217255915,-1.1810001334721931,0.13404871679163446,0.299607254980145
2026-05-20 15:58:00,2.284642553679364,2.2857199860840707,0.00020385901689689382,-1.175911021728384,0.1355711337824067,0.3024894133700148
2026-05-20 15:59:00,2.296952432068725,2.298009246690994,0.00020576459459955196,-1.1707736520959477,0.137107987207921,0.30531694138512133
2026-05-20 16:00:00,2.309375540596187,2.310411737436017,0.0002076333548335622,-1.1655889480394517,0.13865900081208038,0.30808983902545906
2026-05-20 16:01:00,2.3219096702136315,2.3229252492710213,0.00020946529759893195,-1.1603578330234623,0.14022389833878804,0.310808106291039
2026-05-20 16:02:00,2.334552611872938,2.3355475731478887,0.00021126042289566863,-1.1550812305125462,0.14180240353194723,0.3134717431818722
2026-05-20 16:03:00,2.3473021565259895,2.3482765000185015,0.00021301873072376113,-1.1497600639712697,0.14339424013546112,0.31608074969794214
2026-05-20 16:04:00,2.3601560951246667,2.36110982083474,0.00021474022108320575,-1.1443952568642,0.14499913189323285,0.3186351258392433
2026-05-20 16:05:00,2.373112218620853,2.374045326548486,0.0002164248939740173,-1.1389877326559033,0.14661680254916565,0.3211348716057977
2026-05-20 16:06:00,2.3861683179664275,2.387080808111622,0.00021807274939619203,-1.133538414810946,0.14824697584716276,0.32357998699759977
2026-05-20 16:07:00,2.399322184113274,2.4002140564760293,0.00021968378734971521,-1.128048226793895,0.14988937553112733,0.32597047201462764
2026-05-20 16:08:00,2.412571608013272,2.413442862593588,0.00022125800783459788,-1.1225180920693172,0.15154372534496244,0.3283063266568977
2026-05-20 16:09:00,2.425914380618304,2.426765017416181,0.00022279541085084748,-1.1169489341017789,0.15320974903257137,0.330587550924421
2026-05-20 16:10:00,2.439348292880251,2.4401783118956897,0.0002242959963984455,-1.1113416763558464,0.1548871703378574,0.33281414481717003
2026-05-20 16:11:00,2.452871135750995,2.4536805369839945,0.00022575976447740306,-1.1056972422960871,0.15657571300472345,0.33498610833516135
2026-05-20 16:12:00,2.466480700182418,2.467269483632978,0.00022718671508772752,-1.1000165553870673,0.15827510077707285,0.3371034414784058
2026-05-20 16:13:00,2.4801747771264013,2.4809429427945218,0.0002285768482294041,-1.0943005390933531,0.15998505739880894,0.3391661442468815
2026-05-20 16:14:00,2.493951157534825,2.4946987054205065,0.00022993016390244388,-1.088550116879512,0.16170530661383467,0.341174216640605
2026-05-20 16:15:00,2.507807632359573,2.508534562462815,0.0002312466621068432,-1.0827662122101098,0.16343557216605337,0.3431276586595707
2026-05-20 16:16:00,2.5217419925525246,2.5224483048733277,0.0002325263428425946,-1.0769497485497137,0.16517557779936812,0.34502647030376754
2026-05-20 16:17:00,2.535752029065563,2.5364377236039264,0.00023376920610970926,-1.07110164936289,0.1669250472576822,0.3468706515732122
2026-05-20 16:18:00,2.5498355328505675,2.550500609606493,0.00023497525190818342,-1.0652228381142055,0.16868370428489873,0.348660202467899
2026-05-20 16:19:00,2.563990294859422,2.5646347538329084,0.00023614448023801343,-1.0593142382682266,0.170451272624921,0.3503951229878227
2026-05-20 16:20:00,2.578214106044008,2.5788379472350544,0.00023727689109920663,-1.05337677328952,0.17222747602165206,0.352075413132994
2026-05-20 16:21:00,2.5925047573562057,2.593107980764813,0.00023837248449175562,-1.0474113666426526,0.17401203821899516,0.353701072903402
2026-05-20 16:22:00,2.6068600397478963,2.607442645374065,0.00023943126041566046,-1.0414189417921906,0.1758046829608535,0.3552721022990468
2026-05-20 16:23:00,2.6212777441709627,2.6218397320146924,0.0002404532188709248,-1.035400422202701,0.17760513399113023,0.35678850131993384
2026-05-20 16:24:00,2.635755661577286,2.636297031638576,0.00024143835985755238,-1.0293567313387504,0.17941311505372842,0.35825026996606857
2026-05-20 16:25:00,2.6502915829187477,2.6508123351975987,0.00024238668337553949,-1.0232887926649048,0.18122834989255157,0.3596574082374456
2026-05-20 16:26:00,2.6648832991472284,2.665383433643641,0.0002432981894248787,-1.0171975296457314,0.18305056225150265,0.3610099161340538
2026-05-20 16:27:00,2.679528601214611,2.680008117928584,0.00024417287800558113,-1.0110838657457968,0.18487947587448486,0.36230779365590976
2026-05-20 16:28:00,2.694225280072776,2.6946841790043106,0.00024501074911764307,-1.0049487244296675,0.18671481450540137,0.3635510408030079
2026-05-20 16:29:00,2.7089711266736063,2.7094094078227013,0.0002458118027610534,-0.9987930291619102,0.18855630188815542,0.3647396575753318
2026-05-20 16:30:00,2.7237639319689815,2.724181595335637,0.0002465760389358344,-0.9926177034070918,0.19040366176665002,0.36587364397291444
2026-05-20 16:31:00,2.738601486910784,2.7389985324950015,0.00024730345764197487,-0.9864236706297779,0.19225661788478873,0.3669529999957392
2026-05-20 16:32:00,2.7534815824508962,2.753858010252674,0.0002479940588794638,-0.9802118542945362,0.1941148939864744,0.36797772564378983
2026-05-20 16:33:00,2.768402009541199,2.768757819560537,0.0002486478426483233,-0.9739831778659329,0.1959782138156103,0.3689478209170991
2026-05-20 16:34:00,2.7833605591335733,2.7836957513704728,0.00024926480894853497,-0.9677385648085344,0.19784630111609977,0.36986328581563965
2026-05-20 16:35:00,2.7983550221799014,2.7986695966343613,0.00024984495778010245,-0.9614789385869078,0.19971887963184576,0.370724120339417
2026-05-20 16:36:00,2.813383189632064,2.813677146304085,0.0002503882891430331,-0.9552052226656194,0.2015956731067516,0.371530324488442
2026-05-20 16:37:00,2.828442852441943,2.8287161913315253,0.0002508948030373233,-0.948918340509236,0.2034764052847204,0.3722818982627092
2026-05-20 16:38:00,2.8435318015614213,2.843784522668564,0.00025136449946297306,-0.9426192155823239,0.20536079990965544,0.3729788416622187
2026-05-20 16:39:00,2.858647827942378,2.858879931267082,0.0002517973784199749,-0.93630877134945,0.20724858072545985,0.37362115468695933
2026-05-20 16:40:00,2.8737887225366965,2.874000208078961,0.00025219343990833996,-0.929987931275181,0.20913947147603676,0.3742088373369478
2026-05-20 16:41:00,2.8889522762962567,2.889143144056083,0.0002525526839280682,-0.9236576188240833,0.21103319590528946,0.3747418896121839
2026-05-20 16:42:00,2.904136280172942,2.904306530150329,0.0002528751104791449,-0.9173187574607234,0.2129294777571211,0.3752203115126458
2026-05-20 16:43:00,2.919338525118633,2.9194881573135802,0.0002531607195615848,-0.9109722706496685,0.21482804077543477,0.3756441030383554
2026-05-20 16:44:00,2.9345568020852113,2.934685816497719,0.00025340951117539163,-0.9046190818554846,0.2167286087041338,0.37601326418931824
2026-05-20 16:45:00,2.9497889020245585,2.9498972986546272,0.00025362148532054687,-0.8982601145427384,0.21863090528712137,0.3763277949655068
2026-05-20 16:46:00,2.965032615888555,2.965120394736185,0.00025379664199706167,-0.891896292175997,0.2205346542683005,0.37658769536693765
2026-05-20 16:47:00,2.980285734629084,2.9803528956942746,0.00025393498120494334,-0.8855285382198265,0.22243957939157452,0.37679296539362167
2026-05-20 16:48:00,2.9955460491980257,2.995592592480778,0.0002540365029441771,-0.8791577761387936,0.2243454044008466,0.37694360504553687
2026-05-20 16:49:00,3.0108113505472622,3.010837276047576,0.00025410120721476673,-0.8727849293974652,0.2262518530400199,0.3770396143226889
2026-05-20 16:50:00,3.0260794296286764,3.02608473734655,0.00025412909401672325,-0.8664109214604078,0.2281586490529976,0.37708099322509403
2026-05-20 16:51:00,3.041348077394148,3.0413327673295827,0.00025412016335003195,-0.8600366757921877,0.23006551618368296,0.37706774175273056
2026-05-20 16:52:00,3.056615084795559,3.056579156948554,0.0002540744152146964,-0.8536631158573721,0.231972178175979,0.37699985990560375
2026-05-20 16:53:00,3.0718782427847904,3.0718216971553463,0.0002539918496107315,-0.8472911651205273,0.23387835877378904,0.37687734768373565
2026-05-20 16:54:00,3.0871353423137244,3.0870581789018416,0.00025387246653811867,-0.8409217470462197,0.23578378172101627,0.3767002050870987
2026-05-20 16:55:00,3.102384174334242,3.1022863931399205,0.0002537162659968617,-0.8345557850990163,0.2376881707615638,0.37646843211569864
2026-05-20 16:56:00,3.1176225297982256,3.117504130821465,0.00025352324798697163,-0.8281942027434835,0.23959124963933484,0.3761820287695517
2026-05-20 16:57:00,3.1328481996575572,3.132709182898357,0.0002532934125084337,-0.8218379234441878,0.24149274209823268,0.375840995048636
2026-05-20 16:58:00,3.1480589748641163,3.147899340322477,0.00025302675956125157,-0.8154878706656964,0.2433923718821603,0.37544533095295707
2026-05-20 16:59:00,3.163252646369786,3.1630723940457073,0.00025272328914543264,-0.8091449678725753,0.24528986273502107,0.3749950364825258
2026-05-20 17:00:00,3.1784270051264456,3.178226135019929,0.00025238300126097327,-0.8028101385293914,0.2471849384007181,0.37449011163733686
2026-05-20 17:01:00,3.19357984208598,3.193358354197024,0.0002520058959078697,-0.7964843061007113,0.24907732262315455,0.37393055641738465
2026-05-20 17:02:00,3.20870894820027,3.2084668425288734,0.00025159197308612563,-0.7901683940511017,0.2509667391462336,0.37331637082267455
2026-05-20 17:03:00,3.2238121144211944,3.223549390967359,0.00025114123279574484,-0.783863325845129,0.2528529117138585,0.3726475548532123
2026-05-20 17:04:00,3.238887131700637,3.2386037904643628,0.0002506536750367198,-0.7775700249473598,0.2547355640699324,0.3719241085089867
2026-05-20 17:05:00,3.253931790990478,3.2536278319717655,0.0002501292998090543,-0.771289414822361,0.25661441995835854,0.3711460317900034
2026-05-20 17:06:00,3.268943883242601,3.2686193064414493,0.0002495681071127446,-0.7650224189346989,0.2584892031230401,0.3703133246962567
2026-05-20 17:07:00,3.2839211994088853,3.283576004825295,0.00024897009694779815,-0.7587699607489405,0.2603596373078801,0.3694259872277579
2026-05-20 17:08:00,3.298861530441215,3.298495718075185,0.0002483352693142038,-0.7525329637296518,0.26222544625678196,0.3684840193844902
2026-05-20 17:09:00,3.313762667291469,3.3133762371429993,0.00024766362421196897,-0.7463123513414004,0.26408635371364864,0.3674874211664648
2026-05-20 17:10:00,3.3286224009115295,3.3282153529806213,0.0002469551616411048,-0.740109047048752,0.2659420834223835,0.36643619257369814
2026-05-20 17:11:00,3.3434385222532796,3.343010856539932,0.00024620988160158156,-0.7339239743162734,0.2677923591268897,0.36533033360614614
2026-05-20 17:12:00,3.3582088222685984,3.357760538772811,0.00024542778409342527,-0.7277580566085321,0.26963690457107026,0.3641698442638474
2026-05-20 17:13:00,3.3729310919093685,3.372462190631143,0.0002446088691166359,-0.7216122173900933,0.27147544349882863,0.3629547245468019
2026-05-20 17:14:00,3.387603122127472,3.3871136030668074,0.000243753136671195,-0.7154873801255245,0.2733076996540678,0.36168497445498216
2026-05-20 17:15:00,3.4022227038747914,3.4017125670316863,0.00024286058675711727,-0.7093844682793922,0.27513339678069104,0.3603605939884101
2026-05-20 17:16:00,3.416787628103205,3.4162568734776615,0.00024193121937439907,-0.7033044053162628,0.27695225862260153,0.3589815831470803
2026-05-20 17:17:00,3.4312956857645966,3.4307443133566142,0.00024096503452303297,-0.6972481147007031,0.27876400892370246,0.3575479419309817
2026-05-20 17:18:00,3.445744667810846,3.4451726776204254,0.0002399620322030301,-0.69121651989728,0.2805683714278969,0.3560596703401308
2026-05-20 17:19:00,3.4601323651938385,3.459539757220978,0.00023892221241438675,-0.6852105443705595,0.2823650698790882,0.35451676837452223
2026-05-20 17:20:00,3.4744565688654516,3.473843343110152,0.00023784557515709552,-0.6792311115851087,0.28415382802117944,0.3529192360341448
2026-05-20 17:21:00,3.488715069777568,3.4880812262398293,0.0002367321204311712,-0.6732791450054942,0.28593436959807383,0.35126707331902063
2026-05-20 17:22:00,3.50290565888207,3.5022511975618924,0.0002355818482366064,-0.6673555680962823,0.2877064183536746,0.3495602802291387
2026-05-20 17:23:00,3.517026127130839,3.516351048028222,0.00023439475857339742,-0.6614613043220398,0.2894696980318849,0.3477988567644935
2026-05-20 17:24:00,3.5310742654757563,3.5303785685907,0.00023317085144154796,-0.6555972771473332,0.29122393237660793,0.3459828029250905
2026-05-20 17:25:00,3.5450478648687027,3.544331550201208,0.00023191012684105062,-0.6497644100367292,0.2929688451317468,0.3441121187109188
2026-05-20 17:26:00,3.55894471626156,3.558207783811626,0.0002306125847719202,-0.6439636264547949,0.29470416004120475,0.34218680412200025
2026-05-20 17:27:00,3.572762610606211,3.5720050603738382,0.00022927822523414557,-0.6381958498660959,0.2964296008488851,0.34020685915831844
2026-05-20 17:28:00,3.586499338854536,3.5857211708397236,0.00022790704822772307,-0.6324620037351999,0.29814489129869076,0.3381722838198679
2026-05-20 17:29:00,3.6001526919584173,3.599353906161165,0.0002264990537526749,-0.6267630115266729,0.2998497551345251,0.33608307810668153
2026-05-20 17:30:00,3.613720460869734,3.6129010572900446,0.00022505424180897516,-0.6210997967050813,0.30154391610029135,0.333939242018721
2026-05-20 17:31:00,3.627200436540372,3.626360415178242,0.00022357261239663122,-0.6154732827349925,0.3032270979398925,0.3317407755559971
2026-05-20 17:32:00,3.6405904099222095,3.6397297707776404,0.0002220541655156542,-0.6098843930809724,0.30489902439723193,0.32948767871852647
2026-05-20 17:33:00,3.6538881719671283,3.6530069150401205,0.0002204989011660293,-0.604334051207588,0.30655941921621266,0.32717995150628704
2026-05-20 17:34:00,3.667091513627011,3.666189638917564,0.0002189068193477713,-0.5988231805794059,0.308208006140738,0.3248175939193008
2026-05-20 17:35:00,3.680198225853738,3.679275733361853,0.00021727792006086543,-0.5933527046609922,0.30984450891471127,0.3224006059575459
2026-05-20 17:36:00,3.6932060995991924,3.6922629893248677,0.00021561220330530798,-0.5879235469169144,0.3114686512820352,0.3199289876210167
2026-05-20 17:37:00,3.7061129258152556,3.70514919775849,0.00021390966908112856,-0.5825366308117389,0.3130801569866133,0.3174027389097572
2026-05-20 17:38:00,3.7189164954538065,3.717932149614603,0.00021217031738830124,-0.5771928798100314,0.3146787497723489,0.3148218598237289
2026-05-20 17:39:00,3.731614599466729,3.730609635845086,0.00021039414822682974,-0.5718932173763599,0.3162641533831448,0.3121863503629374
2026-05-20 17:40:00,3.744205028805905,3.7431794474018227,0.00020858116159672146,-0.5666385669752898,0.3178360915629045,0.30949621052739357
2026-05-20 17:41:00,3.756685574423214,3.755639375236693,0.000206731357497969,-0.5614298520713885,0.319394288055531,0.3067514403170865
2026-05-20 17:42:00,3.7690540272705393,3.767987210301579,0.00020484473593057606,-0.5562679961292222,0.3209384666049276,0.3039520397320217
2026-05-20 17:43:00,3.7813081782997613,3.780220743548362,0.00020292129689454265,-0.5511539226133578,0.32246835095499743,0.30109800877219906
2026-05-20 17:44:00,3.7934458184627617,3.792337765928924,0.00020096104038986503,-0.5460885549883617,0.3239836648496438,0.29818934743761316
2026-05-20 17:45:00,3.805464738711423,3.8043360683951457,0.00019896396641654323,-0.5410728167188009,0.3254841320327696,0.295226055728264
2026-05-20 17:46:00,3.817362729997626,3.8162134418989093,0.00019693007497458836,-0.5361076312692415,0.3269694762482782,0.2922081336441681
2026-05-20 17:47:00,3.829137583273252,3.8279676773920963,0.000194859366063993,-0.5311939221042505,0.32843942124007286,0.28913558118531435
2026-05-20 17:48:00,3.8407870894901825,3.8395965658265885,0.00019275183968474606,-0.5263326126883942,0.3298936907520567,0.2860083983516864
2026-05-20 17:49:00,3.8523090396003,3.851097898154266,0.00019060749583685866,-0.5215246264862398,0.3313320085281329,0.28282658514330067
2026-05-20 17:50:00,3.863701224555485,3.8624694653270115,0.00018842633452034185,-0.5167708869623534,0.3327540983122044,0.27959014156017364
2026-05-20 17:51:00,3.8749614353076187,3.873709058296707,0.00018620835573518457,-0.5120723175813016,0.3341596838481749,0.27629906760228884
2026-05-20 17:52:00,3.8860874628085833,3.8848144680152337,0.000183953559481372,-0.5074298418076508,0.33554848887994737,0.2729533632696243
2026-05-20 17:53:00,3.897077098010262,3.8957834854344715,0.00018166225170463586,-0.5028443831059686,0.3369202371514247,0.2695534825295655
2026-05-20 17:54:00,3.9079281318645336,3.90661393821979,0.0001793362680792961,-0.49831684959321326,0.338274656997775,0.2661021491863211
2026-05-20 17:55:00,3.91863835532328,3.917303837603987,0.00017697897400823504,-0.49384807264830627,0.33961149971048876,0.26260435688088424
2026-05-20 17:56:00,3.9292055593383832,3.927851415100778,0.00017459404084007774,-0.48943879156452363,0.3409305441286444,0.25906555322165015
2026-05-20 17:57:00,3.939627534861727,3.9382551225047964,0.00017218513992342348,-0.48508965354949574,0.34223159663890734,0.25549118581697566
2026-05-20 17:58:00,3.9499020728451892,3.948513631891589,0.0001697559426068973,-0.48080121372520884,0.3435144911755307,0.25188670227525595
2026-05-20 17:59:00,3.9600269642406527,3.958625835617624,0.00016731012023913177,-0.4765739351280022,0.34477908922035533,0.24825755020489723
2026-05-20 18:00:00,3.97,3.968590846320285,0.00016485134416872605,-0.47240818870857076,0.34602527980280934,0.24460917721425623
2026-05-20 18:01:00,3.9798195217774035,3.978407996917871,0.00016238328574429047,-0.46830425333196396,0.34725297949990835,0.2409470309117062
2026-05-20 18:02:00,3.9894860740362086,3.9880768406095997,0.00015990961631445015,-0.4642623157775862,0.34846213243625535,0.2372765589056424
2026-05-20 18:03:00,3.999000751942049,3.997597150875605,0.0001574340072278265,-0.46028247073919604,0.3496527102840412,0.23360320880445448
2026-05-20 18:04:00,4.008364650660561,4.006968921476939,0.0001549601298330261,-0.4563647208249069,0.3508247122630439,0.22993242821651028
2026-05-20 18:05:00,4.0175788653573825,4.016192366455568,0.0001524916554786667,-0.4525089765571873,0.351978165140629,0.22626966475019397
2026-05-20 18:06:00,4.026644491198149,4.025267920134379,0.00015003225551336966,-0.4487150563728599,0.3531131232317497,0.22262036601389523
2026-05-20 18:07:00,4.0355626233484925,4.034196237117173,0.00014758560128574533,-0.4449826866231022,0.3542296683989467,0.2189899796159874
2026-05-20 18:08:00,4.044334356974052,4.042978192288668,0.00014515505819868342,-0.4413115015734466,0.35532791005234793,0.21538349919747468
2026-05-20 18:09:00,4.052960787240466,4.051614844101015,0.00014274246192650755,-0.43770105875138804,0.35640798055840434,0.21180364856257108
2026-05-20 18:10:00,4.061443009313365,4.060107287719849,0.00014034811841493836,-0.4341509003368128,0.35747001687483165,0.20825088167864572
2026-05-20 18:11:00,4.069782118358388,4.068456618310807,0.00013797202766395363,-0.43066056850960793,0.3585141559593456,0.20472519854566562
2026-05-20 18:12:00,4.07797920954117,4.076663931039524,0.00013561418967356816,-0.42722960544966104,0.35954053476966136,0.20122659916365268
2026-05-20 18:13:00,4.086035378027347,4.0847303210716355,0.00013327460444378936,-0.42385755333685843,0.36054929026349486,0.19775508353261795
2026-05-20 18:14:00,4.093951718982556,4.092656883572778,0.00013095327197460243,-0.42054395435108727,0.36154055939856156,0.19431065165253944
2026-05-20 18:15:00,4.101729327572429,4.100444713708588,0.00012865019226602215,-0.4172883506722346,0.36251447913257717,0.1908933035234391
2026-05-20 18:16:00,4.109369298962608,4.108094906644701,0.00012636536531803375,-0.41409028448018675,0.3634711864232572,0.187503039145295
2026-05-20 18:17:00,4.116872728318723,4.115608557546752,0.0001240987911306372,-0.4109492979548317,0.36441081822831717,0.18413985851810713
2026-05-20 18:18:00,4.124240710806414,4.1229867615803775,0.00012185046970383992,-0.4078649332760558,0.3653335115054727,0.18080376164188647
2026-05-20 18:19:00,4.131474341591315,4.130230613911213,0.0001196204010376493,-0.4048367326237464,0.36623940321243936,0.17749474851664399
2026-05-20 18:20:00,4.138574715839062,4.137341209704895,0.00011740858513205054,-0.40186423817778966,0.36712863030693293,0.17421281914235773
2026-05-20 18:21:00,4.145542928715292,4.144319644127059,0.00011521502198704366,-0.3989469921180738,0.3680013297466687,0.1709579735190277
2026-05-20 18:22:00,4.152380075385638,4.151167012343341,0.00011303971160265084,-0.3960845366244846,0.36885763848936254,0.16773021164668683
2026-05-20 18:23:00,4.15908725101574,4.157884409519377,0.00011088265397884249,-0.3932764138769095,0.36969769349272985,0.16452953352529123
2026-05-20 18:24:00,4.16566555077123,4.164472930820802,0.0001087438491156334,-0.3905221660552357,0.3705216317144862,0.16135593915486282
2026-05-20 18:25:00,4.172116069817745,4.170933671413253,0.00010662329701302356,-0.3878213353393497,0.3713295901123473,0.1582094285354016
2026-05-20 18:26:00,4.178439903320923,4.1772677264623645,0.000104520997671013,-0.38517346390913904,0.37212170564402863,0.1550900016669076
2026-05-20 18:27:00,4.184638146446398,4.183476191133774,0.00010243695108960912,-0.38257809394448994,0.3728981152672459,0.1519976585493918
2026-05-20 18:28:00,4.190711894359807,4.189560160593118,0.00010037115726878968,-0.38003476762528965,0.37365895593971477,0.14893239918282122
2026-05-20 18:29:00,4.196662242226783,4.195520730006029,9.832361620856952e-05,-0.37754302713142557,0.37440436461915055,0.14589422356721787
2026-05-20 18:30:00,4.202490285212964,4.201358994538146,9.629432790895602e-05,-0.3751024146427841,0.375134478263269,0.1428831317025927
2026-05-20 18:31:00,4.208197118483988,4.207076049355104,9.428329236992698e-05,-0.3727124723392523,0.3758494338297858,0.13989912358891277
2026-05-20 18:32:00,4.213783837205487,4.212672989622537,9.229050959150461e-05,-0.37037274240071777,0.3765493682764162,0.13694219922621104
2026-05-20 18:33:00,4.219251536543099,4.218150910506084,9.03159795736815e-05,-0.36808276700706644,0.37723441856087614,0.1340123586144765
2026-05-20 18:34:00,4.224601311662459,4.223510907171379,8.835970231645026e-05,-0.3658420883381861,0.37790472164088107,0.13110960175369818
2026-05-20 18:35:00,4.229834257729204,4.228754074784058,8.642167781982568e-05,-0.3636502485739633,0.3785604144741466,0.12823392864389804
2026-05-20 18:36:00,4.234951469908969,4.233881508509758,8.450190608379297e-05,-0.3615067898942849,0.3792016340183883,0.12538533928505416
2026-05-20 18:37:00,4.23995404336739,4.238894303514114,8.260038710835952e-05,-0.3594112544790382,0.37982851723132177,0.12256383367717745
2026-05-20 18:38:00,4.244843073270102,4.243793554962761,8.071712089352534e-05,-0.35736318450810994,0.3804412010706626,0.11976941182026798
2026-05-20 18:39:00,4.249619654782743,4.248580358021337,7.885210743929043e-05,-0.35536212216138713,0.3810398224941264,0.11700207371432571
2026-05-20 18:40:00,4.254284883070947,4.253255807855476,7.700534674564737e-05,-0.3534076096187566,0.3816245184594288,0.11426181935933966
2026-05-20 18:41:00,4.258839853300351,4.257820999630814,7.517683881259618e-05,-0.3514991890601058,0.3821954259242852,0.11154864875530981
2026-05-20 18:42:00,4.263285660636589,4.262277028512988,7.336658364015166e-05,-0.3496364026653214,0.3827526818464113,0.10886256190225818
2026-05-20 18:43:00,4.2676234002452995,4.2666249896676325,7.15745812283138e-05,-0.3478187926142903,0.38329642318352264,0.10620355880018473
2026-05-20 18:44:00,4.271854167292117,4.270865978260385,6.980083157706781e-05,-0.3460459010868991,0.3838267868933351,0.10357163944906751
2026-05-20 18:45:00,4.275979056942678,4.275001089456881,6.804533468641368e-05,-0.3443172702630354,0.38434390993356393,0.1009668038489065
2026-05-20 18:46:00,4.279999164362616,4.279031418422755,6.630809055635142e-05,-0.3426324423225858,0.3848479292619248,0.09838905199970172
2026-05-20 18:47:00,4.28391558471757,4.282958060323643,6.458909918689581e-05,-0.3409909594454379,0.3853389818361332,0.09583838390147513
2026-05-20 18:48:00,4.287729413173175,4.286782110325182,6.288836057805428e-05,-0.33939236381147764,0.385817204613905,0.09331479955423772
2026-05-20 18:49:00,4.291441744895067,4.290504663593009,6.120587472978982e-05,-0.33783619760059214,0.38628273455295564,0.09081829895793456
2026-05-20 18:50:00,4.29505367504888,4.294126815292757,5.954164164212461e-05,-0.3363220029926693,0.3867357086110006,0.0883488821125986
2026-05-20 18:51:00,4.298566298800251,4.297649660590064,5.789566131505867e-05,-0.33484932216759505,0.3871762637457557,0.08590654901822985
2026-05-20 18:52:00,4.301980711314818,4.301074294650564,5.6267933748592e-05,-0.3334176973052573,0.3876045369149362,0.08349129967482832
2026-05-20 18:53:00,4.305298007758213,4.304401812639895,5.465845894273199e-05,-0.332026670585542,0.388020665076258,0.08110313408240497
2026-05-20 18:54:00,4.308519283296076,4.307633309723692,5.3067236897456443e-05,-0.3306757841883367,0.3884247851874366,0.07874205224092685
2026-05-20 18:55:00,4.311645633094039,4.31076988106759,5.149426761278756e-05,-0.3293645802935285,0.3888170342061875,0.07640805415042692
2026-05-20 18:56:00,4.31467815231774,4.313812621837227,4.9939551088710545e-05,-0.3280926010810037,0.38919754909022647,0.07410113981088323
2026-05-20 18:57:00,4.317617936132816,4.316762627198235,4.8403087325232796e-05,-0.32685938873065024,0.3895664667972688,0.07182130922230674
2026-05-20 18:58:00,4.3204660797049,4.3196209923162545,4.6884876322361715e-05,-0.32566448542235404,0.38992392428503037,0.06956856238470845
2026-05-20 18:59:00,4.323223678199628,4.322388812356919,4.5384918080082495e-05,-0.3245074333360026,0.39027005851122665,0.06734289929806637
2026-05-20 19:00:00,4.325891826782638,4.325067182485864,4.3903212598395136e-05,-0.3233877746514827,0.3906050064335733,0.06514431996238051
2026-05-20 19:01:00,4.328471620619567,4.327657197868726,4.2439759877307044e-05,-0.3223050515486819,0.3909289050097858,0.06297282437766187
2026-05-20 19:02:00,4.330964154876047,4.330159953671141,4.099455991682562e-05,-0.32125880620748637,0.3912418911975797,0.06082841254392142
2026-05-20 19:03:00,4.333370524717716,4.332576545058745,3.956761271694346e-05,-0.32024858080778335,0.39154410195467076,0.05871108446114817
2026-05-20 19:04:00,4.335691825310209,4.3349080671971745,3.815891827763836e-05,-0.3192739175294596,0.3918356742387745,0.05662084012930917
2026-05-20 19:05:00,4.337929151819163,4.337155615252062,3.676847659893993e-05,-0.3183343585524033,0.3921167450076063,0.05455767954844838
2026-05-20 19:06:00,4.340083599410213,4.339320284389047,3.539628768086297e-05,-0.31742944605649964,0.3923874512188821,0.05252160271858773
2026-05-20 19:07:00,4.342156263248996,4.341403169773765,3.404235152335566e-05,-0.3165587222216362,0.3926479298303174,0.050512609639650353
2026-05-20 19:08:00,4.344148238501147,4.34340536657185,3.270666812645503e-05,-0.31572172922770086,0.3928983177996275,0.04853070031169118
2026-05-20 19:09:00,4.3460606203323024,4.34532796994894,3.1389237490168455e-05,-0.3149180092545792,0.39313875208452836,0.04657587473472116
2026-05-20 19:10:00,4.347894503908096,4.34717207507067,3.0090059614451547e-05,-0.31414710448215866,0.39336936964273544,0.044648132908674434
2026-05-20 19:11:00,4.349650984394166,4.348938777102674,2.8809134499333903e-05,-0.31340855709032717,0.39359030743196416,0.04274747483359491
2026-05-20 19:12:00,4.351331156956148,4.35062917121059,2.754646214483773e-05,-0.3127019092589707,0.3938017024099302,0.04087390050951553
2026-05-20 19:13:00,4.352936116759677,4.352244352560055,2.6302042550933415e-05,-0.312026703167976,0.39400369153434933,0.03902740993639238
2026-05-20 19:14:00,4.35446695897039,4.353785416316702,2.507587571762097e-05,-0.3113824809972305,0.394196411762937,0.03720800311422546
2026-05-20 19:15:00,4.355924778753922,4.355253457646169,2.3867961644907788e-05,-0.31076878492662097,0.39438000005340884,0.03541568004302574
2026-05-20 19:16:00,4.3573106712759095,4.356649571714091,2.2678300332786468e-05,-0.31018515713603456,0.3945545933634804,0.03365044072278225
2026-05-20 19:17:00,4.358625731701987,4.357974853686104,2.1506891781271818e-05,-0.3096311398053584,0.3947203286508672,0.03191228515351695
2026-05-20 19:18:00,4.359871055197791,4.359230398727844,2.0353735990356428e-05,-0.30910627511447875,0.394877342873285,0.030201213335218843
2026-05-20 19:19:00,4.361047736928959,4.360417302004946,1.9218832960025503e-05,-0.3086101052432832,0.39502577298844926,0.028517225267865987
2026-05-20 19:20:00,4.362156872061126,4.361536658683047,1.8102182690301245e-05,-0.3081421723716588,0.3951657559540755,0.02686032095149132
2026-05-20 19:21:00,4.363199555759926,4.3625895639277825,1.700378518117625e-05,-0.307702018679492,0.3952974287278795,0.02523050038608386
2026-05-20 19:22:00,4.364176883190996,4.363577112904788,1.5923640432643122e-05,-0.30728918634667013,0.3954209282675768,0.02362776357163262
2026-05-20 19:23:00,4.365089949519974,4.3645004007797,1.4861748444709258e-05,-0.3069032175530801,0.39553639153088277,0.022052110508148592
2026-05-20 19:24:00,4.365939849912492,4.365360522718153,1.3818109217382062e-05,-0.30654365447860893,0.39564395547551323,0.020503541195642752
2026-05-20 19:25:00,4.366727679534192,4.3661585738857855,1.2792722750646728e-05,-0.306210039303143,0.3957437570591838,0.018982055634093133
2026-05-20 19:26:00,4.367454533550701,4.366895649448231,1.1785589044510657e-05,-0.3059019142065702,0.39583593323960986,0.01748765382351072
2026-05-20 19:27:00,4.368121507127662,4.367572844571127,1.0796708098981256e-05,-0.3056188213687765,0.3959206209745073,0.0160203357639065
2026-05-20 19:28:00,4.368729695430707,4.3681912544201085,9.826079914036316e-06,-0.3053603029696494,0.3959979572215915,0.014580101455247522
2026-05-20 19:29:00,4.3692801936254755,4.368751974160811,8.873704489675837e-06,-0.30512590118907595,0.3960680789385781,0.013166950897533782
2026-05-20 19:30:00,4.3697740968776,4.36925609895887,7.939581825929427e-06,-0.3049151582069437,0.3961311230831823,0.011780884090809214
2026-05-20 19:31:00,4.370212500352719,4.369704723979923,7.023711922797086e-06,-0.3047276162031383,0.3961872266131204,0.010421901035073821
2026-05-20 19:32:00,4.3705964992164645,4.370098944389605,6.126094780241805e-06,-0.30456281735754714,0.39623652648610763,0.009090001730272685
2026-05-20 19:33:00,4.370927188634478,4.370439855353552,5.246730398285789e-06,-0.3044203038500578,0.39627915965985944,0.0077851861764387555
2026-05-20 19:34:00,4.37120566377239,4.3707285520373995,4.385618776929038e-06,-0.3042996178605566,0.3963152630920917,0.006507454373572032
2026-05-20 19:35:00,4.371433019795841,4.370966129606783,3.5427599161715526e-06,-0.3042003015689311,0.39634497374051975,0.005256806321672516
2026-05-20 19:36:00,4.371610351870462,4.37115368322734,2.7181538160207335e-06,-0.3041218971550675,0.3963684285628593,0.004033242020751189
2026-05-20 19:37:00,4.371738755161892,4.371292308064706,1.911800476461778e-06,-0.304063946798853,0.396385764516826,0.0028367614707860856
2026-05-20 19:38:00,4.371819324835767,4.3713830992845155,1.1236998974946862e-06,-0.30402599268017483,0.39639711856013543,0.0016673646717772065
2026-05-20 19:39:00,4.371853156057722,4.371427152052405,3.5385207913426105e-07,-0.30400757697891995,0.396402627650503,0.0005250516237465167
2026-05-20 19:40:00,4.3718413439933945,4.371425561534012,-3.9774297863430043e-07,-0.30400824187497477,0.3964024287456446,-0.0005901776733279492
2026-05-20 19:41:00,4.371784983808416,4.371379422894969,-1.1310852758109984e-06,-0.30402752954822715,0.39639665880327546,-0.001678323219446191
2026-05-20 19:42:00,4.371685170668426,4.371289831300914,-1.8461748123810296e-06,-0.3040649821785635,0.3963854547811113,-0.0027393850145862437
2026-05-20 19:43:00,4.371542999739061,4.371157881917483,-2.543011588351796e-06,-0.30412014194587084,0.39636895363686786,-0.00377336305875909
2026-05-20 19:44:00,4.371359566185956,4.370984669910312,-3.2215956037232967e-06,-0.304192551030036,0.3963472923282606,-0.0047802573519647295
2026-05-20 19:45:00,4.371135965174744,4.370771290445036,-3.881926858502934e-06,-0.30428175161094606,0.39632060781300527,-0.005760067894214145
2026-05-20 19:46:00,4.3708732918710655,4.370518838687292,-4.5240053526759045e-06,-0.3043872858684881,0.3962890370488171,-0.006712794685485371
2026-05-20 19:47:00,4.370572641440553,4.370228409802715,-5.147831086264413e-06,-0.3045086959825486,0.39625271699341214,-0.007638437725811355
2026-05-20 19:48:00,4.370235109048844,4.36990109895694,-5.753404059253656e-06,-0.30464552413301565,0.3962117846045055,-0.008536997015170134
2026-05-20 19:49:00,4.369861789861572,4.369538001315605,-6.340724271636233e-06,-0.30479731249977493,0.39616637683981315,-0.009408472553550724
2026-05-20 19:50:00,4.369453779044377,4.369140212044344,-6.909791723426946e-06,-0.3049636032627143,0.39611663065705044,-0.010252864340975087
2026-05-20 19:51:00,4.369012171762893,4.368708826308794,-7.460606414610993e-06,-0.3051439386017202,0.39606268301393316,-0.011070172377421264
2026-05-20 19:52:00,4.368538063182755,4.36824493927459,-7.993168345203176e-06,-0.3053378606966796,0.39600467086817676,-0.011860396662911216
2026-05-20 19:53:00,4.3680325484696,4.367749646107369,-8.507477515203496e-06,-0.3055449117274797,0.39594273117749684,-0.012623537197444945
2026-05-20 19:54:00,4.36749672278906,4.367224041972766,-9.003533924589747e-06,-0.30576463387400765,0.395877000899609,-0.013359593980989501
2026-05-20 19:55:00,4.366931681306778,4.3666692220364185,-9.481337573384134e-06,-0.3059965693161494,0.395807616992229,-0.014068567013577832
2026-05-20 19:56:00,4.366338519188384,4.36608628146396,-9.94088846160146e-06,-0.3062402602337931,0.3957347164130722,-0.014750456295231905
2026-05-20 19:57:00,4.365718331599517,4.365476315421026,-1.0382186589197318e-05,-0.3064952488068256,0.395658436119854,-0.015405261825885823
2026-05-20 19:58:00,4.365072213705812,4.364840419073256,-1.080523195619391e-05,-0.30676107721513285,0.3955789130702906,-0.016032983605572534
2026-05-20 19:59:00,4.364401260672904,4.364179687586283,-1.1210024562613441e-05,-0.3070372876386028,0.3954962842220971,-0.01663362163432499
2026-05-20 20:00:00,4.363706567666427,4.3634952161257425,-1.1596564408426305e-05,-0.30732342225712234,0.39541068653298905,-0.017207175912099252
2026-05-20 20:01:00,4.3629892298520225,4.362788099857272,-1.1964851493625102e-05,-0.30761902325057805,0.3953222569606824,-0.017753646438884343
2026-05-20 20:02:00,4.362250342395323,4.3620594339465075,-1.2314885818239436e-05,-0.30792363279885665,0.3952311324628926,-0.018273033214724194
2026-05-20 20:03:00,4.361491000461964,4.361310313559083,-1.2646667382261907e-05,-0.3082367930818459,0.395137449997335,-0.01876533623960782
2026-05-20 20:04:00,4.360712299217583,4.360541833860636,-1.2960196185677712e-05,-0.3085580462794322,0.3950413465217255,-0.01923055551351326
2026-05-20 20:05:00,4.3599153338278125,4.359755090016802,-1.3255472228501653e-05,-0.3088869345715027,0.39494295899377957,-0.019668691036462474
2026-05-20 20:06:00,4.359101199458293,4.358951177193216,-1.3532495510726328e-05,-0.30922300013794446,0.39484242437121264,-0.020079742808444483
2026-05-20 20:07:00,4.358270991274656,4.358131190555515,-1.3791266032344336e-05,-0.3095657851586443,0.3947398796117405,-0.020463710829448298
2026-05-20 20:08:00,4.357425804442542,4.357296225269335,-1.403178379336308e-05,-0.3099148318134889,0.3946354616730789,-0.02082059509948491
2026-05-20 20:09:00,4.356566734127583,4.356447376500311,-1.4254048793797363e-05,-0.3102696822823654,0.39452930751294313,-0.021150395618576283
2026-05-20 20:10:00,4.355694875495416,4.355585739414079,-1.4458061033632378e-05,-0.31062987874516124,0.3944215540890488,-0.021453112386700442
2026-05-20 20:11:00,4.3548113237116794,4.354712409176275,-1.464382051286813e-05,-0.31099496338176286,0.39431233835911156,-0.0217287454038574
2026-05-20 20:12:00,4.353917173942004,4.353828480952535,-1.4811327231497214e-05,-0.31136447837205766,0.39420179728084687,-0.021977294670036167
2026-05-20 20:13:00,4.353013521352028,4.352935049908496,-1.4960581189527034e-05,-0.31173796589593167,0.39409006781197076,-0.02219876018524773
2026-05-20 20:14:00,4.35210146110739,4.3520332112097915,-1.509158238696499e-05,-0.31211496813327283,0.3939772869101983,-0.022393141949503065
2026-05-20 20:15:00,4.351182088373723,4.35112406002206,-1.5204330823811081e-05,-0.3124950272639674,0.3938635915332455,-0.02256043996280218
2026-05-20 20:16:00,4.3502564983166625,4.350208691510934,-1.529882650005791e-05,-0.31287768546790323,0.39374911863882756,-0.022700654225134086
2026-05-20 20:17:00,4.349325786101847,4.349288200842053,-1.5375069415698068e-05,-0.3132624849249664,0.3936340051846603,-0.0228137847364878
2026-05-20 20:18:00,4.348391046894909,4.34836368318105,-1.5433059570746366e-05,-0.31364896781504437,0.39351838812845924,-0.022899831496885296
2026-05-20 20:19:00,4.347453375861488,4.347436233693563,-1.5472796965195396e-05,-0.31403667631802384,0.39340240442794,-0.02295879450631558
2026-05-20 20:20:00,4.346513868167217,4.346506947545227,-1.5494281599045163e-05,-0.31442515261379195,0.39328619104081813,-0.02299067376477866
2026-05-20 20:21:00,4.345573618977732,4.345576919901678,-1.5497513472295665e-05,-0.31481393888223547,0.3931698849248093,-0.022995469272274534
2026-05-20 20:22:00,4.344633723458672,4.3446472459285514,-1.5482492584954304e-05,-0.31520257730324147,0.3930536230376291,-0.022973181028814182
2026-05-20 20:23:00,4.3436952767756685,4.343719020791483,-1.5449218937013674e-05,-0.31559061005669703,0.39293754233699296,-0.022923809034386625
2026-05-20 20:24:00,4.34275937409436,4.34279333965611,-1.539769252846638e-05,-0.315977579322489,0.39282177978061655,-0.022847353288980878
2026-05-20 20:25:00,4.341827110580382,4.341871297688067,-1.5327913359334624e-05,-0.31636302728050403,0.39270647232621564,-0.022743813792629887
2026-05-20 20:26:00,4.34089958139937,4.34095399005299,-1.5239881429611005e-05,-0.31674649611063,0.39259175693150544,-0.022613190545322678
2026-05-20 20:27:00,4.33997788171696,4.340042511916514,-1.5133596739265915e-05,-0.31712752799275323,0.3924777705542018,-0.02245548354701531
2026-05-20 20:28:00,4.339063106698788,4.339137958444278,-1.5009059288336364e-05,-0.3175056651067602,0.3923646501520204,-0.022270692797762705
2026-05-20 20:29:00,4.338156351510491,4.338241424801914,-1.4866269076807547e-05,-0.3178804496325391,0.39225253268267646,-0.02205881829754289
2026-05-20 20:30:00,4.337258711317701,4.337354006155061,-1.4705226104679466e-05,-0.3182514237499755,0.39214155510388604,-0.02181986004635587
2026-05-20 20:31:00,4.336371281286059,4.336476797669352,-1.4525930371959521e-05,-0.31861812963895764,0.3920318543733643,-0.021553818044212626
2026-05-20 20:32:00,4.335495156581198,4.335610894510426,-1.4328381878625507e-05,-0.31898010947937155,0.3919235674488271,-0.021260692291080206
2026-05-20 20:33:00,4.334631432368754,4.334757391843917,-1.411258062470703e-05,-0.3193369054511044,0.39181683128799005,-0.020940482787002546
2026-05-20 20:34:00,4.333781203814364,4.333917384835461,-1.387852661018929e-05,-0.3196880597340435,0.3917117828485685,-0.020593189531957684
2026-05-20 20:35:00,4.33294556608366,4.333091968650694,-1.3626219835072283e-05,-0.3200331145080754,0.39160855908827824,-0.020218812525945613
2026-05-20 20:36:00,4.332125614342284,4.332282238455252,-1.3355660299356013e-05,-0.3203716119530875,0.3915072969648348,-0.019817351768966335
2026-05-20 20:37:00,4.3313224437558695,4.331489289414772,-1.3066848003040477e-05,-0.32070309424896615,0.39140813343595376,-0.01938880726101985
2026-05-20 20:38:00,4.33053714949005,4.330714216694887,-1.2759782946133076e-05,-0.3210271035755989,0.39131120545935066,-0.01893317900211714
2026-05-20 20:39:00,4.329770826710463,4.329958115461236,-1.2434465128633813e-05,-0.32134318211287244,0.3912166499927412,-0.01845046699225821
2026-05-20 20:40:00,4.329024570582745,4.329222080879451,-1.2090894550520482e-05,-0.3216508720406742,0.3911246039938407,-0.017940671231410105
2026-05-20 20:41:00,4.328299476272532,4.328507208115173,-1.1729071211807885e-05,-0.32194971553889,0.39103520442036527,-0.017403791719594792
2026-05-20 20:42:00,4.327596638945457,4.327814592334034,-1.1348995112510825e-05,-0.3222392547874079,0.3909485882300301,-0.016839828456834238
2026-05-20 20:43:00,4.32691715376716,4.327145328701672,-1.09506662526145e-05,-0.32251903196611426,0.39086489238055083,-0.01624878144310648
2026-05-20 20:44:00,4.326262115903274,4.326500512383721,-1.0534084632118912e-05,-0.3227885892548967,0.39078425382964294,-0.015630650678411514
2026-05-20 20:45:00,4.3256326205194355,4.325881238545818,-1.0099250251024057e-05,-0.3230474688336414,0.39070680953502235,-0.014985436162749341
2026-05-20 20:46:00,4.325029762781282,4.325288602353598,-9.646163109322536e-06,-0.323295212882236,0.3906326964544043,-0.01431313789610898
2026-05-20 20:47:00,4.324454637854448,4.324723698972699,-9.174823207036554e-06,-0.32353136358056644,0.3905620515455047,-0.013613755878523377
2026-05-20 20:48:00,4.323908340904569,4.324187623568753,-8.685230544151306e-06,-0.3237554631085214,0.3904950117660388,-0.012887290109970568
2026-05-20 20:49:00,4.323391967097281,4.323681471307401,-8.177385120644586e-06,-0.32396705364598594,0.3904317140737225,-0.012133740590417602
2026-05-20 20:50:00,4.322906611598221,4.323206337354276,-7.65128693656821e-06,-0.32416567737284774,0.39037229542627133,-0.011353107319941365
2026-05-20 20:51:00,4.322453369573023,4.322763316875013,-7.106935991892567e-06,-0.3243508764689946,0.39031689278140064,-0.010545390298497916
2026-05-20 20:52:00,4.322033336187323,4.322353505035249,-6.544332286610258e-06,-0.3245221931143124,0.39026564309682626,-0.00971058952607628
2026-05-20 20:53:00,4.32164760660676,4.321977997000619,-5.963603022207664e-06,-0.3246791694886888,0.39021868333026366,-0.008848893746365995
2026-05-20 20:54:00,4.321297275996967,4.321637872672584,-5.365511407536457e-06,-0.324821354153006,0.39017614853054206,-0.007961435421405464
2026-05-20 20:55:00,4.32098343952358,4.321334135631715,-4.751456658858011e-06,-0.3249483275731259,0.3901381642020584,-0.007050290731647837
2026-05-20 20:56:00,4.320707192352235,4.321067697873521,-4.12296519386827e-06,-0.32505970850088567,0.39010484439589066,-0.006117724601158935
2026-05-20 20:57:00,4.320469629648571,4.320839379808451,-3.481563430277982e-06,-0.3251551539740956,0.3900762917097989,-0.005166001954026542
2026-05-20 20:58:00,4.320271846578218,4.320649910261888,-2.8287777858275e-06,-0.3252343593165421,0.3900525972882238,-0.004197387714382369
2026-05-20 20:59:00,4.320114938306816,4.3204999264741515,-2.1661346782423744e-06,-0.32529705813798615,0.3900338408222877,-0.003214146806336165
2026-05-20 21:00:00,4.32,4.3203899741004985,-1.4951605252111477e-06,-0.3253430223341642,0.3900200905497939,-0.002218544153942766
2026-05-20 21:01:00,4.319927897860748,4.320320507211126,-8.173817444445674e-07,-0.32537206208678526,0.3900114032552279,-0.0012128446812899542
2026-05-20 21:02:00,4.31989858224141,4.320291888291165,-1.3432475369038835e-07,-0.325384025863535,0.3900078242697556,-0.0001993133125204255
2026-05-20 21:03:00,4.319911774531672,4.320304388240683,5.524840293406422e-07,-0.3253788004180737,0.39000938747122477,0.000819785028278037
2026-05-20 21:04:00,4.319967196121225,4.320358186374686,1.2415181869303757e-06,-0.325356310790036,0.3900161152841643,0.001842185417006668
2026-05-20 21:05:00,4.320064568399763,4.320453370423115,1.931251301375466e-06,-0.32531652030503194,0.39002801867978437,0.0028656229295886664
2026-05-20 21:06:00,4.320203612756975,4.320589936530851,2.6201569549651655e-06,-0.32525943057464507,0.39004509717597685,0.0038878326419362493
2026-05-20 21:07:00,4.320384050582548,4.320767789257711,3.3067087299665233e-06,-0.32518508149643444,0.3900673388373147,0.004906549629928687
2026-05-20 21:08:00,4.320605603266173,4.320986741578447,3.9895074101181646e-06,-0.325093551253934,0.39009472027505215,0.005919697713112823
2026-05-20 21:09:00,4.3208679921975435,4.321246530146925,4.667789786590622e-06,-0.3249849499356578,0.39012720855601096,0.0069261444294832055
2026-05-20 21:10:00,4.321170938766348,4.321546876352838,5.341428657904915e-06,-0.3248593940111129,0.3901647688381274,0.007925701035361277
2026-05-20 21:11:00,4.321514164362276,4.3218875015858735,6.0104240240536434e-06,-0.3247169999498093,0.39020736627933655,0.008918367530736054
2026-05-20 21:12:00,4.321897390375017,4.322268127235724,6.674775885036807e-06,-0.32455788422125453,0.3902549660375744,0.009904143915607537
2026-05-20 21:13:00,4.322320338194262,4.322688474692078,7.334484240861805e-06,-0.32438216329495845,0.39030753327077633,0.010883030189986707
2026-05-20 21:14:00,4.322782729209704,4.323148265344628,7.989549091521238e-06,-0.3241899536404283,0.3903650331368783,0.011855026353862584
2026-05-20 21:15:00,4.323284284811028,4.3236472205830605,8.639970437015106e-06,-0.3239813717271743,0.3904274307938156,0.012820132407235165
2026-05-20 21:16:00,4.323824726387929,4.32418506179707,9.285748277358212e-06,-0.3237565340247037,0.3904946913995242,0.01377834835012642
2026-05-20 21:17:00,4.324403775330094,4.3247615103763435,9.92688261252835e-06,-0.323515557002526,0.39056678011193957,0.014729674182503394
2026-05-20 21:18:00,4.3250211530272145,4.325376287710573,1.0563373442532923e-05,-0.32325855713014945,0.3906436620889974,0.01567410990437708
2026-05-20 21:19:00,4.32567658086898,4.326029115189447,1.1195220767371932e-05,-0.32298565087708325,0.39072530248863324,0.01661165551574747
2026-05-20 21:20:00,4.326369780245082,4.326719714202658,1.1822424587060177e-05,-0.32269695471283577,0.39081166646878274,0.017542311016636527
2026-05-20 21:21:00,4.32710047254521,4.327447806139895,1.2444984901575455e-05,-0.3223925851069153,0.39090271918738173,0.018466076407011308
2026-05-20 21:22:00,4.327868379159054,4.328213112390847,1.3062901710925167e-05,-0.3220726585288314,0.39099842580236566,0.019382951686882796
2026-05-20 21:23:00,4.328673221476306,4.329015354345206,1.3676175015124118e-05,-0.32173729144809193,0.39109875147167017,0.020292936856272956
2026-05-20 21:24:00,4.329514720886651,4.329854253392662,1.4284804814157503e-05,-0.32138660033420574,0.3912036613532311,0.02119603191515982
2026-05-20 21:25:00,4.330392598779785,4.330729530922905,1.4888791108017922e-05,-0.3210207016566815,0.39131312060498397,0.022092236863532407
2026-05-20 21:26:00,4.331306576545396,4.331640908325624,1.5488133896712773e-05,-0.3206397118850283,0.3914270943848642,0.0229815517014017
2026-05-20 21:27:00,4.332256375573174,4.33258810699051,1.6082833180256866e-05,-0.32024374748875456,0.3915455478508078,0.02386397642878967
2026-05-20 21:28:00,4.333241717252809,4.333570848307255,1.667288895863539e-05,-0.3198329249373686,0.39166844616075025,0.024739511045674338
2026-05-20 21:29:00,4.334262322973992,4.334588853665546,1.7258301231833548e-05,-0.3194073607003795,0.3917957544726271,0.02560815555203375
2026-05-20 21:30:00,4.335317914126413,4.335641844455075,1.7839069999880942e-05,-0.3189671712472964,0.39192743794437396,0.026469909947911832
2026-05-20 21:31:00,4.336408212099762,4.336729542065532,1.8415195262784975e-05,-0.31851247304762687,0.3920634617339267,0.027324774233319568
2026-05-20 21:32:00,4.33753293828373,4.337851667886609,1.898667702050124e-05,-0.31804338257087966,0.39220379099922104,0.028172748408191062
2026-05-20 21:33:00,4.338691814068006,4.339007943307992,1.955351527305934e-05,-0.3175600162865646,0.3923483908981922,0.029013832472570243
2026-05-20 21:34:00,4.339884560842279,4.340198089719376,2.0115710020459273e-05,-0.317062490664189,0.3924972265887762,0.029848026426457112
2026-05-20 21:35:00,4.3411108999962424,4.341421828510447,2.0673261262686243e-05,-0.3165509221732627,0.3926502632289084,0.030675330269829708
2026-05-20 21:36:00,4.342370552919585,4.342678881070898,2.1226168999762447e-05,-0.3160254272832936,0.39280746597652466,0.03149574400272097
2026-05-20 21:37:00,4.343663241001996,4.343968968790419,2.1774433231665686e-05,-0.31548612246379043,0.39296879998956064,0.032309267625097955
2026-05-20 21:38:00,4.344988685633168,4.345291813058698,2.2318053958410763e-05,-0.31493312418426234,0.3931342304259517,0.03311590113698264
2026-05-20 21:39:00,4.346346608202789,4.346647135265428,2.2857031179990273e-05,-0.3143665489142174,0.3933037224436338,0.033915644538364015
2026-05-20 21:40:00,4.347736730100549,4.348034656800297,2.3391364896404217e-05,-0.3137865131231649,0.3934772412005423,0.0347084978292421
2026-05-20 21:41:00,4.34915877271614,4.349454099052997,2.39210551076674e-05,-0.31319313328061293,0.3936547518546131,0.035494461009638864
2026-05-20 21:42:00,4.350612457439251,4.350905183413217,2.4446101813750213e-05,-0.3125865258560703,0.39383621956378173,0.03627353407951036
2026-05-20 21:43:00,4.3520975056595725,4.352387631270647,2.4966505014667462e-05,-0.3119668073190463,0.3940216094859837,0.037045717038878566
2026-05-20 21:44:00,4.353613638766796,4.353901164014977,2.548226471044135e-05,-0.31133409413904906,0.3942108867791548,0.03781100988777643
2026-05-20 21:45:00,4.355160578150609,4.3554455030359,2.599338090104967e-05,-0.31068850278558685,0.3944040166012307,0.03856941262617099
2026-05-20 21:46:00,4.356738045200704,4.357020369723103,2.6499853586485025e-05,-0.31003014972816884,0.39460096411014706,0.03932092525405127
2026-05-20 21:47:00,4.3583457613067695,4.358625485466278,2.7001682766762217e-05,-0.3093591514363037,0.3948016944638394,0.04006554777143925
2026-05-20 21:48:00,4.3599834478584985,4.360260571655115,2.7498868441873844e-05,-0.30867562437949986,0.3950061728202434,0.040803280178323936
2026-05-20 21:49:00,4.361650826245578,4.361925349679303,2.7991410611819902e-05,-0.30797968502726636,0.39521436433729473,0.04153412247470532
2026-05-20 21:50:00,4.363347617857698,4.363619540928533,2.84793092766004e-05,-0.30727144984911153,0.39542623417292905,0.042258074660583414
2026-05-20 21:51:00,4.365073544084552,4.365342866792495,2.896256443623013e-05,-0.3065510353145446,0.39564174748508185,0.04297513673598018
2026-05-20 21:52:00,4.3668283263158285,4.367095048660881,2.9441176090686898e-05,-0.30581855789307305,0.39586086943168913,0.043685308700862666
2026-05-20 21:53:00,4.368611685941217,4.368875807923377,2.9915144239978096e-05,-0.30507413405420714,0.396083565170686,0.04438859055524186
2026-05-20 21:54:00,4.370423344350409,4.370684865969678,3.0384468884118536e-05,-0.3043178802674541,0.3963097998600086,0.04508498229913972
2026-05-20 21:55:00,4.372263022933094,4.372521944189471,3.0849150023086004e-05,-0.3035499130023235,0.39653953865759234,0.045774483932523306
2026-05-20 21:56:00,4.374130443078963,4.374386763972448,3.1309187656895314e-05,-0.3027703487283236,0.3967727467213728,0.046457095455414585
2026-05-20 21:57:00,4.376025326177704,4.376279046708299,3.176458178553165e-05,-0.3019793039149631,0.39700938920928575,0.04713281686779158
2026-05-20 21:58:00,4.37794739361901,4.378198513786712,3.221533240900983e-05,-0.3011768950317512,0.39724943127926676,0.047801648169676275
2026-05-20 21:59:00,4.379896366792567,4.38014488659738,3.2661439527337246e-05,-0.3003632385481958,0.39749283808925157,0.04846358936107963
2026-05-20 22:00:00,4.381871967088071,4.382117886529993,3.310290314049169e-05,-0.2995384509338057,0.39773957479717575,0.04911864044196871
2026-05-20 22:01:00,4.38387391589521,4.384117234974239,3.353972324847317e-05,-0.29870264865809,0.397989606560975,0.04976680141234351
2026-05-20 22:02:00,4.385901934603672,4.386142653319809,3.397189985129649e-05,-0.2978559481905574,0.3982428985385847,0.05040807227222601
2026-05-20 22:03:00,4.387955744603149,4.388193862956395,3.439943294896164e-05,-0.29699846600071617,0.3984994158879408,0.051042453021616196
2026-05-20 22:04:00,4.39003506728333,4.390270585273685,3.4822322541468624e-05,-0.2961303185580752,0.39875912376697875,0.051669943660514056
2026-05-20 22:05:00,4.3921396240339075,4.392372541661371,3.524056862881005e-05,-0.29525162233214275,0.3990219873336345,0.05229054418890863
2026-05-20 22:06:00,4.394269136244569,4.394499453509142,3.56541712109711e-05,-0.29436249379242796,0.39928797174584335,0.05290425460677795
2026-05-20 22:07:00,4.396423325305008,4.396651042206687,3.6063130287988796e-05,-0.2934630494084399,0.39955704216154087,0.05351107491417692
2026-05-20 22:08:00,4.398601912604912,4.398827029143701,3.6467445859840925e-05,-0.29255340564968585,0.3998291637386632,0.05411100511107259
2026-05-20 22:09:00,4.400804619533971,4.401027135709868,3.686711792652749e-05,-0.29163367898567605,0.40010430163514543,0.05470404519746498
2026-05-20 22:10:00,4.403031167481876,4.403251083294884,3.726214648804109e-05,-0.2907039858859176,0.4003824210089238,0.05529019517334309
2026-05-20 22:11:00,4.405281277838317,4.405498593288433,3.7652531544396516e-05,-0.28976444281992125,0.4006634870179331,0.05586945503872887
2026-05-20 22:12:00,4.407554671992988,4.4077693870802115,3.8038273095601184e-05,-0.28881516625719345,0.40094746482010984,0.056441824793633334
2026-05-20 22:13:00,4.409851071335574,4.410063186059905,3.841937114162549e-05,-0.2878562726672444,0.40123431957338906,0.057007304438012545
2026-05-20 22:14:00,4.412170197255766,4.4123797116172065,3.879582568250643e-05,-0.2868878785195821,0.4015240164357068,0.057565893971921404
2026-05-20 22:15:00,4.414511771143256,4.414718685141806,3.9167636718207e-05,-0.28591010028371483,0.40181652056499856,0.058117593395305006
2026-05-20 22:16:00,4.416875514387734,4.417079828023391,3.9534804248742e-05,-0.28492305442915256,0.40211179711919975,0.058662402708185304
2026-05-20 22:17:00,4.419261148378888,4.419462861651655,3.989732827412625e-05,-0.28392685742540286,0.40240981125624636,0.059200321910584275
2026-05-20 22:18:00,4.421668394506411,4.4218675074162865,4.0255208794344925e-05,-0.28292162574197477,0.4027105281340739,0.059731351002479956
2026-05-20 22:19:00,4.424096974159992,4.4242934867069765,4.0608445809405445e-05,-0.2819074758483767,0.403013912910618,0.06025548998388333
2026-05-20 22:20:00,4.426546608729322,4.426740520913415,4.095703931928559e-05,-0.2808845242141174,0.40331993074381434,0.060772738854761435
2026-05-20 22:21:00,4.42901701960409,4.429208331425291,4.130098932400757e-05,-0.27985288730870633,0.4036285467915983,0.06128309761514724
2026-05-20 22:22:00,4.431507928173986,4.431696639632296,4.164029582357879e-05,-0.2788126816016511,0.4039397262119059,0.061786566265051704
2026-05-20 22:23:00,4.434019055828702,4.43420516692412,4.197495881798445e-05,-0.2777640235624608,0.4042534341626726,0.062283144804452885
2026-05-20 22:24:00,4.436550123957926,4.436733634690454,4.230497830720973e-05,-0.2767070296606438,0.4045696358018342,0.0627728332333288
2026-05-20 22:25:00,4.439100853951352,4.439281764320985,4.2630354291284255e-05,-0.2756418163657099,0.40488829628732587,0.06325563155172338
2026-05-20 22:26:00,4.4416709671986645,4.441849277205408,4.295108677021542e-05,-0.27456850014716605,0.4052093807770839,0.06373153975964763
2026-05-20 22:27:00,4.444260185089558,4.444435894733411,4.326717574395141e-05,-0.27348719747452166,0.4055328544290437,0.06420055785702465
2026-05-20 22:28:00,4.44686822901372,4.4470413382946825,4.357862121252924e-05,-0.27239802481728626,0.40585868240114054,0.06466268584390936
2026-05-20 22:29:00,4.449494820360844,4.449665329278915,4.3885423175956303e-05,-0.2713010986449674,0.40618682985131055,0.06511792372031272
2026-05-20 22:30:00,4.452139680520618,4.452307589075797,4.41875816342104e-05,-0.27019653542707417,0.4065172619374891,0.06556627148620182
2026-05-20 22:31:00,4.454802530882732,4.45496783907502,4.4485096587298935e-05,-0.2690844516331154,0.4068499438176118,0.06600772914158762
2026-05-20 22:32:00,4.457483092836877,4.457645800666273,4.47779680352367e-05,-0.26796496373259976,0.4071848406496144,0.0664422966864921
2026-05-20 22:33:00,4.460181087772744,4.460341195239248,4.506619597801631e-05,-0.26683818819503524,0.40752191759143275,0.06686997412090426
2026-05-20 22:34:00,4.462896237080021,4.463053744183635,4.534978041560815e-05,-0.26570424148993094,0.40786113980100225,0.06729076144478019
2026-05-20 22:35:00,4.465628262148401,4.465783168889121,4.562872134804922e-05,-0.26456324008679627,0.4082024724362583,0.06770465865817478
2026-05-20 22:36:00,4.4683768843675695,4.468529190745401,4.590301877533213e-05,-0.2634153004551386,0.40854588065513703,0.06811166576107705
2026-05-20 22:37:00,4.471141825127223,4.471291531142161,4.617267269744947e-05,-0.26226053906446767,0.4088913296155738,0.06851178275347604
2026-05-20 22:38:00,4.473922805817047,4.474069911469095,4.6437683114408657e-05,-0.2610990723842912,0.40923878447550444,0.06890500963538271
2026-05-20 22:39:00,4.476719547826734,4.47686405311589,4.669805002618747e-05,-0.2599310168841185,0.4095882103928644,0.06929134640676413
2026-05-20 22:40:00,4.479531772545973,4.479673677472237,4.695377343280812e-05,-0.2587564890334585,0.4099395725255892,0.06967079306765324
2026-05-20 22:41:00,4.482359201364453,4.482498505927827,4.7204853334278006e-05,-0.2575756053018194,0.4102928360316148,0.07004334961806101
2026-05-20 22:42:00,4.485201555671868,4.485338259872351,4.745128973058972e-05,-0.2563884821587096,0.41064796606887677,0.07040901605797646
2026-05-20 22:43:00,4.488058556857906,4.488192660695498,4.7693082621713676e-05,-0.25519523607363787,0.4110049277953108,0.07076779238735569
2026-05-20 22:44:00,4.490929926312258,4.491061429786956,4.793023200768687e-05,-0.25399598351611397,0.41136368636885207,0.07111967860625358
2026-05-20 22:45:00,4.493815385424613,4.4939442885364205,4.816273788850189e-05,-0.2527908409556449,0.4117242069474369,0.07146467471465916
2026-05-20 22:46:00,4.49671465558466,4.496840958333577,4.8390600264143956e-05,-0.25157992486174074,0.41208645468900046,0.07180278071255047
2026-05-20 22:47:00,4.499627458182092,4.499751160568118,4.861381913463525e-05,-0.2503633517039092,0.4124503947514786,0.07213399659996043
2026-05-20 22:48:00,4.502553514606598,4.502674616629733,4.883239449995358e-05,-0.24914123795165938,0.4128159922928069,0.07245832237685614
2026-05-20 22:49:00,4.5054925462478685,4.505611047908112,4.904632636010634e-05,-0.24791370007449998,0.41318321247092094,0.07277575804324854
2026-05-20 22:50:00,4.508444274495594,4.508560175792946,4.925561471510095e-05,-0.2466808545419397,0.4135520204437564,0.07308630359914864
2026-05-20 22:51:00,4.511408420739465,4.511521721673924,4.946025956493738e-05,-0.24544281782348693,0.413922381369249,0.0733899590445564
2026-05-20 22:52:00,4.514384706369169,4.514495406940738,4.966026090960825e-05,-0.2441997063886504,0.41429426040533435,0.0736867243794609
2026-05-20 22:53:00,4.5173728527744,4.517480952983077,4.9855618749106154e-05,-0.24295163670693884,0.41466762270994806,0.07397659960385111
2026-05-20 22:54:00,4.520372581344845,4.520478081190631,5.00463330834385e-05,-0.24169872524786135,0.4150424334410257,0.07425958471773803
2026-05-20 22:55:00,4.523383613470196,4.52348651295309,5.0232403912627475e-05,-0.24044108848092627,0.41541865775650294,0.0745356797211546
2026-05-20 22:56:00,4.526405670540143,4.526505969660146,5.041383123665089e-05,-0.23917884287564162,0.41579626081431564,0.07480488461406787
2026-05-20 22:57:00,4.529438473944376,4.529536172701488,5.059061505549393e-05,-0.23791210490151685,0.4161752077723992,0.07506719939645588
2026-05-20 22:58:00,4.5324817450725865,4.5325768434668054,5.076275536918621e-05,-0.2366409910280607,0.4165554637886893,0.07532262406836257
2026-05-20 22:59:00,4.535535205314463,4.53562770334579,5.0930252177712924e-05,-0.23536561772478115,0.4169369940211217,0.07557115862976596
2026-05-20 23:00:00,4.538598576059693,4.538688473728131,5.109310548106668e-05,-0.23408610146118766,0.4173197636276319,0.07581280308065508
2026-05-20 23:01:00,4.541671578697972,4.541758876003518,5.1251315279277065e-05,-0.23280255870678862,0.41770373776615555,0.07604755742107384
2026-05-20 23:02:00,4.54475393461899,4.544838631561644,5.140488157231449e-05,-0.23151510593109198,0.4180888815946285,0.07627542165097834
2026-05-20 23:03:00,4.547845365212432,4.547927461792196,5.155380436017894e-05,-0.2302238596036076,0.4184751602709861,0.07649639577036854
2026-05-20 23:04:00,4.550945591867994,4.551025088084866,5.169808364288523e-05,-0.22892893619384352,0.4188625389531641,0.07671047977926646
2026-05-20 23:05:00,4.554054335975361,4.554131231829342,5.183771942043336e-05,-0.22763045217130876,0.4192509827990981,0.07691767367767205
2026-05-20 23:06:00,4.557171318924229,4.557245614415318,5.197271169282332e-05,-0.22632852400551132,0.419640456966724,0.07711797746558532
2026-05-20 23:07:00,4.560296262104283,4.560367957232481,5.210306046004032e-05,-0.22502326816596033,0.4200309266139772,0.07731139114298433
2026-05-20 23:08:00,4.563428886905217,4.563497981670523,5.222876572209915e-05,-0.22371480112216452,0.42042235689879326,0.07749791470989102
2026-05-20 23:09:00,4.566568914716718,4.566635409119133,5.2349827478992414e-05,-0.22240323934363224,0.42081471297910805,0.07767754816629441
2026-05-20 23:10:00,4.569716066928478,4.569779960968002,5.246624573072012e-05,-0.22108869929987257,0.42120796001285704,0.07785029151219451
2026-05-20 23:11:00,4.572870064930188,4.572931358606819,5.2578020477297054e-05,-0.21977129746039387,0.42160206315797605,0.07801614474761329
2026-05-20 23:12:00,4.576030630111536,4.576089323425277,5.2685151718693626e-05,-0.21845115029470455,0.42199698757240056,0.07817510787250681
2026-05-20 23:13:00,4.579197483862213,4.579253576813063,5.2787639454924634e-05,-0.2171283742723144,0.4223926984140662,0.07832718088689702
2026-05-20 23:14:00,4.582370347571911,4.582423840159868,5.2885483686019676e-05,-0.21580308586273106,0.4227891608409087,0.07847236379082788
2026-05-20 23:15:00,4.585548942630318,4.585599834855385,5.297868441193435e-05,-0.21447540153546288,0.4231863400108638,0.07861065658423348
2026-05-20 23:16:00,4.588732990427125,4.5887812822893,5.3067241632683465e-05,-0.21314543776001968,0.4235842010818669,0.07874205926713577
2026-05-20 23:17:00,4.591922212352023,4.591967903851307,5.315115534827441e-05,-0.21181331100590914,0.4239827092118539,0.07886657183954578
2026-05-20 23:18:00,4.595116329794699,4.595159420931093,5.3230425558692394e-05,-0.21047913774264065,0.42438182955876014,0.07898419430144149
2026-05-20 23:19:00,4.59831506414485,4.59835555491835,5.330505226395221e-05,-0.20914303443972265,0.42478152728052143,0.07909492665284489
2026-05-20 23:20:00,4.601518136792158,4.601556027202768,5.337503546405386e-05,-0.2078051175666638,0.4251817675350735,0.07919876889375597
2026-05-20 23:21:00,4.604725269126318,4.604760559174037,5.344037515898996e-05,-0.20646550359297253,0.4255825154803518,0.07929572102416378
2026-05-20 23:22:00,4.607936182537019,4.607968872221846,5.350107134875307e-05,-0.20512430898815787,0.4259837362742921,0.0793857830440573
2026-05-20 23:23:00,4.611150598413953,4.611180687735887,5.3557124033380235e-05,-0.2037816502217286,0.42638539507482986,0.07946895495349145
2026-05-20 23:24:00,4.614368238146806,4.614395727105852,5.360853321282703e-05,-0.2024376437631919,0.4267874570399013,0.07954523675240034
2026-05-20 23:25:00,4.617588823125273,4.617613711721426,5.3655298887093454e-05,-0.2010924060820588,0.4271898873274413,0.07961462844078399
2026-05-20 23:26:00,4.620812074739042,4.620834362972303,5.3697421056216516e-05,-0.1997460536478365,0.4275926510953858,0.07967713001869728
2026-05-20 23:27:00,4.624037714377803,4.624057402248172,5.373489972018142e-05,-0.19839870293003417,0.4279957135016705,0.07973274148611827
2026-05-20 23:28:00,4.627265463431246,4.627282550938725,5.376773487898075e-05,-0.1970504703981597,0.4283990397042312,0.07978146284303594
2026-05-20 23:29:00,4.630495043289062,4.63050953043365,5.379592653259232e-05,-0.1957014725217226,0.42880259486100325,0.0798232940894174
2026-05-20 23:30:00,4.63372617534094,4.633738062122636,5.381947468105312e-05,-0.194351825770232,0.42920634412992226,0.0798582352253175
2026-05-20 23:31:00,4.6369585809765725,4.636967867395376,5.383837932437056e-05,-0.19300164661319547,0.42961025266892405,0.07988628625074727
2026-05-20 23:32:00,4.640191981585648,4.6401986676415605,5.385264046251503e-05,-0.19165105152012177,0.43001428563594435,0.07990744716566275
2026-05-20 23:33:00,4.643426098557857,4.643430184250878,5.3862258095493945e-05,-0.19030015696052,0.4304184081889186,0.07992171797007495
2026-05-20 23:34:00,4.64666065328289,4.64666213861302,5.3867232223307286e-05,-0.1889490794038985,0.43082258548578256,0.07992909866398386
2026-05-20 23:35:00,4.649895367150435,4.649894252117675,5.386756284595506e-05,-0.18759793531976637,0.43122678268447184,0.07992958924738947
2026-05-20 23:36:00,4.653129961550187,4.653126246154534,5.386324996345208e-05,-0.18624684117763202,0.43163096494292197,0.07992318972031374
2026-05-20 23:37:00,4.656364157871834,4.656357842113289,5.3854293575776126e-05,-0.18489591344700373,0.43203509741906887,0.07990990008272375
2026-05-20 23:38:00,4.659597677505062,4.6595887613836275,5.384069368291981e-05,-0.18354526859739104,0.43243914527084787,0.07988972033460849
2026-05-20 23:39:00,4.662830241839566,4.66281872535524,5.3822450284912723e-05,-0.18219502309830263,0.4328430736561946,0.0798626504760119
2026-05-20 23:40:00,4.666061572265035,4.666047455417817,5.379956338176969e-05,-0.18084529341924652,0.4332468477330449,0.07982869050695596
2026-05-20 23:41:00,4.669291390171161,4.669274672961052,5.377203297343887e-05,-0.17949619602973066,0.4336504326593347,0.07978784042736377
2026-05-20 23:42:00,4.672519416947631,4.67250009937463,5.3739859059942494e-05,-0.17814784739926567,0.43405379359299884,0.07974010023726827
2026-05-20 23:43:00,4.675745373984137,4.675723456048245,5.3703041641287956e-05,-0.17680036399735843,0.4344568956919737,0.07968546993668048
2026-05-20 23:44:00,4.678968982670368,4.678944464371584,5.366158071746785e-05,-0.17545386229351911,0.43485970411419445,0.07962394952558938
2026-05-20 23:45:00,4.682189964396016,4.682162845734341,5.361547628849698e-05,-0.17410845875725503,0.4352621840175971,0.07955553900401696
2026-05-20 23:46:00,4.6854080405507705,4.685378321526204,5.3564728354353146e-05,-0.17276426985807558,0.435664300560117,0.07948023837193027
2026-05-20 23:47:00,4.6886229325243205,4.6885906131368635,5.350933691503634e-05,-0.17142141206548914,0.43606601889969004,0.0793980476293293
2026-05-20 23:48:00,4.691834361706357,4.691799441956008,5.344930197056878e-05,-0.17008000184900524,0.4364673041942515,0.07930896677624699
2026-05-20 23:49:00,4.695042049486572,4.695004529373332,5.338462352094305e-05,-0.16874015567813103,0.4368681216017375,0.07921299581267237
2026-05-20 23:50:00,4.698245717254654,4.6982055967785215,5.331530156613695e-05,-0.16740199002237643,0.4372684362800832,0.0791101347385725
2026-05-20 23:51:00,4.701445086400292,4.701402365561268,5.324133610618009e-05,-0.16606562135124978,0.43766821338722456,0.07900038355399129
2026-05-20 23:52:00,4.704639878313176,4.704594557111263,5.316272714105026e-05,-0.1647311661342594,0.4380674180810971,0.07888374225889581
2026-05-20 23:53:00,4.707829814383001,4.707781892818194,5.307948320082042e-05,-0.16339874084091482,0.43846601551963643,0.07876022351035074
2026-05-20 23:54:00,4.711014615999453,4.7109640950953615,5.299165546582459e-05,-0.16206846151281767,0.43886397098878716,0.07862990325059033
2026-05-20 23:55:00,4.714194004552223,4.714140891474093,5.289933776664313e-05,-0.16074044205204271,0.43926125041453756,0.07849292070699651
2026-05-20 23:56:00,4.717367701431,4.717312015627359,5.2802632463958925e-05,-0.15941479379322937,0.4396578204909286,0.07834942776405983
2026-05-20 23:57:00,4.720535428025478,4.720477207369768,5.2701641918425264e-05,-0.15809162550358205,0.44005364868005425,0.07819957630622686
2026-05-20 23:58:00,4.723696905725344,4.72363621265757,5.259646849071764e-05,-0.1567710433828714,0.4404487032120608,0.07804351821797716
2026-05-20 23:59:00,4.726851855920287,4.726788783588654,5.248721454148934e-05,-0.15545315106343183,0.440842953085148,0.07788140538375732
2026-05-21 00:00:00,4.73,4.729934678402548,5.2373982431393644e-05,-0.15413804961016514,0.4412363680655673,0.07771338968801393
2026-05-21 00:01:00,4.733141074708273,4.733073661480422,5.225687452111346e-05,-0.1528258375205369,0.4416289186876237,0.07753962301523752
2026-05-21 00:02:00,4.736274878205292,4.736205503345082,5.213599317130946e-05,-0.1515166107245786,0.4420205762536746,0.07736025724988567
2026-05-21 00:03:00,4.739401224005342,4.739329980660979,5.2011440742620135e-05,-0.15021046258488654,0.4424113128341302,0.07717544427638301
2026-05-21 00:04:00,4.74251992562271,4.7424468762341965,5.188331959571357e-05,-0.14890748389662417,0.44280110126745315,0.0769853359791981
2026-05-21 00:05:00,4.745630796571685,4.745555979012464,5.1751732091280074e-05,-0.1476077628875182,0.4431899151601592,0.07679008424283244
2026-05-21 00:06:00,4.7487336503665505,4.74865708408515,5.161678058996551e-05,-0.14631138521786133,0.4435777288868168,0.07658984095172165
2026-05-21 00:07:00,4.751828300521594,4.75174999268326,5.147856745243059e-05,-0.1450184339805118,0.44396451759004685,0.07638475799032332
2026-05-21 00:08:00,4.7549145605511,4.754834512179442,5.133718650928524e-05,-0.14372898970089315,0.44435025718052323,0.07617497458606327
2026-05-21 00:09:00,4.75799224396936,4.7579104550643745,5.119268894084132e-05,-0.14244313076489992,0.4447349242089637,0.07596056668114287
2026-05-21 00:10:00,4.761061164290656,4.760977634852343,5.1045083277171756e-05,-0.14116093513052197,0.44511849535409437,0.07574154693262677
2026-05-21 00:11:00,4.764121135029275,4.764035865057635,5.089436951829137e-05,-0.13988248075574722,0.4455009472946421,0.07551791534053695
2026-05-21 00:12:00,4.767171969699504,4.767084959194538,5.074054766418534e-05,-0.13860784559856468,0.4458822567093334,0.07528967190485143
2026-05-21 00:13:00,4.77021348181563,4.770124730777337,5.058361771484628e-05,-0.1373371076169631,0.4462624002768947,0.07505681662555923
2026-05-21 00:14:00,4.773245484891939,4.773154993320319,5.0423579670274185e-05,-0.13607034476893187,0.4466413546760525,0.07481934950266036
2026-05-21 00:15:00,4.776267792442717,4.77617556033777,5.0260433530476455e-05,-0.1348076350124597,0.4470190965855332,0.0745772705361658
2026-05-21 00:16:00,4.779280217982249,4.779186245343976,5.009417929545308e-05,-0.13354905630553562,0.44739560268406325,0.07433057972607553
2026-05-21 00:17:00,4.7822825750248255,4.782186861853225,4.992481696521889e-05,-0.13229468660614832,0.44777084965036934,0.07407927707241155
2026-05-21 00:18:00,4.78527467708473,4.785177223379803,4.9752346539751655e-05,-0.13104460387228614,0.4481448141631781,0.07382336257514088
2026-05-21 00:19:00,4.788256337676249,4.788157143437995,4.957676801904398e-05,-0.12979888606193882,0.4485174729012157,0.07356283623425255
2026-05-21 00:20:00,4.791227370313669,4.791126435542088,4.9398081403125475e-05,-0.1285576111330951,0.44888880254320873,0.0732976980497905
2026-05-21 00:21:00,4.794187588511277,4.79408491320637,4.9216286691981344e-05,-0.12732085704374327,0.4492587797678839,0.07302794802173276
2026-05-21 00:22:00,4.79713680578336,4.797032389945126,4.9031383885589365e-05,-0.12608870175187276,0.4496273812539675,0.07275358615004637
2026-05-21 00:23:00,4.800074835644203,4.799968679272641,4.884337298398656e-05,-0.124861223215473,0.4499945836801859,0.07247461243478626
2026-05-21 00:24:00,4.803001491608092,4.802893594703204,4.8652253987165515e-05,-0.12363849939253155,0.450360363725266,0.07219102687594144
2026-05-21 00:25:00,4.805916587189315,4.8058069497511005,4.845802689511143e-05,-0.12242060824103822,0.45072469806793397,0.07190282947348992
2026-05-21 00:26:00,4.808819935902158,4.8087085579306175,4.826069170783172e-05,-0.1212076277189813,0.45108756338691647,0.07161002022744273
2026-05-21 00:27:00,4.811711351260908,4.81159823275604,4.8060248425311576e-05,-0.11999963578435024,0.45144893636093997,0.07131259913777788
2026-05-21 00:28:00,4.814590646779851,4.814475787741655,4.785669704757319e-05,-0.1187967103951341,0.4518087936687308,0.07101056620452831
2026-05-21 00:29:00,4.8174576359732715,4.817341036401749,4.7650037574623974e-05,-0.11759892950932119,0.4521671119890157,0.07070392142770501
2026-05-21 00:30:00,4.820312132355458,4.82019379225061,4.7440270006449124e-05,-0.11640637108490016,0.4525238680005212,0.07039266480728602
2026-05-21 00:31:00,4.823153949440697,4.823033868802523,4.7227394343019034e-05,-0.11521911307986012,0.45287903838197374,0.0700767963432274
2026-05-21 00:32:00,4.825982900743274,4.825861079571772,4.701141058437071e-05,-0.1140372334521912,0.4532325998120994,0.06975631603558408
2026-05-21 00:33:00,4.828798799777476,4.828675238072647,4.679231873051896e-05,-0.11286081015988061,0.4535845289696253,0.06943122388437802
2026-05-21 00:34:00,4.831601460057589,4.831476157819434,4.657011878141937e-05,-0.11168992116091778,0.4539348025332778,0.0691015198895433
2026-05-21 00:35:00,4.8343906950979,4.834263652326418,4.634481073709414e-05,-0.11052464441329213,0.45428339718178296,0.0687672040511129
2026-05-21 00:36:00,4.837166318412695,4.837037535107886,4.611639459755068e-05,-0.10936505787499198,0.4546302895938677,0.06842827636909779
2026-05-21 00:37:00,4.839928143516261,4.839797619678124,4.5884870362781585e-05,-0.10821123950400639,0.4549754564482585,0.06808473684348697
2026-05-21 00:38:00,4.842675983922883,4.842543719551419,4.565023803279426e-05,-0.10706326725832403,0.45531887442368174,0.06773658547429146
2026-05-21 00:39:00,4.845409653146847,4.845275648242059,4.541249760755909e-05,-0.10592121909593359,0.45566052019886416,0.06738382226146729
2026-05-21 00:40:00,4.848128964702443,4.8479932192643265,4.517164908709829e-05,-0.10478517297482524,0.4560003704525317,0.06702644720504744
2026-05-21 00:41:00,4.850833732103954,4.850696246132511,4.492769247143406e-05,-0.10365520685298657,0.4563384018634114,0.06666446030506483
2026-05-21 00:42:00,4.853523768865666,4.853384542360899,4.468062776052939e-05,-0.1025313986884066,0.4566745911102296,0.06629786156146457
2026-05-21 00:43:00,4.856198888501871,4.8560579214637745,4.4430454954391685e-05,-0.10141382643907478,0.4570089148717128,0.06592665097425764
2026-05-21 00:44:00,4.858858904526849,4.858716196955426,4.4177174053035745e-05,-0.10030256806297978,0.45734134982658736,0.06555082854346599
2026-05-21 00:45:00,4.861503630454889,4.861359182350139,4.392078505644677e-05,-0.0991977015181103,0.45767187265358,0.06517039426906766
2026-05-21 00:46:00,4.864132879800277,4.863986691162199,4.366128796464697e-05,-0.09809930476245575,0.45800046003141703,0.06478534815109561
2026-05-21 00:47:00,4.866746466077299,4.866598536905896,4.3398682777614124e-05,-0.09700745575400371,0.4583270886388252,0.06439569018951688
2026-05-21 00:48:00,4.869344202800243,4.869194533095513,4.3132969495348246e-05,-0.09592223245074473,0.45865173515453067,0.06400142038433147
2026-05-21 00:49:00,4.871925903483396,4.871774493245338,4.286414811786413e-05,-0.09484371281066638,0.4589743762572603,0.06360253873556135
2026-05-21 00:50:00,4.87449138164104,4.874338230869657,4.2592218645146986e-05,-0.09377197479175843,0.45929498862574025,0.06319904524318457
2026-05-21 00:51:00,4.877040450787466,4.876885559482756,4.2317181077196804e-05,-0.09270709635200922,0.4596135489386973,0.0627909399072011
2026-05-21 00:52:00,4.879572924436959,4.87941629259892,4.203903541402839e-05,-0.09164915544940853,0.45993003387485765,0.062378222727632916
2026-05-21 00:53:00,4.882088616103802,4.881930243732439,4.1757781655641736e-05,-0.09059823004194395,0.46024442011294814,0.06196089370448002
2026-05-21 00:54:00,4.884587339302288,4.884427226397597,4.147341980202205e-05,-0.08955439808760526,0.46055668433169505,0.06153895283772045
2026-05-21 00:55:00,4.887068907546698,4.886907054108682,4.118594985317673e-05,-0.08851773754438079,0.460866803209825,0.06111240012736519
2026-05-21 00:56:00,4.889533134351323,4.889369540379978,4.0895371809098376e-05,-0.08748832637025995,0.46117475342606434,0.060681235573403255
2026-05-21 00:57:00,4.891979833230446,4.891814498725774,4.0601685669801786e-05,-0.08646624252323144,0.4614805116591397,0.06024545917585661
2026-05-21 00:58:00,4.894408817698354,4.894241742660355,4.030489143527956e-05,-0.08545156396128394,0.4617840545877776,0.059805070934714266
2026-05-21 00:59:00,4.896819901269332,4.896651085698007,4.00049891055317e-05,-0.08444436864240648,0.4620853588907044,0.05936007084997623
2026-05-21 01:00:00,4.8992128974576685,4.899042341353018,3.970197868055081e-05,-0.08344473452458778,0.46238440124664676,0.05891045892163152
2026-05-21 01:01:00,4.9015876197776524,4.901415323139673,3.939586016032948e-05,-0.08245273956581727,0.4626811583343311,0.05845623514966915
2026-05-21 01:02:00,4.903943881743563,4.903769844572258,3.9086633544912114e-05,-0.08146846172408397,0.4629756068324837,0.05799739953415501
2026-05-21 01:03:00,4.906281496869694,4.906105719165063,3.877429883426172e-05,-0.08049197895737509,0.46326772341983163,0.05753395207503419
2026-05-21 01:04:00,4.9086002786703276,4.908422760432369,3.845885602836348e-05,-0.07952336922368156,0.4635574847751008,0.05706589277228474
2026-05-21 01:05:00,4.910900040659752,4.910720781888466,3.814030512725441e-05,-0.07856271048099131,0.463844867577018,0.056593221625961566
2026-05-21 01:06:00,4.913180596352251,4.91299959704764,3.781864613092711e-05,-0.0776100806872934,0.4641298485043096,0.05611593863605367
2026-05-21 01:07:00,4.915441759262116,4.915259019424178,3.749387903936678e-05,-0.07666555780057614,0.4644124042357024,0.055634043802539106
2026-05-21 01:08:00,4.917683342903629,4.917498862532364,3.71660038525586e-05,-0.07572921977882932,0.4646925114499226,0.0551475371253959
2026-05-21 01:09:00,4.919905160791078,4.919718939886485,3.6835020570547e-05,-0.07480114458004201,0.4649701468256965,0.05465641860468994
2026-05-21 01:10:00,4.922107026438748,4.9219190650008295,3.650092919331716e-05,-0.07388141016220177,0.46524528704175117,0.054160688240399275
2026-05-21 01:11:00,4.924288753360927,4.924099051389683,3.616372972084688e-05,-0.07297009448329841,0.46551790877681276,0.053660346032490945
2026-05-21 01:12:00,4.926450155071902,4.926258712567331,3.5823422153143564e-05,-0.07206727550132061,0.4657879887096079,0.05315539198097594
2026-05-21 01:13:00,4.928591045085959,4.92839786204806,3.548000649022942e-05,-0.07117303117425779,0.46605550351886277,0.052645826085887214
2026-05-21 01:14:00,4.930711236917383,4.930516313346159,3.513348273207484e-05,-0.07028743946009751,0.46632042988330447,0.05213164834718082
2026-05-21 01:15:00,4.932810544080463,4.932613879975909,3.4783850878702026e-05,-0.0694105783168307,0.46658274448165876,0.051612858764889726
2026-05-21 01:16:00,4.934888780089483,4.934690375451603,3.443111093011838e-05,-0.06854252570244382,0.46684242399265286,0.051089457339024896
2026-05-21 01:17:00,4.936945758458728,4.936745613287523,3.4075262886272086e-05,-0.0676833595749274,0.4670994450950129,0.05056144406950946
2026-05-21 01:18:00,4.938981292702489,4.938779406997956,3.371630674722237e-05,-0.0668331578922705,0.4673537844674651,0.050028818956431284
2026-05-21 01:19:00,4.940995196335049,4.94079157009719,3.335424251294701e-05,-0.06599199861246068,0.4676054187887366,0.0494915819997574
2026-05-21 01:20:00,4.942987282870696,4.942781916099509,3.298907018344603e-05,-0.06515995969348812,0.4678543247375534,0.04894973319948784
2026-05-21 01:21:00,4.944957365823717,4.944750258519203,3.2620789758712e-05,-0.06433711909334039,0.46810047899264245,0.04840327255561159
2026-05-21 01:22:00,4.946905258708394,4.946696410870555,3.224940123873754e-05,-0.06352355477000804,0.46834385823272967,0.04785220006811769
2026-05-21 01:23:00,4.94883077503902,4.948620186667852,3.187490462356705e-05,-0.06271934468147898,0.46858443913654196,0.04729651573707202
2026-05-21 01:24:00,4.950733728329875,4.950521399425383,3.1497299913163525e-05,-0.06192456678574156,0.4688221983828058,0.046736219562419676
2026-05-21 01:25:00,4.952613932095253,4.9523998626574315,3.1116587107512155e-05,-0.06113929904078556,0.46905711265024763,0.046171311544138685
2026-05-21 01:26:00,4.954471199849431,4.954255389878284,3.0732766206642556e-05,-0.060363619404600034,0.4692891586175938,0.04560179168227299
2026-05-21 01:27:00,4.9563053451067045,4.956087794602229,3.034583721056953e-05,-0.059597605835173297,0.46951831296357094,0.045027659976844554
2026-05-21 01:28:00,4.958116181381352,4.9578968903435525,2.9955800119256065e-05,-0.058841336290493665,0.4697445523669058,0.044448916427798454
2026-05-21 01:29:00,4.959903522187666,4.959682490616539,2.956265493270216e-05,-0.0580948887285513,0.4699678535063245,0.04386556103513469
2026-05-21 01:30:00,4.96166718103993,4.961444408935477,2.9166401650930023e-05,-0.05735834110733453,0.47018819306055365,0.043277593798886224
2026-05-21 01:31:00,4.963406971452432,4.963182458814651,2.876704027393225e-05,-0.05663177138483239,0.47040554770831977,0.042685014719042055
2026-05-21 01:32:00,4.965122706939456,4.964896453768349,2.8364570801716245e-05,-0.05591525751903359,0.4706198941283493,0.04208782379561318
2026-05-21 01:33:00,4.966814201015292,4.966586207310857,2.7958993234267204e-05,-0.05520887746792679,0.470831208999369,0.04148602102857763
2026-05-21 01:34:00,4.968481267194222,4.968251532956461,2.755030757159993e-05,-0.05451270918950143,0.47103946900010496,0.04087960641795736
2026-05-21 01:35:00,4.9701237189905365,4.969892244219449,2.713851381369222e-05,-0.05382683064174544,0.4712446508092842,0.04026857996371944
2026-05-21 01:36:00,4.971741369918519,4.971508154614104,2.6723611960566275e-05,-0.05315131978264938,0.47144673110563257,0.039652941665896814
2026-05-21 01:37:00,4.973334033492458,4.973099077654717,2.6305602012222096e-05,-0.05248625457020006,0.47164568656787725,0.03903269152448947
2026-05-21 01:38:00,4.974901523226638,4.97466482685557,2.588448396863008e-05,-0.051831712962388025,0.4718414938747442,0.038407829539453486
2026-05-21 01:39:00,4.976443652635347,4.976205215730952,2.5460257829819828e-05,-0.0511877729172016,0.47203412970496017,0.03777835571083279
2026-05-21 01:40:00,4.977960235232872,4.977720057795149,2.5032923595791345e-05,-0.05055451239262982,0.4722235707372516,0.03714427003862738
2026-05-21 01:41:00,4.979451084533496,4.979209166562447,2.4602481266529825e-05,-0.04993200934666101,0.472409793650345,0.03650557252281529
2026-05-21 01:42:00,4.980916014051507,4.980672355547132,2.4168930842042673e-05,-0.04932034173728497,0.4725927751229669,0.035862263163407515
2026-05-21 01:43:00,4.9823548373011946,4.9821094382634925,2.3732272322337287e-05,-0.048719587522489644,0.47277249183384373,0.03521434196041503
2026-05-21 01:44:00,4.983767367796843,4.983520228225813,2.3292505707406262e-05,-0.04812982466026445,0.4729489204617021,0.03456180891382684
2026-05-21 01:45:00,4.985153419052737,4.984904538948381,2.2849630997242207e-05,-0.0475511311085977,0.4731220376852686,0.033904664023631986
2026-05-21 01:46:00,4.986512804583163,4.986262183945482,2.240364819183771e-05,-0.0469835848254792,0.47329182018326943,0.03324290728981947
2026-05-21 01:47:00,4.98784533790241,4.987592976731402,2.1954557291214983e-05,-0.04642726376889763,0.47345824463443115,0.03257653871242224
2026-05-21 01:48:00,4.989150832524764,4.988896730820428,2.1502358295381423e-05,-0.04588224589684167,0.4736212877174803,0.03190555829145129
2026-05-21 01:49:00,4.990429101964509,4.9901732597268476,2.1047051204314826e-05,-0.045348609167299644,0.47378092611114364,0.03122996602687365
2026-05-21 01:50:00,4.991679959735935,4.9914223769649455,2.058863601800779e-05,-0.044826431538261345,0.47393713649414737,0.030549761918678357
2026-05-21 01:51:00,4.992903219353326,4.9926438960490085,2.0127112736497328e-05,-0.04431579096771545,0.474089895545218,0.02986494596692032
2026-05-21 01:52:00,4.994098694330968,4.993837630493325,1.9662481359746427e-05,-0.043816765413649914,0.47423917994308235,0.029175518171544623
2026-05-21 01:53:00,4.995266198183148,4.995003393812178,1.919474188775509e-05,-0.04332943283405526,0.47438496636646643,0.028481478532551268
2026-05-21 01:54:00,4.996405544424152,4.996140999519856,1.8723894320567722e-05,-0.042853871186919454,0.4745272314940969,0.027782827050006148
2026-05-21 01:55:00,4.997516546568269,4.997250261130646,1.8249938658139914e-05,-0.042390158430230786,0.4746659520047007,0.027079563723843365
2026-05-21 01:56:00,4.998599018129782,4.998330992158833,1.7772874900479076e-05,-0.04193837252197943,0.4748011045770037,0.026371688554073916
2026-05-21 01:57:00,4.999652772622982,4.999383006118704,1.72927030476e-05,-0.041498591420153344,0.4749326658897328,0.025659201540719746
2026-05-21 01:58:00,5.000677623562148,5.000406116524545,1.680942309948789e-05,-0.04107089308274194,0.4750606126216143,0.024942102683758908
2026-05-21 01:59:00,5.001673384461574,5.001400136890642,1.6323035056157544e-05,-0.040655355467733904,0.4751849214513748,0.024220391983213352
2026-05-21 02:00:00,5.00263986883554,5.0023648807312835,1.5833538917601567e-05,-0.04025205653311792,0.4753055690577408,0.023494069439072104
2026-05-21 02:01:00,5.003576890198338,5.003300161560754,1.5340934683819955e-05,-0.039861074236883044,0.4754225321194388,0.022763135051335166
2026-05-21 02:02:00,5.004484262064253,5.004205792893342,1.4845222354805307e-05,-0.03948248653701797,0.4755357873151953,0.02202758881999155
2026-05-21 02:03:00,5.005361797947569,5.005081588243331,1.434640193055022e-05,-0.039116371391512104,0.4756453113237367,0.021287430745030273
2026-05-21 02:04:00,5.006209311362573,5.005927361125008,1.3844473411091704e-05,-0.03876280675835452,0.4757510808237895,0.020542660826506253
2026-05-21 02:05:00,5.007026615823552,5.006742925052662,1.3339436796407551e-05,-0.03842187059553278,0.47585307249408043,0.019793279064386538
2026-05-21 02:06:00,5.007813524844795,5.007528093540577,1.2831292086482964e-05,-0.03809364086103706,0.47595126301333573,0.019039285458649163
2026-05-21 02:07:00,5.0085698519405835,5.00828268010304,1.2320039281347542e-05,-0.03777819551285567,0.4760456290602821,0.01828068000933806
2026-05-21 02:08:00,5.009295410625209,5.0090064982543385,1.1805678380971685e-05,-0.03747561250897728,0.476136147313646,0.0175174627164093
2026-05-21 02:09:00,5.0099900144129546,5.009699361508757,1.1288209385370192e-05,-0.037185969807391715,0.4762227944521537,0.016749633579884845
2026-05-21 02:10:00,5.010653476818107,5.010361083380583,1.0767632294543066e-05,-0.03690934536608689,0.476305547154532,0.015977192599764697
2026-05-21 02:11:00,5.011285611354955,5.010991477384102,1.0243947108497704e-05,-0.03664581714305263,0.4763843820995071,0.015200139776059836
2026-05-21 02:12:00,5.0118862315377815,5.011590357033603,9.717153827234112e-06,-0.03639546309627648,0.47645927596580595,0.014418475108770265
2026-05-21 02:13:00,5.012455150880874,5.01215753584337,9.187252450722679e-06,-0.03615836118374825,0.47653020543215474,0.013632198597852052
2026-05-21 02:14:00,5.01299218289852,5.012692827327689,8.654242978993014e-06,-0.035934589363457,0.4765971471772798,0.01284131024334913
2026-05-21 02:15:00,5.013497141105008,5.013196045000849,8.118125412045114e-06,-0.035724225593391036,0.47666007787990805,0.012045810045261495
2026-05-21 02:16:00,5.01396983901462,5.013667002377135,7.578899749849377e-06,-0.03552734783153941,0.47671897421876575,0.01124569800354522
2026-05-21 02:17:00,5.014410090141643,5.014105512970831,7.036565992435406e-06,-0.03534403403589193,0.4767738128725792,0.010440974118244233
2026-05-21 02:18:00,5.014817708000366,5.014511390296227,6.4911241398254065e-06,-0.03517436216443616,0.4768245705200752,0.00963163838939148
2026-05-21 02:19:00,5.015192506105076,5.01488444786761,5.942574191960167e-06,-0.03501841017516079,0.47687122383998054,0.008817690816899107
2026-05-21 02:20:00,5.015534297970055,5.015224499199262,5.390916148861891e-06,-0.034876256026056346,0.476913749511021,0.007999131400800056
2026-05-21 02:21:00,5.015842897109592,5.015531357805473,4.836150010552783e-06,-0.03474797767511042,0.4769521242119235,0.007175960141127278
2026-05-21 02:22:00,5.016118117037974,5.015804837200529,4.278275777003237e-06,-0.034633653080312424,0.4769863246214145,0.006348177037836839
2026-05-21 02:23:00,5.016359771269487,5.016044750898714,3.7172934482428608e-06,-0.03453336019965141,0.47701632741822036,0.005515782090972672
2026-05-21 02:24:00,5.016567673318416,5.016250912414318,3.1532030242494475e-06,-0.03444717699111534,0.4770421092810678,0.00467877530050183
2026-05-21 02:25:00,5.0167416366990505,5.016423135261624,2.5860045050378014e-06,-0.03437518141269436,0.47706364688868313,0.0038371566664462753
2026-05-21 02:26:00,5.016881474925674,5.016561232954922,2.0156978905931194e-06,-0.03431745142237569,0.47708091691979326,0.0029909261887840453
2026-05-21 02:27:00,5.016987001512574,5.016665019008495,1.4422831809079995e-06,-0.03427406497815022,0.47709389605312397,0.0021400838675041563
2026-05-21 02:28:00,5.017058029974038,5.016734306936631,8.657603760194495e-07,-0.03424510003800554,0.47710256096740233,0.0012846297026615212
2026-05-21 02:29:00,5.01709437382435,5.016768910253617,2.86129475890462e-07,-0.03423063455993069,0.47710688834135473,0.00042456369420122724
2026-05-21 02:30:00,5.0170958465777975,5.016768642473738,-2.9660951947156157e-07,-0.034230746501915106,0.4771068548537074,-0.00044011415786574274
2026-05-21 02:31:00,5.017062261748668,5.016733317111281,-8.824566100370153e-07,-0.034245513821947474,0.47710243718318707,-0.001309403853495459
2026-05-21 02:32:00,5.0169934328512475,5.016662747680534,-1.4714117958207022e-06,-0.03427501447801573,0.4770936120085204,-0.0021833053927098867
2026-05-21 02:33:00,5.0168891733998215,5.016556747695782,-2.063475076867031e-06,-0.03431932642810931,0.47708035600843374,-0.0030618187755749203
2026-05-21 02:34:00,5.016749296908677,5.01641513067131,-2.6586464531389944e-06,-0.03437852763021836,0.4770626458616533,-0.003944944002035647
2026-05-21 02:35:00,5.0165736168920985,5.0162377101214055,-3.2569259246069865e-06,-0.034452696042330484,0.47704045824690594,-0.004832681072048138
2026-05-21 02:36:00,5.016361946864378,5.016024299560357,-3.858313491315416e-06,-0.03454190962243434,0.47701376984291816,-0.0057250299856782885
2026-05-21 02:37:00,5.016114100339797,5.015774712502448,-4.46280915324948e-06,-0.03464624632851974,0.4769825573284162,-0.006621990742904132
2026-05-21 02:38:00,5.015829890832641,5.015488762461967,-5.07041291040918e-06,-0.034765784118574616,0.4769467973821269,-0.007523563343725669
2026-05-21 02:39:00,5.0155091318572,5.015166262953199,-5.681124762794513e-06,-0.03490060095058877,0.4769064666827765,-0.0084297477881429
2026-05-21 02:40:00,5.015151636927758,5.0148070274904315,-6.2949447104202845e-06,-0.03505077478255015,0.47686154190909164,-0.009340544076177789
2026-05-21 02:41:00,5.014757219558603,5.014410869587948,-6.911872753264288e-06,-0.035216383572449286,0.4768119997397985,-0.01025595220779739
2026-05-21 02:42:00,5.014325693264021,5.01397760276004,-7.531908891319124e-06,-0.03539750527827301,0.476757816853624,-0.011175972182990719
2026-05-21 02:43:00,5.013856871558297,5.01350704052099,-8.155053124621798e-06,-0.0355942178580115,0.4766989699292945,-0.01210060400181269
2026-05-21 02:44:00,5.01335056795572,5.012998996385085,-8.781305453135305e-06,-0.035806599269653426,0.4766354356455364,-0.013029847664208389
2026-05-21 02:45:00,5.0128065959705745,5.012453283866614,-9.410665876881848e-06,-0.036034727471187106,0.4765671906810764,-0.013963703170210765
2026-05-21 02:46:00,5.0122247691171475,5.011869716479859,-1.0043134395854026e-05,-0.036278680420602345,0.4764942117146408,-0.014902170519808836
2026-05-21 02:47:00,5.011604900909726,5.011248107739111,-1.0678711010051837e-05,-0.03653853607588708,0.47641647542495624,-0.015845249713002597
2026-05-21 02:48:00,5.010946804862595,5.010588271158653,-1.1317395719490086e-05,-0.0368143723950311,0.476333958490749,-0.01679294074981402
2026-05-21 02:49:00,5.010250294490042,5.009890020252772,-1.1959188524131766e-05,-0.037106267336023104,0.47624663759074576,-0.017745243630188187
2026-05-21 02:50:00,5.009515183306353,5.009153168535757,-1.2604089423999081e-05,-0.037414298856851026,0.47615448940367316,-0.01870215835415805
2026-05-21 02:51:00,5.008741284825814,5.008377529521892,-1.3252098419114233e-05,-0.03773854491550467,0.47605749060825747,-0.01966368492175655
2026-05-21 02:52:00,5.007928412562711,5.007562916725464,-1.390321550944762e-05,-0.03807908346997308,0.4759556178832252,-0.020629823332939765
2026-05-21 02:53:00,5.007076380031335,5.006709143660759,-1.4557400006672457e-05,-0.038435992478244585,0.4758488479073029,-0.021600513213688985
2026-05-21 02:54:00,5.006185000745965,5.005816028724663,-1.5214407780835456e-05,-0.03880934785719951,0.4757371579698185,-0.022575392319902965
2026-05-21 02:55:00,5.005254088220894,5.004883414727058,-1.587379126032721e-05,-0.03919921531817425,0.47562052841310676,-0.023553796537353986
2026-05-21 02:56:00,5.004283455970403,5.003911173773424,-1.653506218521154e-05,-0.03960564832585255,0.4754989432431107,-0.024535001377795636
2026-05-21 02:57:00,5.003272917508784,5.002899207264833,-1.7197732295552252e-05,-0.04002868809826546,0.4753723901293817,-0.02551828235298148
2026-05-21 02:58:00,5.002222286350319,5.001847445897957,-1.7861313331420567e-05,-0.040468363606791395,0.4752408604050795,-0.026502914974676082
2026-05-21 02:59:00,5.001131376009295,5.000755849665063,-1.8525317032895097e-05,-0.04092469157615646,0.47510434906697196,-0.02748817475465499
2026-05-21 03:00:00,5.0,4.99962440785401,-1.9189255140039662e-05,-0.04139767648443449,0.47496285477543526,-0.028473337204671774
2026-05-21 03:01:00,4.998828045075709,4.998453139048258,-1.985263939290327e-05,-0.04188731056304626,0.47481637985445396,-0.029457677836458054
2026-05-21 03:02:00,4.99761569094566,4.997242091126862,-2.051498153156454e-05,-0.04239357379675954,0.47466493029162093,-0.03044047216178937
2026-05-21 03:03:00,4.9963631905580765,4.99599134126447,-2.1175793296094684e-05,-0.04291643392369052,0.4745085157381371,-0.03142099569243028
2026-05-21 03:04:00,4.995070796861184,4.99470099593133,-2.183458642655752e-05,-0.043455846435302,0.474347149508812,-0.03239852394013437
2026-05-21 03:05:00,4.993738762803213,4.993371190893283,-2.249087266302426e-05,-0.04401175457640487,0.4741808485820632,-0.03337233241666619
2026-05-21 03:06:00,4.992367341332384,4.992002091211767,-2.314416374555132e-05,-0.04458408934515697,0.4740096335999167,-0.03434169663376835
2026-05-21 03:07:00,4.990956785396923,4.990593891243817,-2.3793971414224716e-05,-0.045172769493063494,0.47383352886800684,-0.035305892103227356
2026-05-21 03:08:00,4.989507347945059,4.98914681464206,-2.4439848097420245e-05,-0.045777701524978065,0.47365256235557573,-0.036264254710793545
2026-05-21 03:09:00,4.988019281925018,4.987661109472127,-2.5081549665177207e-05,-0.04639878174020852,0.47346676508487334,-0.03721642221235467
2026-05-21 03:10:00,4.986492840285024,4.986137028682239,-2.5719035429176234e-05,-0.0470359043969562,0.4732761686887501,-0.03816233423390302
2026-05-21 03:11:00,4.984928275973302,4.9845748252206254,-2.6352305389395112e-05,-0.04768896375342059,0.473080804800057,-0.03910199077540565
2026-05-21 03:12:00,4.983325841938078,4.982974752035512,-2.698135954587085e-05,-0.04835785406780193,0.4728807050516449,-0.04003539183691746
2026-05-21 03:13:00,4.981685791127581,4.981337062075121,-2.7606197898588646e-05,-0.04904246959830155,0.47267590107636437,-0.0409625374184165
2026-05-21 03:14:00,4.9800083764900345,4.979662008287681,-2.8226820447511494e-05,-0.04974270460311894,0.47246642450706633,-0.04188342751984785
2026-05-21 03:15:00,4.978293850973664,4.97794984362142,-2.8843227192683803e-05,-0.050458453340453596,0.4722523069766019,-0.042798062141277404
2026-05-21 03:16:00,4.976542467526696,4.976200821024559,-2.945541813410557e-05,-0.051189610068507224,0.4720335801178214,-0.043706441282705163
2026-05-21 03:17:00,4.9747544790973555,4.974415193445327,-3.0063393271754595e-05,-0.051936069045479316,0.4718102755635759,-0.044608564944098185
2026-05-21 03:18:00,4.97293013863387,4.972593213831948,-3.0667152605630874e-05,-0.05269772452957047,0.4715824249467161,-0.04550443312545646
2026-05-21 03:19:00,4.971069699084464,4.970735135132651,-3.1266696135741806e-05,-0.053474470778980175,0.4713500599000931,-0.04639404582679098
2026-05-21 03:20:00,4.969173413397363,4.968841210295659,-3.18620238621096e-05,-0.0542662020519094,0.4711132120565575,-0.04727740304813468
2026-05-21 03:21:00,4.967241534520795,4.966911692269198,-3.245313578469726e-05,-0.05507281260655875,0.47087191304895987,-0.048154504789432666
2026-05-21 03:22:00,4.965274315402985,4.964946834001496,-3.304003190351216e-05,-0.05589419670112734,0.47062619451015153,-0.0490253510506959
2026-05-21 03:23:00,4.963272008992158,4.962946888440777,-3.3622712218583925e-05,-0.05673024859381614,0.470376088072983,-0.04988994183196832
2026-05-21 03:24:00,4.961234868236539,4.960912108535266,-3.420117672989035e-05,-0.057580862542825746,0.47012162537030494,-0.050748277133216994
2026-05-21 03:25:00,4.959163146084354,4.95884274723319,-3.477542543742403e-05,-0.05844593280635603,0.4698628380349684,-0.051600356954430916
2026-05-21 03:26:00,4.957057095483832,4.956739057482775,-3.5345458341192366e-05,-0.059325353642607215,0.46959975769982415,-0.052446181295621085
2026-05-21 03:27:00,4.954916969383197,4.954601292232247,-3.591127544119536e-05,-0.06021901930977952,0.46933241599772296,-0.05328575015678749
2026-05-21 03:28:00,4.952743020730673,4.952429704429831,-3.647287673744041e-05,-0.06112682406607319,0.46906084456151576,-0.054119063537941124
2026-05-21 03:29:00,4.950535502474487,4.950224547023754,-3.703026222992012e-05,-0.06204866216968882,0.4687850750240532,-0.054946121439070995
2026-05-21 03:30:00,4.948294667562866,4.947986072962241,-3.758343191862708e-05,-0.06298442787882627,0.46850513901818613,-0.055766923860166115
2026-05-21 03:31:00,4.946020768944037,4.945714535193519,-3.8132385803576105e-05,-0.06393401545168577,0.4682210681767655,-0.05658147080124847
2026-05-21 03:32:00,4.943714059566222,4.943410186665812,-3.8677123884767187e-05,-0.06489731914646792,0.467932894132642,-0.057389762262318046
2026-05-21 03:33:00,4.941374792377649,4.9410732803273465,-3.921764616219292e-05,-0.06587423322137294,0.46764064851866644,-0.05819179824336385
2026-05-21 03:34:00,4.939003220326543,4.938704069126349,-3.975395263583851e-05,-0.06686465193460107,0.46734436296768955,-0.058987578744363944
2026-05-21 03:35:00,4.93659959636113,4.936302806011046,-4.028604330573356e-05,-0.0678684695443518,0.46704406911256247,-0.05977710376536224
2026-05-21 03:36:00,4.934164173429639,4.933869743929661,-4.081391817187807e-05,-0.06888558030882684,0.46673979858613557,-0.060560373306358745
2026-05-21 03:37:00,4.931697204480292,4.9314051358304205,-4.1337577234235034e-05,-0.06991587848622569,0.4664315830212599,-0.06133738736729854
2026-05-21 03:38:00,4.929198942461316,4.928909234661552,-4.1857020492834056e-05,-0.07095925833474817,0.4661194540507863,-0.06210814594822556
2026-05-21 03:39:00,4.926669640320936,4.92638229337128,-4.2372247947667735e-05,-0.0720156141125953,0.4658034433075655,-0.06287264904912881
2026-05-21 03:40:00,4.924109551007379,4.923824564907832,-4.288325959874347e-05,-0.07308484007796653,0.46548358242444854,-0.0636308966700193
2026-05-21 03:41:00,4.921518927468871,4.921236302219431,-4.3390055446061265e-05,-0.07416683048906322,0.4651599030342858,-0.064382888810897
2026-05-21 03:42:00,4.918898022653637,4.918617758254305,-4.389263548959151e-05,-0.07526147960408486,0.46483243676992836,-0.065128625471718
2026-05-21 03:43:00,4.916247089509903,4.91596918596068,-4.439099972937862e-05,-0.0763686816812313,0.46450121526422716,-0.06586810665254818
2026-05-21 03:44:00,4.913566380985895,4.9132908382867795,-4.488514816540038e-05,-0.07748833097870426,0.46416627015003264,-0.06660133235335461
2026-05-21 03:45:00,4.910856150029841,4.910582968180832,-4.5375080797642e-05,-0.07862032175470249,0.4638276330601959,-0.0673283025741153
2026-05-21 03:46:00,4.908116649589961,4.907845828591062,-4.586079762614048e-05,-0.07976454826742695,0.4634853356275678,-0.06804901731488519
2026-05-21 03:47:00,4.905348132614487,4.905079672465695,-4.6342298650858815e-05,-0.08092090477507825,0.46313940948499877,-0.06876347657560936
2026-05-21 03:48:00,4.902550852051643,4.902284752752959,-4.6819583871819206e-05,-0.0820892855358555,0.4627898862653402,-0.06947168035632074
2026-05-21 03:49:00,4.899725060849654,4.899461322401077,-4.729265328902906e-05,-0.08326958480796041,0.4624367976014423,-0.07017362865703035
2026-05-21 03:50:00,4.896871011956744,4.896609634358276,-4.776150690244396e-05,-0.08446169684959248,0.46208017512615623,-0.07086932147767225
2026-05-21 03:51:00,4.893988958321143,4.893729941572784,-4.8226144712108326e-05,-0.08566551591895119,0.4617200504723329,-0.07155875881831236
2026-05-21 03:52:00,4.891079152891074,4.890822496992823,-4.868656671803695e-05,-0.08688093627423826,0.4613564552728228,-0.07224194067897263
2026-05-21 03:53:00,4.888141848614764,4.887887553566619,-4.914277292016323e-05,-0.08810785217365391,0.46098942116047675,-0.07291886705955425
2026-05-21 03:54:00,4.885177298440439,4.884925364242403,-4.959476331853156e-05,-0.08934615787539653,0.4606189797681461,-0.07358953796012307
2026-05-21 03:55:00,4.882185755316324,4.8819361819683955,-5.004253791314935e-05,-0.09059574763766855,0.4602451627286809,-0.07425395338069012
2026-05-21 03:56:00,4.879167472190646,4.878920259692825,-5.04860967039944e-05,-0.09185651571866874,0.4598680016749326,-0.07491211332122241
2026-05-21 03:57:00,4.87612270201163,4.875877850363916,-5.09254396910815e-05,-0.09312835637659843,0.45948752823975164,-0.07556401778174192
2026-05-21 03:58:00,4.873051697727501,4.872809206929896,-5.136056687439587e-05,-0.0944111638696571,0.4591037740559889,-0.07620966676222671
2026-05-21 03:59:00,4.869954712286485,4.869714582338989,-5.179147825395969e-05,-0.09570483245604539,0.4587167707564953,-0.07684906026270968
2026-05-21 04:00:00,4.866831998636809,4.8665942295394204,-5.2218173829750765e-05,-0.09700925639396385,0.45832654997412153,-0.07748219828315792
2026-05-21 04:01:00,4.863683809726702,4.863448401479419,-5.264065360176169e-05,-0.098324329941612,0.4579331433417184,-0.07810908082356043
2026-05-21 04:02:00,4.860510398504381,4.860277351107209,-5.305891757002949e-05,-0.09964994735719006,0.4575365824921371,-0.07872970788397214
2026-05-21 04:03:00,4.857312017918081,4.857081331371015,-5.347296573454674e-05,-0.10098600289889936,0.4571368990582278,-0.07934407946438204
2026-05-21 04:04:00,4.854088920916022,4.853860595219063,-5.388279809527645e-05,-0.10233239082493978,0.4567341246728416,-0.07995219556473525
2026-05-21 04:05:00,4.850841360446432,4.850615395599582,-5.4288414652240806e-05,-0.10368900539351081,0.45632829096882943,-0.0805540561850647
2026-05-21 04:06:00,4.847569589457537,4.8473459854607945,-5.468981540543982e-05,-0.1050557408628134,0.455919429579042,-0.08114966132537037
2026-05-21 04:07:00,4.844273860897563,4.844052617750929,-5.5087000354873496e-05,-0.10643249149104704,0.45550757213633036,-0.0817390109856523
2026-05-21 04:08:00,4.840954427714735,4.84073554541821,-5.547996950057143e-05,-0.10781915153641272,0.45509275027354507,-0.08232210516595438
2026-05-21 04:09:00,4.837611542857279,4.8373950214108605,-5.586872284248183e-05,-0.1092156152571114,0.45467499562353664,-0.08289894386619978
2026-05-21 04:10:00,4.83424545927342,4.834031298677112,-5.6253260380634275e-05,-0.11062177691134145,0.45425433981915647,-0.08346952708643239
2026-05-21 04:11:00,4.830856429911386,4.830644630165184,-5.663358211502138e-05,-0.11203753075730535,0.4538308144932549,-0.08403385482664125
2026-05-21 04:12:00,4.827444707719403,4.827235268823309,-5.700968804564314e-05,-0.11346277105320107,0.45340445127868323,-0.08459192708682634
2026-05-21 04:13:00,4.824010545645695,4.823803467599707,-5.738157817249956e-05,-0.11489739205723108,0.45297528180829166,-0.08514374386698767
2026-05-21 04:14:00,4.820554196638487,4.820349479442609,-5.774925249558323e-05,-0.1163412880275934,0.4525433377149317,-0.08568930516711425
2026-05-21 04:15:00,4.817075913646008,4.816873557300237,-5.8112711014923765e-05,-0.11779435322249009,0.4521086506314536,-0.08622861098725003
2026-05-21 04:16:00,4.8135759496164825,4.8133759541208185,-5.847195373049156e-05,-0.11925648190012064,0.4516712521907084,-0.08676166132735107
2026-05-21 04:17:00,4.810054557498133,4.809856922852578,-5.88269806422866e-05,-0.12072756831868567,0.4512311740255469,-0.08728845618741736
2026-05-21 04:18:00,4.80651199023919,4.806316716443744,-5.917779175031631e-05,-0.12220750673638466,0.45078844776882004,-0.0878089955674599
2026-05-21 04:19:00,4.802948500787878,4.80275558784254,-5.9524387054602874e-05,-0.12369619141141856,0.4503431050533784,-0.08832327946751162
2026-05-21 04:20:00,4.7993643420924235,4.799173789997192,-5.986676655510929e-05,-0.125193516601988,0.44989517751207275,-0.08883130788751761
2026-05-21 04:21:00,4.795759767101051,4.795571575855927,-6.0204930251857765e-05,-0.12669937656629207,0.4494446967777542,-0.08933308082751083
2026-05-21 04:22:00,4.792135028761985,4.791949198366969,-6.05388781448483e-05,-0.12821366556253252,0.4489916944832732,-0.08982859828749129
2026-05-21 04:23:00,4.788490380023454,4.788306910478545,-6.0868610234051286e-05,-0.12973627784890843,0.44853620226148083,-0.09031786026741502
2026-05-21 04:24:00,4.784826073833682,4.784644965138883,-6.119412651950373e-05,-0.13126710768362004,0.448078251745228,-0.09080086676733695
2026-05-21 04:25:00,4.781142363140899,4.780963615296205,-6.151542700119083e-05,-0.13280604932486834,0.4476178745673651,-0.09127761778723513
2026-05-21 04:26:00,4.7774395008933235,4.77726311389874,-6.18325116791126e-05,-0.1343529970308528,0.44715510236074346,-0.09174811332710957
2026-05-21 04:27:00,4.773717740039187,4.773543713894711,-6.214538055326901e-05,-0.13590784505977438,0.44668996675821354,-0.09221235338696022
2026-05-21 04:28:00,4.769977333526715,4.7698056682323475,-6.245403362367488e-05,-0.1374704876698326,0.44622249939262637,-0.0926703379668091
2026-05-21 04:29:00,4.766218534304131,4.7660492298598705,-6.275847089031543e-05,-0.13904081911922916,0.4457527318968323,-0.09312206706663421
2026-05-21 04:30:00,4.762441595319662,4.76227465172551,-6.305869235317581e-05,-0.1406187336661628,0.44528069590368263,-0.0935675406864136
2026-05-21 04:31:00,4.758646769521534,4.758482186777489,-6.335469801227826e-05,-0.1422041255688345,0.444806423046028,-0.0940067588261802
2026-05-21 04:32:00,4.754834309857972,4.754672087964036,-6.364648786762276e-05,-0.14379688908544408,0.4443299449567194,-0.09443972148593403
2026-05-21 04:33:00,4.751004469277204,4.750844608233375,-6.393406191920192e-05,-0.1453969184741926,0.4438512932686072,-0.0948664286656641
2026-05-21 04:34:00,4.747157500727453,4.747000000533732,-6.421742016700094e-05,-0.14700410799327945,0.4433704996145426,-0.09528688036534845
2026-05-21 04:35:00,4.743293657156948,4.7431385178133345,-6.449656261105681e-05,-0.1486183519009049,0.4428875956273765,-0.09570107658504198
2026-05-21 04:36:00,4.73941319151391,4.739260413020405,-6.477148925134734e-05,-0.1502395444552703,0.44240261293995925,-0.09610901732471176
2026-05-21 04:37:00,4.735516356746571,4.735365939103173,-6.504220008785773e-05,-0.15186757991457478,0.441915583185142,-0.09651070258433582
2026-05-21 04:38:00,4.731603405803151,4.731455349009862,-6.530869512061758e-05,-0.1535023525370189,0.4414265379957755,-0.09690613236395808
2026-05-21 04:39:00,4.727674591631881,4.727528895688699,-6.557097434960469e-05,-0.1551437565808033,0.4409355090047105,-0.0972953066635456
2026-05-21 04:40:00,4.723730167180983,4.72358683208791,-6.582903777482644e-05,-0.15679168630412743,0.4404425278447981,-0.09767822548310935
2026-05-21 04:41:00,4.719770385398684,4.7196294111557195,-6.608288539629766e-05,-0.1584460359651923,0.4399476261488887,-0.09805488882267131
2026-05-21 04:42:00,4.71579549923321,4.715656885840354,-6.633251721400353e-05,-0.16010669982219813,0.4394508355498333,-0.09842529668220952
2026-05-21 04:43:00,4.711805761632789,4.711669509090039,-6.657793322793667e-05,-0.16177357213334512,0.4389521876804826,-0.09878944906171298
2026-05-21 04:44:00,4.707801425545645,4.707667533853002,-6.681913343810445e-05,-0.16344654715683316,0.4384517141736876,-0.09914734596119268
2026-05-21 04:45:00,4.7037827439200015,4.703651213077467,-6.70561178445069e-05,-0.16512551915086285,0.43794944666229896,-0.09949898738064863
2026-05-21 04:46:00,4.699749969704087,4.699620799711661,-6.72888864471514e-05,-0.16681038237363402,0.43744541677916776,-0.09984437332009179
2026-05-21 04:47:00,4.695703355846128,4.695576546703808,-6.751743924603056e-05,-0.16850103108334766,0.4369396561571444,-0.1001835037795112
2026-05-21 04:48:00,4.691643155294348,4.691518707002137,-6.774177624114437e-05,-0.17019735953820325,0.4364321964290801,-0.10051637875890684
2026-05-21 04:49:00,4.687569620996973,4.687447533554871,-6.796189743249284e-05,-0.1718992619964018,0.43592306922782526,-0.10084299825827872
2026-05-21 04:50:00,4.683483005902231,4.683363279310238,-6.817780282007598e-05,-0.17360663271614277,0.43541230618623106,-0.10116336227762686
2026-05-21 04:51:00,4.679383562958348,4.679266197216462,-6.838949240390857e-05,-0.1753193659556271,0.43489993893714807,-0.10147747081697318
2026-05-21 04:52:00,4.675271545113548,4.675156540221769,-6.859696618396841e-05,-0.17703735597305506,0.4343859991134271,-0.10178532387628476
2026-05-21 04:53:00,4.671147205316057,4.671034561274386,-6.880022416024811e-05,-0.1787604970266265,0.4338705183479192,-0.10208692145555064
2026-05-21 04:54:00,4.6670107965141,4.666900513322539,-6.899926633278468e-05,-0.18048868337454127,0.4333535282734751,-0.1023822635548257
2026-05-21 04:55:00,4.662862571655906,4.662754649314452,-6.919409270156329e-05,-0.18222180927500112,0.43283506052294535,-0.10267135017408797
2026-05-21 04:56:00,4.658702783689699,4.658597222198352,-6.938470326655436e-05,-0.1839597689862051,0.432315146729181,-0.10295418131329355
2026-05-21 04:57:00,4.654531685563705,4.654428484922465,-6.95710980277875e-05,-0.1857024567663535,0.4317938185250329,-0.10323075697248635
2026-05-21 04:58:00,4.650349530226148,4.650248690435017,-6.975327698526268e-05,-0.1874497668736469,0.4312711075433518,-0.10350107715166636
2026-05-21 04:59:00,4.646156570625258,4.646058091684234,-6.993124013897253e-05,-0.1892015935662855,0.43074704541698844,-0.10376514185082261
2026-05-21 05:00:00,4.641953059709254,4.64185694161834,-7.010498748892443e-05,-0.19095783110246956,0.4302216637787937,-0.10402295106996609
2026-05-21 05:01:00,4.63773925042637,4.637645493185563,-7.027451903511099e-05,-0.19271837374039968,0.4296949942616182,-0.10427450480908582
2026-05-21 05:02:00,4.633515395724828,4.633423999334127,-7.04398347775248e-05,-0.19448311573827573,0.42916706849831304,-0.10451980306817078
2026-05-21 05:03:00,4.629281748552852,4.62919271301226,-7.060093471617327e-05,-0.19625195135429793,0.4286379181217289,-0.10475884584723201
2026-05-21 05:04:00,4.625038561858671,4.624951887168186,-7.07578188510638e-05,-0.1980247748466665,0.42810757476471667,-0.10499163314628046
2026-05-21 05:05:00,4.620786088590508,4.620701774750132,-7.091048718218898e-05,-0.19980148047358204,0.42757607006012704,-0.10521816496530513
2026-05-21 05:06:00,4.616524581696591,4.616442628706324,-7.105893970954883e-05,-0.20158196249324442,0.427043435640811,-0.10543844130430606
2026-05-21 05:07:00,4.6122542941251465,4.612174701984986,-7.120317643313593e-05,-0.20336611516385422,0.4265097031396192,-0.10565246216327223
2026-05-21 05:08:00,4.607975478824399,4.607898247534347,-7.134319735297989e-05,-0.20515383274361096,0.42597490418940265,-0.10586022754224761
2026-05-21 05:09:00,4.603688388742574,4.6036135183026285,-7.147900246905851e-05,-0.2069450094907167,0.4254390704230116,-0.10606173744119922
2026-05-21 05:10:00,4.599393276827898,4.59932076723806,-7.161059178134218e-05,-0.20873953966336983,0.4249022334732976,-0.10625699186008314
2026-05-21 05:11:00,4.5950903960285965,4.5950202472888675,-7.17379652898827e-05,-0.21053731751977092,0.42436442497311117,-0.10644599079897624
2026-05-21 05:12:00,4.590779999292895,4.590712211403274,-7.18611229946653e-05,-0.212338237318121,0.42382567655530295,-0.10662873425785659
2026-05-21 05:13:00,4.58646233956902,4.586396912529508,-7.198006489568254e-05,-0.21414219331661985,0.42328601985272396,-0.10680522223671315
2026-05-21 05:14:00,4.582137669805197,4.582074603615792,-7.209479099293445e-05,-0.21594907977346814,0.4227454864982248,-0.10697545473554598
2026-05-21 05:15:00,4.577806242949653,4.5777455376103555,-7.22053012864062e-05,-0.2177587909468657,0.42220410812465653,-0.10713943175433306
2026-05-21 05:16:00,4.573468311950612,4.573409967461424,-7.231159577612741e-05,-0.2195712210950124,0.42166191636486994,-0.10729715329311836
2026-05-21 05:17:00,4.569124129756302,4.56906814611722,-7.241367446209068e-05,-0.22138626447610957,0.42111894285171564,-0.10744861935189087
2026-05-21 05:18:00,4.564773949314945,4.564720326525973,-7.251153734428121e-05,-0.22320381534835668,0.42057521921804464,-0.10759382993062865
2026-05-21 05:19:00,4.560418023574773,4.5603667616359065,-7.26051844227138e-05,-0.22502376796995438,0.4200307770967075,-0.10773278502935364
2026-05-21 05:20:00,4.556056605484005,4.556007704395247,-7.269461569736624e-05,-0.22684601659910286,0.4194856481205553,-0.10786548464803292
2026-05-21 05:21:00,4.551689947990872,4.5516434077522225,-7.277983116826074e-05,-0.2286704554940016,0.4189398639224389,-0.10799192878669941
2026-05-21 05:22:00,4.547318304043597,4.547274124655056,-7.28608308354121e-05,-0.230496978912852,0.4183934561352089,-0.10811211744537509
2026-05-21 05:23:00,4.542941926590408,4.542900108051973,-7.293761469877591e-05,-0.23232548111385423,0.417846456391716,-0.10822605062399408
2026-05-21 05:24:00,4.538561068579528,4.538521610891203,-7.301018275838179e-05,-0.23415585635520744,0.41729889632481143,-0.10833372832260028
2026-05-21 05:25:00,4.534175982959185,4.534138886120967,-7.307853501423712e-05,-0.23598799889511332,0.4167508075673456,-0.10843515054120469
2026-05-21 05:26:00,4.529786922677605,4.529752186689494,-7.314267146630489e-05,-0.23782180299177136,0.4162022217521695,-0.10853031727975238
2026-05-21 05:27:00,4.525394140683013,4.525361765545011,-7.320259211462214e-05,-0.23965716290338146,0.415653170512134,-0.10861922853829829
2026-05-21 05:28:00,4.520997889923635,4.52096787563574,-7.325829695918144e-05,-0.24149397288814492,0.4151036854800897,-0.10870188431683142
2026-05-21 05:29:00,4.516598423347697,4.516570769909909,-7.330978599996059e-05,-0.24333212720426123,0.4145537982888876,-0.10877828461531881
2026-05-21 05:30:00,4.512195993903423,4.512170701315744,-7.335705923697441e-05,-0.24517152010993062,0.4140035405713785,-0.10884842943378246
2026-05-21 05:31:00,4.507790854539042,4.507767922801472,-7.340011667023768e-05,-0.24701204586335335,0.4134529439604133,-0.1089123187722443
2026-05-21 05:32:00,4.5033832582027795,4.503362687315316,-7.343895829974301e-05,-0.24885359872273036,0.41290204008884257,-0.10896995263069338
2026-05-21 05:33:00,4.498973457842859,4.498955247805503,-7.347358412546079e-05,-0.2506960729462615,0.4123508605895172,-0.10902133100908575
2026-05-21 05:34:00,4.494561706407507,4.494545857220261,-7.350399414742063e-05,-0.2525393627921463,0.41179943709528827,-0.10906645390746533
2026-05-21 05:35:00,4.49014825684495,4.490134768507812,-7.353018836562993e-05,-0.25438336251858606,0.41124780123900617,-0.10910532132584314
2026-05-21 05:36:00,4.4857333621034154,4.485722234616385,-7.355216678007389e-05,-0.2562279663837807,0.4106959846535219,-0.10913793326419717
2026-05-21 05:37:00,4.481317275131127,4.4813085084942035,-7.35699293907525e-05,-0.2580730686459307,0.4101440189716863,-0.10916428972252744
2026-05-21 05:38:00,4.47690024887631,4.476893843089495,-7.358347619765838e-05,-0.25991856356323606,0.4095919358263501,-0.10918439070082299
2026-05-21 05:39:00,4.472482536287192,4.4724784913504845,-7.35928072007989e-05,-0.2617643453938969,0.40903976685036425,-0.10919823619909476
2026-05-21 05:40:00,4.468064390311998,4.468062706225399,-7.359792240018148e-05,-0.26361030839611355,0.4084875436765795,-0.10920582621735375
2026-05-21 05:41:00,4.463646063898954,4.463646740662463,-7.359882179580612e-05,-0.26545634682808655,0.40793529793784655,-0.10920716075559997
2026-05-21 05:42:00,4.459227809996287,4.459230847609902,-7.359550538765802e-05,-0.26730235494801613,0.4073830612670163,-0.10920223981381144
2026-05-21 05:43:00,4.454809881552221,4.454815280015944,-7.358797317574458e-05,-0.2691482270141021,0.4068308652969397,-0.10919106339199916
2026-05-21 05:44:00,4.450392531514981,4.450400290828813,-7.357622516006579e-05,-0.27099385728454517,0.40627874166046735,-0.10917363149016313
2026-05-21 05:45:00,4.445976012832795,4.445986132996736,-7.356026134062166e-05,-0.27283914001754517,0.40572672199045023,-0.10914994410830334
2026-05-21 05:46:00,4.44156057845389,4.441573059467938,-7.354008171742699e-05,-0.27468396947130264,0.4051748379197391,-0.10912000124644174
2026-05-21 05:47:00,4.437146481326489,4.437161323190645,-7.351568629046698e-05,-0.2765282399040182,0.40462312108118453,-0.10908380290455638
2026-05-21 05:48:00,4.432733974398818,4.432751177113082,-7.348707505973421e-05,-0.2783718455738917,0.4040716031076376,-0.10904134908263627
2026-05-21 05:49:00,4.428323310619105,4.4283428741834765,-7.345424802523611e-05,-0.2802146807391235,0.4035203156319491,-0.10899263978069243
2026-05-21 05:50:00,4.423914742935575,4.423936667350054,-7.341720518697267e-05,-0.2820566396579136,0.4029692902869698,-0.10893767499872482
2026-05-21 05:51:00,4.419508524296453,4.41953280956104,-7.337594654494387e-05,-0.28389761658846246,0.40241855870555054,-0.10887645473673344
2026-05-21 05:52:00,4.4151049076499636,4.4151315537646605,-7.333047209916455e-05,-0.2857375057889701,0.4018681525205422,-0.10880897899474028
2026-05-21 05:53:00,4.4107041459443375,4.41073315290914,-7.328075403985797e-05,-0.2875762015176377,0.40131810336479534,-0.10873520650813424
2026-05-21 05:54:00,4.406306492127796,4.4063378632798775,-7.322662550845275e-05,-0.28941359663760235,0.40076844328849637,-0.1086548896893809
2026-05-21 05:55:00,4.401912199148566,4.401945957848126,-7.316778059761979e-05,-0.29124957703669185,0.4002192064285082,-0.10856757462807715
2026-05-21 05:56:00,4.397521519954873,4.397557729608163,-7.310388559022367e-05,-0.2930840202323616,0.39967042942570585,-0.10847276614916497
2026-05-21 05:57:00,4.393134707494946,4.393173491577299,-7.303460676913639e-05,-0.294916795371693,0.3991221514249766,-0.10836996907759736
2026-05-21 05:58:00,4.388752014717007,4.388793576795867,-7.295961041725215e-05,-0.29674776323139573,0.39857441407522,-0.10825868823836016
2026-05-21 05:59:00,4.384373694569282,4.384418338327229,-7.287856281744295e-05,-0.2985767762178065,0.39802726152934753,-0.10813842845640638
2026-05-21 06:00:00,4.38,4.380048149257774,-7.279113025259558e-05,-0.3004036783668889,0.39748074044428294,-0.10800869455671092
2026-05-21 06:01:00,4.375631234014951,4.375683402696917,-7.269697900560423e-05,-0.30222830534423467,0.39693489998096204,-0.10786899136425966
2026-05-21 06:02:00,4.371267899850205,4.371324511777101,-7.259577535932612e-05,-0.3040504844450627,0.39638979180433276,-0.10771882370398367
2026-05-21 06:03:00,4.36691055079939,4.366971909653798,-7.248718559664062e-05,-0.3058700345942179,0.39584547008335547,-0.10755769640084682
2026-05-21 06:04:00,4.362559740156141,4.362626049505504,-7.237087600044933e-05,-0.30768676634617387,0.39530199149100226,-0.10738511427984601
2026-05-21 06:05:00,4.358216021214095,4.358287404533744,-7.224651285361686e-05,-0.3095004818850311,0.39475941520425784,-0.10720058216592322
2026-05-21 06:06:00,4.35387994726688,4.35395646796307,-7.211376243902261e-05,-0.3113109750245169,0.3942178029041187,-0.10700360488404242
2026-05-21 06:07:00,4.349552071608131,4.349633753041061,-7.197229103956075e-05,-0.31311803120798626,0.3936772187755936,-0.10679368725918947
2026-05-21 06:08:00,4.345232947531482,4.345319793038323,-7.182179274786518e-05,-0.3149214275084217,0.3931377295077034,-0.10657037538090644
2026-05-21 06:09:00,4.340923128330567,4.3410151379113175,-7.166210070537933e-05,-0.3167209340234947,0.392599403876146,-0.10633342166168078
2026-05-21 06:10:00,4.336623167299018,4.336720340953677,-7.149318710233387e-05,-0.31851631945581516,0.39206231107395423,-0.10608278483691243
2026-05-21 06:11:00,4.332333617730467,4.3324359554590375,-7.131505193872142e-05,-0.3203073525079919,0.3915265202941614,-0.1058184649065904
2026-05-21 06:12:00,4.328055032918549,4.328162534721031,-7.112769521457155e-05,-0.32209380188263453,0.3909921007298005,-0.1055404618707586
2026-05-21 06:13:00,4.323787966156898,4.323900632033289,-7.093111692986949e-05,-0.3238754362823534,0.39045912157390433,-0.10524877572939512
2026-05-21 06:14:00,4.319532970739146,4.3196508006894465,-7.072531708460042e-05,-0.32565202440975716,0.3899276520195064,-0.10494340648247794
2026-05-21 06:15:00,4.315290599958924,4.315413593983137,-7.051029567877916e-05,-0.32742333496745557,0.3893977612596396,-0.10462435413002907
2026-05-21 06:16:00,4.31106140710987,4.311189565207993,-7.02860527124057e-05,-0.32918913665805816,0.3888695184873369,-0.10429161867204848
2026-05-21 06:17:00,4.306845945485614,4.306979267657648,-7.005258818549483e-05,-0.33094919818417445,0.38834299289563157,-0.10394520010855812
2026-05-21 06:18:00,4.302644768379791,4.302783254625734,-6.980990209802437e-05,-0.3327032882484148,0.38781825367755624,-0.1035850984395251
2026-05-21 06:19:00,4.298458429086033,4.298602079405885,-6.955799444997949e-05,-0.3344511755533876,0.3872953700261444,-0.10321131366492739
2026-05-21 06:20:00,4.294287480897973,4.294436295291736,-6.929686524138982e-05,-0.3361926288017025,0.3867744111344291,-0.10282384578480896
2026-05-21 06:21:00,4.290132477109244,4.2902864555769185,-6.902651447225535e-05,-0.33792741669596943,0.38625544619544333,-0.10242269479916981
2026-05-21 06:22:00,4.285993971013482,4.2861531135550655,-6.874694214255387e-05,-0.33965530793879795,0.38573854440222,-0.10200786070797697
2026-05-21 06:23:00,4.281872515904318,4.282036822519812,-6.84581482523076e-05,-0.34137607123279684,0.38522377494779253,-0.10157934351126341
2026-05-21 06:24:00,4.277768665075384,4.2779381357647885,-6.816013280150913e-05,-0.34308947528057687,0.3847112070251936,-0.10113714320901813
2026-05-21 06:25:00,4.273682971820315,4.273857606583631,-6.785289579015104e-05,-0.34479528878474647,0.3842009098274565,-0.10068125980123016
2026-05-21 06:26:00,4.2696159894327455,4.26979578826997,-6.753643721823336e-05,-0.34649328044791594,0.38369295254761426,-0.1002116932878995
2026-05-21 06:27:00,4.265568271206306,4.265753234117443,-6.721075708577088e-05,-0.3481832189726937,0.38318740437870014,-0.0997284436690481
2026-05-21 06:28:00,4.261540370434632,4.261730497419678,-6.68758553927562e-05,-0.3498648730616909,0.38268433451374667,-0.099231510944665
2026-05-21 06:29:00,4.257532840411355,4.257728131470312,-6.653173213918191e-05,-0.35153801141751556,0.38218381214578756,-0.09872089511473918
2026-05-21 06:30:00,4.253546234430109,4.253746689562976,-6.617838732505543e-05,-0.35320240274277837,0.3816859064678554,-0.09819659617928166
2026-05-21 06:31:00,4.249581105784529,4.2497867249913055,-6.581582095036935e-05,-0.3548578157400878,0.38119068667298345,-0.09765861413828146
2026-05-21 06:32:00,4.245638007768245,4.245848791048932,-6.544403301513845e-05,-0.3565040191120542,0.3806982219542048,-0.0971069489917605
2026-05-21 06:33:00,4.241717493674892,4.241933441029489,-6.506302351935536e-05,-0.3581407815612867,0.3802085815045525,-0.09654160073970786
2026-05-21 06:34:00,4.237820116798103,4.238041228226609,-6.467279246300529e-05,-0.35976787179039527,0.37972183451705954,-0.09596256938210154
2026-05-21 06:35:00,4.23394643043151,4.234172705933928,-6.427333984610299e-05,-0.3613850585019884,0.3792380501847592,-0.09536985491896349
2026-05-21 06:36:00,4.230096987868748,4.230328427445077,-6.38646656686559e-05,-0.36299211039867674,0.37875729770068434,-0.09476345735030471
2026-05-21 06:37:00,4.226272342403451,4.2265089460536895,-6.34467699306492e-05,-0.36458879618306916,0.37827964625786803,-0.09414337667610324
2026-05-21 06:38:00,4.222473047329251,4.222714815053399,-6.301965263209031e-05,-0.3661748845577755,0.37780516504934347,-0.09350961289637008
2026-05-21 06:39:00,4.218699655939779,4.218946587737839,-6.25833137729718e-05,-0.3677501442254051,0.3773339232681437,-0.09286216601109419
2026-05-21 06:40:00,4.214952721528672,4.215204817400642,-6.21377533533085e-05,-0.3693143438885675,0.37686599010730165,-0.09220103602029758
2026-05-21 06:41:00,4.211232797389563,4.211490057335442,-6.168297137309302e-05,-0.3708672522498725,0.3764014347598505,-0.09152622292396927
2026-05-21 06:42:00,4.207540436816082,4.207802860835871,-6.12189678323105e-05,-0.37240863801192947,0.3759403264188233,-0.09083772672208727
2026-05-21 06:43:00,4.2038761931018644,4.204143781195564,-6.074574273097581e-05,-0.3739382698773476,0.37548273427725326,-0.09013554741467357
2026-05-21 06:44:00,4.200240619540544,4.200513371708154,-6.0263296069088905e-05,-0.3754559165487367,0.3750287275281732,-0.08941968500172814
2026-05-21 06:45:00,4.196634269425753,4.196912185667274,-5.97716278466572e-05,-0.37696134672870607,0.3745783753646164,-0.088690139483262
2026-05-21 06:46:00,4.193057696051124,4.193340776366555,-5.9270738063665895e-05,-0.37845432911986604,0.3741317469796157,-0.08794691085925316
2026-05-21 06:47:00,4.189511452710292,4.189799697099634,-5.8760626720114986e-05,-0.379934632424825,0.3736889115662045,-0.08718999912970161
2026-05-21 06:48:00,4.1859960926968895,4.186289501160141,-5.824129381601928e-05,-0.38140202534619333,0.3732499383174155,-0.08641940429462934
2026-05-21 06:49:00,4.182512169304551,4.1828107418417115,-5.771273935136397e-05,-0.3828562765865802,0.37281489642628196,-0.0856351263540144
2026-05-21 06:50:00,4.179060235826905,4.179363972437978,-5.717496332615646e-05,-0.38429715484859517,0.37238385508583693,-0.08483716530786771
2026-05-21 06:51:00,4.175640845557591,4.175949746242573,-5.662796574038934e-05,-0.38572442883484787,0.3719568834891135,-0.08402552115617833
2026-05-21 06:52:00,4.172254551790238,4.172568616549131,-5.6071746594070033e-05,-0.3871378672479474,0.3715340508291448,-0.08320019389895726
2026-05-21 06:53:00,4.16890190781848,4.169221136651284,-5.550630588720592e-05,-0.3885372387905038,0.37111542629896377,-0.08236118353621544
2026-05-21 06:54:00,4.165583466935953,4.165907859842666,-5.49316436197822e-05,-0.38992231216512657,0.37070107909160344,-0.08150849006793093
2026-05-21 06:55:00,4.162299782436286,4.1626293394169105,-5.434775979179888e-05,-0.39129285607442493,0.370291078400097,-0.08064211349410373
2026-05-21 06:56:00,4.159051407613116,4.15938612866765,-5.375465440327076e-05,-0.3926486392210085,0.3698854934174775,-0.07976205381475579
2026-05-21 06:57:00,4.155838895760075,4.156178780888518,-5.315232745418304e-05,-0.3939894303074872,0.3694843933367779,-0.07886831102986516
2026-05-21 06:58:00,4.152662800170796,4.153007849373148,-5.254077894453572e-05,-0.3953149980364698,0.36908784735103145,-0.07796088513943185
2026-05-21 06:59:00,4.149523674138909,4.149873887415174,-5.19200088743436e-05,-0.3966251111105663,0.36869592465327117,-0.0770397761434778
2026-05-21 07:00:00,4.146422070958052,4.146777448308227,-5.129001724358447e-05,-0.39791953823238624,0.3683086944365301,-0.07610498404197007
2026-05-21 07:01:00,4.143358543921859,4.143719085345944,-5.0650804052287944e-05,-0.3991980481045385,0.36792622589384133,-0.07515650883495259
2026-05-21 07:02:00,4.140333646323957,4.140699351821953,-5.000236930043922e-05,-0.4004604094296341,0.3675485882182377,-0.0741943505224034
2026-05-21 07:03:00,4.1373479314579855,4.137718801029891,-4.934471298801609e-05,-0.40170639091028115,0.3671758506027526,-0.07321850910428955
2026-05-21 07:04:00,4.134401952617574,4.134777986263391,-4.867783511505556e-05,-0.40293576124908953,0.366808082240419,-0.07222898458066596
2026-05-21 07:05:00,4.131496263096358,4.131877460816084,-4.800173568153543e-05,-0.4041482891486693,0.3664453523242699,-0.07122577695149966
2026-05-21 07:06:00,4.128631416187969,4.129017777981606,-4.73164146874631e-05,-0.40534374331162915,0.36608773004733847,-0.07020888621680166
2026-05-21 07:07:00,4.125807965186043,4.126199491053589,-4.662187213283856e-05,-0.4065218924405795,0.36573528460265753,-0.06917831237657193
2026-05-21 07:08:00,4.1230264633842095,4.123423153325666,-4.591810801765443e-05,-0.40768250523812916,0.3653880851832605,-0.06813405543079953
2026-05-21 07:09:00,4.120287464076104,4.12068931809147,-4.520512234191069e-05,-0.408825350406888,0.36504620098218027,-0.06707611537948442
2026-05-21 07:10:00,4.117591520555358,4.1179985386446365,-4.448291510562215e-05,-0.40995019664946497,0.36470970119245,-0.06600449222264858
2026-05-21 07:11:00,4.114939186115606,4.115351368278795,-4.375148630878881e-05,-0.41105681266847066,0.3643786550071026,-0.06491918596029202
2026-05-21 07:12:00,4.1123310140504845,4.112748360287582,-4.301083595138107e-05,-0.41214496716651394,0.3640531316191711,-0.06382019659237079
2026-05-21 07:13:00,4.109767557653622,4.11019006796463,-4.226096403342853e-05,-0.41321442884620396,0.363733200221689,-0.06270752411892884
2026-05-21 07:14:00,4.107249370218652,4.10767704460357,-4.150187055492379e-05,-0.4142649664101511,0.36341893000768877,-0.061581168539955176
2026-05-21 07:15:00,4.10477700503921,4.105209843498039,-4.0733555515866846e-05,-0.4152963485609642,0.36311039017020397,-0.06044112985544979
2026-05-21 07:16:00,4.102351015408927,4.102789017941666,-3.99560189162577e-05,-0.4163083440012535,0.36280764990226727,-0.0592874080654127
2026-05-21 07:17:00,4.099971954621439,4.100415121228088,-3.916926075608155e-05,-0.41730072143362784,0.36251077839691204,-0.05812000316982193
2026-05-21 07:18:00,4.097640375970377,4.098088706650937,-3.83732810353532e-05,-0.4182732495606969,0.3622198448471713,-0.05693891516869944
2026-05-21 07:19:00,4.095356832749374,4.0958103275038455,-3.756807975408005e-05,-0.4192256970850701,0.3619349184460781,-0.05574414406205623
2026-05-21 07:20:00,4.093121878252067,4.093580537080447,-3.67536569122547e-05,-0.42015783270935747,0.3616560683866653,-0.0545356898498813
2026-05-21 07:21:00,4.090936065772084,4.091399888674375,-3.593001250986235e-05,-0.42106942513616824,0.3613833638619663,-0.05331355253215271
2026-05-21 07:22:00,4.088799948603062,4.0892689355792635,-3.5097146546925195e-05,-0.42196024306811153,0.361116874065014,-0.052077732108903374
2026-05-21 07:23:00,4.086714080038632,4.087188231088744,-3.425505902344324e-05,-0.4228300552077977,0.36085666818884143,-0.05082822858013331
2026-05-21 07:24:00,4.084679013372429,4.08515832849645,-3.340374993939429e-05,-0.4236786302578359,0.36060281542648165,-0.049565041945809574
2026-05-21 07:25:00,4.082695301898085,4.083179781096017,-3.254321929478572e-05,-0.42450573692083543,0.36035538497096786,-0.048288172205943135
2026-05-21 07:26:00,4.080763498909233,4.081253142181076,-3.167346708962497e-05,-0.4253111438994058,0.36011444601533305,-0.046997619360544994
2026-05-21 07:27:00,4.078884157699509,4.079378965045262,-3.079449332392681e-05,-0.42609461989615655,0.35988006775261033,-0.045693383409637106
2026-05-21 07:28:00,4.077057831562542,4.077557802982205,-2.9906297997669046e-05,-0.426855933613698,0.3596523193758326,-0.04437546435318651
2026-05-21 07:29:00,4.075285073791969,4.075790209285541,-2.900888111083688e-05,-0.42759485375463874,0.35943127007803316,-0.04304386219117126
2026-05-21 07:30:00,4.073566437681421,4.074076737248904,-2.8102242663467316e-05,-0.4283111490215882,0.3592169890522451,-0.041698576923646265
2026-05-21 07:31:00,4.071902476524532,4.072417940165925,-2.7186382655545552e-05,-0.4290045881171567,0.3590095454915012,-0.04033960855058956
2026-05-21 07:32:00,4.0702937436149345,4.070814371330239,-2.6261301087064184e-05,-0.4296749397439531,0.3588090085888348,-0.03896695707199015
2026-05-21 07:33:00,4.068740792246264,4.069266584035478,-2.5326997958030616e-05,-0.4303219726045873,0.35861544753727886,-0.03758062248785904
2026-05-21 07:34:00,4.067244175712151,4.067775131575275,-2.4383473268444847e-05,-0.4309454554016687,0.35842893152986643,-0.03618060479819621
2026-05-21 07:35:00,4.065804447306231,4.066340567243264,-2.343072701830688e-05,-0.431545156837807,0.3582495297596306,-0.03476690400300168
2026-05-21 07:36:00,4.064422160322134,4.064963444333078,-2.2468759207601902e-05,-0.4321208456156114,0.35807731141960447,-0.03333952010225345
2026-05-21 07:37:00,4.063097868053497,4.063644316138352,-2.149756983635213e-05,-0.43267229043769134,0.35791234570282116,-0.031898453095984505
2026-05-21 07:38:00,4.06183212379395,4.062383735952716,-2.0517158904557556e-05,-0.4331992600066569,0.35775470180231356,-0.03044370298419483
2026-05-21 07:39:00,4.060625480837129,4.061182257069805,-1.952752641219598e-05,-0.4337015230251174,0.3576044489111148,-0.028975269766851476
2026-05-21 07:40:00,4.059478492476667,4.060040432783253,-1.8528672359282202e-05,-0.43417884819568203,0.35746165622225806,-0.02749315344397641
2026-05-21 07:41:00,4.058391712006195,4.058958816386691,-1.7520596745816222e-05,-0.4346310042209607,0.3573263929287763,-0.02599735401556963
2026-05-21 07:42:00,4.0573656927193475,4.057937961173755,-1.6503299571798043e-05,-0.43505775980356254,0.35719872822370274,-0.02448787148163114
2026-05-21 07:43:00,4.056400987909759,4.056978420438075,-1.547678083722026e-05,-0.43545888364609764,0.3570787313000702,-0.02296470584214995
2026-05-21 07:44:00,4.0554981508710615,4.056080747473288,-1.4441040542090277e-05,-0.43583414445117474,0.35696647135091203,-0.02142785709713705
2026-05-21 07:45:00,4.054657734896887,4.055245495573025,-1.3396078686415495e-05,-0.4361833109214042,0.35686201756926106,-0.019877325246603423
2026-05-21 07:46:00,4.053880293280871,4.054473218030918,-1.2341895270173709e-05,-0.4365061517593952,0.3567654391481504,-0.01831311029051612
2026-05-21 07:47:00,4.053166379316647,4.053764468140604,-1.1278490293387122e-05,-0.43680243566775695,0.35667680528061335,-0.016735212228908083
2026-05-21 07:48:00,4.052516546297844,4.053119799195712,-1.0205863756040933e-05,-0.4370719313490997,0.3565961851596826,-0.01514363106175735
2026-05-21 07:49:00,4.0519313475181,4.052539764489879,-9.124015658135142e-06,-0.437314407506032,0.3565236479783916,-0.013538366789063925
2026-05-21 07:50:00,4.051411336271047,4.052024917316736,-8.032945999684553e-06,-0.43752963284116414,0.35645926292977315,-0.01191941941084977
2026-05-21 07:51:00,4.050957065850318,4.051575810969917,-6.932654780681761e-06,-0.43771737605710526,0.35640309920686053,-0.010286788927103902
2026-05-21 07:52:00,4.050569089549545,4.051192998743054,-5.823142001119367e-06,-0.43787740585646534,0.35635522600268643,-0.008640475337815338
2026-05-21 07:53:00,4.050247960662364,4.050877033929782,-4.704407661004772e-06,-0.43800949094185326,0.35631571251028443,-0.006980478642995063
2026-05-21 07:54:00,4.049994232482403,4.050628469823733,-3.5764517603379766e-06,-0.4381134000158793,0.35628462792268717,-0.005306798842643076
2026-05-21 07:55:00,4.0498084583033025,4.050447859718542,-2.4392742991115785e-06,-0.4381889017811523,0.356262041432928,-0.003619435936748393
2026-05-21 07:56:00,4.049691191418689,4.05033575690784,-1.2928752773329796e-06,-0.4382357649402821,0.35624802223403984,-0.0019183899253219987
2026-05-21 07:57:00,4.049642985122202,4.050292714685262,-1.3725469499477801e-07,-0.43825375819587803,0.3562426395190558,-0.0002036608083529089
2026-05-21 07:58:00,4.049664392707469,4.050319286344441,1.0275874478808215e-06,-0.4382426502505496,0.3562459624810091,0.0015247514141259282
2026-05-21 07:59:00,4.049755967468127,4.050416025179008,2.2016511513160233e-06,-0.43820220980690716,0.35625806031293245,0.00326684674214746
2026-05-21 08:00:00,4.0499182626978065,4.0505834844825985,3.3849364153108277e-06,-0.43813220556755916,0.35627900220785924,0.005022625175711687
2026-05-21 08:01:00,4.050151831690143,4.050822217548845,4.577443239857833e-06,-0.4380324062351159,0.3563088573588223,0.0067920867148076255
2026-05-21 08:02:00,4.050457227738771,4.0511327776713815,5.7791716249718425e-06,-0.4379025805121862,0.35634769495885493,0.008575231359457243
2026-05-21 08:03:00,4.050835004137319,4.0515157181438415,6.99012157062325e-06,-0.43774249710137964,0.35639558420099016,0.010372059109616607
2026-05-21 08:04:00,4.051285714179424,4.051971592259856,8.210293076826858e-06,-0.43755192470530657,0.35645259427826087,0.012182569965307683
2026-05-21 08:05:00,4.051809911158717,4.052500953313061,9.43968614359007e-06,-0.43733063202657574,0.3565187943837003,0.014006763926541455
2026-05-21 08:06:00,4.052408148368834,4.053104354597087,1.067830077090548e-05,-0.43707838776779717,0.3565942537103415,0.015844640993306937
2026-05-21 08:07:00,4.053080979103406,4.053782349405569,1.1926136958787895e-05,-0.4367949606315801,0.3566790414512174,0.017696201165626098
2026-05-21 08:08:00,4.0538289566560675,4.054535491032142,1.318319470721511e-05,-0.43648011932053354,0.3567732267993614,0.01956144444346599
2026-05-21 08:09:00,4.054652634320451,4.055364332770435,1.4449474016187125e-05,-0.436133632537268,0.3568768789478062,0.02144037082682661
2026-05-21 08:10:00,4.055552565390189,4.056269427914084,1.5724974885718743e-05,-0.4357552689843926,0.356990067089585,0.023332980315729928
2026-05-21 08:11:00,4.056529303158918,4.057251329756721,1.7009697315809962e-05,-0.43534479736451687,0.3571128604177309,0.025239272910175938
2026-05-21 08:12:00,4.057583400920267,4.058310591591981,1.8303641306460783e-05,-0.4349019863802501,0.35724532812527693,0.02715924861016464
2026-05-21 08:13:00,4.058715411967872,4.059447766713497,1.9606806857656404e-05,-0.43442660473420186,0.35738753940525636,0.029092907415674076
2026-05-21 08:14:00,4.059925889595364,4.0606634084149,2.0919193969396823e-05,-0.433918421128982,0.3575395634507019,0.03104024932670424
2026-05-21 08:15:00,4.061215387096379,4.061958069989824,2.224080264170425e-05,-0.43337720426720017,0.3577014694546468,0.03300127434328808
2026-05-21 08:16:00,4.062584457764548,4.0633323047319045,2.3571632874571277e-05,-0.43280272285146515,0.3578733266101243,0.03497598246541462
2026-05-21 08:17:00,4.064033654893507,4.064786665934773,2.49116846679831e-05,-0.432194745584387,0.3580552041101671,0.03696437369306189
2026-05-21 08:18:00,4.065563531776885,4.0663217068920625,2.6260958021947132e-05,-0.43155304116857507,0.35824717114780863,0.03896644802624087
2026-05-21 08:19:00,4.06717464170832,4.0679379808974065,2.7619452936463357e-05,-0.43087737830663914,0.3584492969160818,0.04098220546495156
2026-05-21 08:20:00,4.068867537981441,4.069636041244438,2.898716941153179e-05,-0.43016752570118866,0.35866165060801947,0.043011646009193966
2026-05-21 08:21:00,4.070642773889883,4.07141644122679,3.036410744716722e-05,-0.4294232520548333,0.358884301416655,0.045054769658990045
2026-05-21 08:22:00,4.07250090272728,4.073279734138098,3.1750267043354856e-05,-0.4286443260701818,0.3591173185350215,0.04711157641431784
2026-05-21 08:23:00,4.074442477787265,4.075226473271993,3.314564820008729e-05,-0.42783051644984454,0.3593607711561518,0.04918206627516636
2026-05-21 08:24:00,4.07646805236347,4.077257211922109,3.455025091737933e-05,-0.42698159189643065,0.3596147284730791,0.051266239241557585
2026-05-21 08:25:00,4.07857817974953,4.0793725033820785,3.596407519522356e-05,-0.4260973211125498,0.35987925967883644,0.053364095313480506
2026-05-21 08:26:00,4.0807734132390765,4.0815729009455355,3.738712103362e-05,-0.4251774728008115,0.36015443396645686,0.055475634490935156
2026-05-21 08:27:00,4.083054306125744,4.083858957906113,3.8819388432576043e-05,-0.4242218156638253,0.36044032052897346,0.05760085677393249
2026-05-21 08:28:00,4.085421411703166,4.086231227557445,4.0260877392084284e-05,-0.4232301184042004,0.36073698855941944,0.059739762162461546
2026-05-21 08:29:00,4.0878752832649745,4.088690263193163,4.171158791214472e-05,-0.4222021497245468,0.36104450725082765,0.0618923506565223
2026-05-21 08:30:00,4.090416474104802,4.091236618106902,4.3171519992764766e-05,-0.4211376783274736,0.3613629457962313,0.06405862225612576
2026-05-21 08:31:00,4.093045537516284,4.093870845592295,4.4640673633937016e-05,-0.42003647291559054,0.36169237338866345,0.06623857696126094
2026-05-21 08:32:00,4.095763026793054,4.096593498942974,4.611904883565406e-05,-0.4188983021915071,0.3620328592211571,0.06843221477191683
2026-05-21 08:33:00,4.098569495228743,4.099405131452573,4.760664559793071e-05,-0.41772293485783313,0.36238447248674527,0.07063953568811543
2026-05-21 08:34:00,4.101465496116985,4.102306296414726,4.9103463920766956e-05,-0.41651013961717764,0.3627472823784612,0.07286053970985672
2026-05-21 08:35:00,4.104451582751413,4.105297547123065,5.060950380414801e-05,-0.4152596851721504,0.3631213580893378,0.07509522683711874
2026-05-21 08:36:00,4.107528308425662,4.108379436871224,5.212476524808866e-05,-0.41397134022536114,0.36350676881240823,0.07734359706992346
2026-05-21 08:37:00,4.110696226433365,4.111552518952836,5.364924825258892e-05,-0.4126448734794189,0.3639035837407056,0.07960565040827086
2026-05-21 08:38:00,4.113955890068152,4.1148173466615345,5.518295281763397e-05,-0.4112800536369334,0.3643118720672629,0.081881386852139
2026-05-21 08:39:00,4.11730785262366,4.118174473290952,5.672587894323122e-05,-0.4098766494005145,0.36473170298511315,0.08417080640153886
2026-05-21 08:40:00,4.12075266739352,4.121624452134722,5.827802662939548e-05,-0.4084344294727714,0.3651631456872895,0.08647390905649238
2026-05-21 08:41:00,4.124290887671366,4.1251678364864794,5.983939587611194e-05,-0.4069531625563133,0.36560626936682505,0.08879069481697763
2026-05-21 08:42:00,4.1279230667508315,4.128805179639856,6.14099866833658e-05,-0.40543261735375025,0.3660611432167529,0.09112116368297261
2026-05-21 08:43:00,4.13164975792555,4.132537034888483,6.298979905117926e-05,-0.403872562567692,0.36652783643010584,0.09346531565451029
2026-05-21 08:44:00,4.135471514489153,4.136363955525997,6.457883297955232e-05,-0.40227276690074754,0.3670064181999172,0.09582315073159067
2026-05-21 08:45:00,4.139388889735276,4.14028649484603,6.617708846848499e-05,-0.40063299905552674,0.36749695771922,0.09819466891421376
2026-05-21 08:46:00,4.143402436957551,4.144305206142215,6.778456551796986e-05,-0.3989530277346385,0.3679995241810473,0.10057987020236854
2026-05-21 08:47:00,4.147512709449611,4.148420642708186,6.940126412799952e-05,-0.397232621640693,0.36851418677843223,0.10297875459604405
2026-05-21 08:48:00,4.1517202605050905,4.152633357837575,7.102718429858878e-05,-0.39547154947629953,0.36904101470440775,0.10539132209526225
2026-05-21 08:49:00,4.156025643417622,4.156943904824017,7.266232602973766e-05,-0.3936695799440677,0.3695800771520069,0.10781757270002316
2026-05-21 08:50:00,4.160429411480838,4.161352836961144,7.430668932143133e-05,-0.39182648174660667,0.370131443314263,0.11025750641030481
2026-05-21 08:51:00,4.164932117988372,4.165860707542588,7.59602741736772e-05,-0.3899420235865267,0.3706951823842088,0.11271112322611815
2026-05-21 08:52:00,4.169534316233858,4.170468069861985,7.762308058648268e-05,-0.3880159741664367,0.37127136355487755,0.1151784231474742
2026-05-21 08:53:00,4.17423655951093,4.175175477212966,7.929496806365528e-05,-0.38604810218894653,0.37186005601930217,0.1176591977037765
2026-05-21 08:54:00,4.17903940111322,4.179983466029624,8.097509362810691e-05,-0.38403818340458346,0.3724613268621185,0.12015219607154545
2026-05-21 08:55:00,4.18394339433436,4.184892488448339,8.266191182180934e-05,-0.3819860288034637,0.37307523262597536,0.12265512507435225
2026-05-21 08:56:00,4.188949092467985,4.189902895448241,8.435373669057148e-05,-0.37989149166321134,0.37370181720313717,0.12516548306521558
2026-05-21 08:57:00,4.19405704880773,4.195014936851208,8.604888228019488e-05,-0.3777544675489564,0.37434111183548424,0.12768076839714324
2026-05-21 08:58:00,4.199267816647224,4.200228761321864,8.774566263647365e-05,-0.37557489431333685,0.3749931351145125,0.13019847942313195
2026-05-21 08:59:00,4.204581949280103,4.205544416367585,8.944239180520933e-05,-0.37335275209649715,0.3756578929813336,0.1327161144961895
2026-05-21 09:00:00,4.21,4.210961848338489,9.113738383221085e-05,-0.37108806332608923,0.37633537872667505,0.13523117196933457
2026-05-21 09:01:00,4.215522269207418,4.21648090242745,9.282895276327233e-05,-0.3687808927172712,0.37702557299087985,0.13774115019556396
2026-05-21 09:02:00,4.221148045730342,4.222101322670082,9.451541264420271e-05,-0.3664313472727095,0.37772844376390696,0.14024354752789636
2026-05-21 09:03:00,4.226876365503624,4.227822751944754,9.619507752080351e-05,-0.36403957628257577,0.378443946385331,0.14273586231933955
2026-05-21 09:04:00,4.232706264462118,4.2336447319725785,9.786626143885406e-05,-0.3616057713245505,0.3791720235443423,0.14521559292286831
2026-05-21 09:05:00,4.238636778540684,4.239566703317417,9.952727844418549e-05,-0.3591301662638205,0.37991260527974674,0.1476802376915343
2026-05-21 09:06:00,4.244666943674171,4.245588005385881,0.00010117644258259192,-0.35661303725307875,0.38066560897996626,0.1501272949783343
2026-05-21 09:07:00,4.250795795797435,4.251707876427328,0.00010281206789985268,-0.3540547027325264,0.38143093938303824,0.1525542631362431
2026-05-21 09:08:00,4.25702237084533,4.257925453533863,0.00010443260893798397,-0.3514555234298717,0.3822084885766158,0.1549588489888978
2026-05-21 09:09:00,4.2633457047527115,4.264239789499886,0.00010603722271986064,-0.3488158953124103,0.3829981381063657,0.15733980171276385
2026-05-21 09:10:00,4.269764833454434,4.270649920260246,0.00010762576874931984,-0.34613622139535877,0.38379976740955624,0.15969691283728876
2026-05-21 09:11:00,4.27627879288535,4.277154881749804,0.00010919824702634676,-0.34341690469392966,0.38461325592345696,0.16203018236245056
2026-05-21 09:12:00,4.282886618980313,4.283753709903408,0.00011075465755093402,-0.3406583482233401,0.3854384830853363,0.16433961028823826
2026-05-21 09:13:00,4.28958734767418,4.290445440655916,0.0001122950003231038,-0.3378609549988032,0.38627532833246353,0.16662519661468483
2026-05-21 09:14:00,4.296380014901805,4.29722910994218,0.00011381927534284872,-0.33502512803553497,0.38712367110210727,0.16888694134177928
2026-05-21 09:15:00,4.303263656598042,4.304103753697058,0.00011532748261017615,-0.3321512703487487,0.3879833908315368,0.17112484446953258
2026-05-21 09:16:00,4.310237308697744,4.311068407855402,0.00011681962212505652,-0.32923978495366013,0.38885436695802106,0.17333890599790078
2026-05-21 09:17:00,4.317300007135767,4.318122108352065,0.0001182956938875194,-0.3262910748654842,0.3897364789188287,0.17552912592692785
2026-05-21 09:18:00,4.324450787846964,4.325263891121904,0.00011975569789755003,-0.32330554309943493,0.3906296061512289,0.17769550425659184
2026-05-21 09:19:00,4.331688686766191,4.332492792099771,0.00012119963415514837,-0.3202835926707281,0.39153362809249026,0.17983804098689268
2026-05-21 09:20:00,4.339012739828302,4.339807847220522,0.00012262750266032186,-0.3172256265945777,0.3924484241798821,0.18195673611784144
2026-05-21 09:21:00,4.346421982968149,4.3472080924190095,0.00012403930341307786,-0.3141320478861992,0.3933738738506731,0.18405158964944904
2026-05-21 09:22:00,4.35391545212059,4.354692563630091,0.00012543503641340159,-0.3110032595608062,0.3943098565421325,0.1861226015816935
2026-05-21 09:23:00,4.361492183220478,4.362260296788618,0.00012681470166129306,-0.30783966463361484,0.39525625169152884,0.18816977191457487
2026-05-21 09:24:00,4.369151212202665,4.369910327829446,0.00012817829915676704,-0.30464166611983884,0.3962129387361314,0.19019310064811512
2026-05-21 09:25:00,4.3768915750020065,4.37764169268743,0.00012952582889980135,-0.30140966703469346,0.3971797971132089,0.19219258778228124
2026-05-21 09:26:00,4.384712307553359,4.385453427297422,0.0001308572908904108,-0.29814407039339363,0.39815670626003036,0.19416823331709526
2026-05-21 09:27:00,4.392612445791575,4.393344567594279,0.00013217268512860276,-0.29484527921115383,0.3991435456138647,0.1961200372525681
2026-05-21 09:28:00,4.400591025651511,4.401314149512855,0.00013347201161435508,-0.29151369650318865,0.40014019461198097,0.19804799958866692
2026-05-21 09:29:00,4.408647083068017,4.409361208988002,0.0001347552703476751,-0.2881497252847137,0.4011465326916478,0.19995212032540258
2026-05-21 09:30:00,4.41677965397595,4.417484781954576,0.00013602246132859245,-0.28475376857094314,0.4021624392901344,0.20183239946281906
2026-05-21 09:31:00,4.424987774310167,4.425683904347433,0.00013727358455706273,-0.2813262293770911,0.4031877938447099,0.20368883700085047
2026-05-21 09:32:00,4.433270480005517,4.433957612101423,0.00013850864003310073,-0.277867510718374,0.40422247579264264,0.20552143293951877
2026-05-21 09:33:00,4.441626806996859,4.442304941151405,0.00013972762775673608,-0.27437801561000524,0.40526636457120196,0.2073301872788679
2026-05-21 09:34:00,4.450055791219044,4.450724927432232,0.00014093054772791694,-0.2708581470671997,0.40631933961765687,0.20911510001882097
2026-05-21 09:35:00,4.458556468606927,4.459216606878755,0.00014211739994668033,-0.26730830810517336,0.407381280369276,0.2108761711594329
2026-05-21 09:36:00,4.467127875095364,4.467779015425833,0.00014328818441301886,-0.2637289017391393,0.40845206626332864,0.2126134007006927
2026-05-21 09:37:00,4.475769046619209,4.476411189008317,0.0001444429011269251,-0.2601203309843139,0.40953157673708335,0.21432678864258942
2026-05-21 09:38:00,4.484479019113315,4.485112163561064,0.00014558155008840648,-0.25648299885591064,0.4106196912278094,0.21601633498513398
2026-05-21 09:39:00,4.4932568285125365,4.493880975018926,0.0001467041312974556,-0.2528173083691454,0.41171628917277536,0.21768203972831546
2026-05-21 09:40:00,4.502101510751728,4.502716659316759,0.00014781064475408723,-0.24912366253923207,0.4128212500092505,0.21932390287215578
2026-05-21 09:41:00,4.511012101765746,4.511618252389416,0.0001489010904582866,-0.24540246438138585,0.41393445317450367,0.22094192441663296
2026-05-21 09:42:00,4.51998763748944,4.520584790171753,0.0001499754684100611,-0.2416541169108213,0.41505577810580385,0.22253610436175808
2026-05-21 09:43:00,4.529027153857671,4.529615308598624,0.00015103377860940329,-0.2378790231427533,0.41618510424041993,0.22410644270752
2026-05-21 09:44:00,4.538129686805289,4.538708843604882,0.00015207602105631323,-0.23407758609239676,0.41732231101562073,0.22565293945391887
2026-05-21 09:45:00,4.547294272267148,4.547864431125381,0.00015310219575079831,-0.23025020877496657,0.41846727786867527,0.22717559460096565
2026-05-21 09:46:00,4.556519946178104,4.5570811070949775,0.00015411230269286592,-0.22639729420567725,0.4196198842368524,0.22867440814867124
2026-05-21 09:47:00,4.5658057444730105,4.566357907448525,0.00015510634188250125,-0.22251924539974333,0.4207800095574214,0.23014938009701372
2026-05-21 09:48:00,4.575150703086722,4.575693868120878,0.0001560843133197043,-0.2186164653723801,0.42194753326765083,0.23160051044599309
2026-05-21 09:49:00,4.584553857954095,4.58508802504689,0.00015704621700448989,-0.21468935713880205,0.4231223348048098,0.23302779919563132
2026-05-21 09:50:00,4.594014245009979,4.594539414161416,0.0001579920529368358,-0.21073832371422374,0.4243042936061673,0.2344312463458955
2026-05-21 09:51:00,4.6035309001892335,4.60404707139931,0.00015892182111675683,-0.20676376811386077,0.425493289108992,0.23581085189680748
2026-05-21 09:52:00,4.613102859426709,4.613610032695427,0.00015983552154424558,-0.20276609335292695,0.4266892007505531,0.23716661584835638
2026-05-21 09:53:00,4.622729158657261,4.6232273339846195,0.00016073315421931688,-0.1987457024466383,0.42789190796811927,0.23849853820056413
2026-05-21 09:54:00,4.632408833815746,4.632898011201745,0.00016161471914197072,-0.19470299841020783,0.42910129019895993,0.23980661895343078
2026-05-21 09:55:00,4.642140920837015,4.642621100281656,0.00016248021631216266,-0.19063838425885157,0.43031722688034363,0.24109085810689035
2026-05-21 09:56:00,4.651924455655926,4.652395637159205,0.00016332964572995194,-0.1865522630077848,0.4315395974495391,0.24235125566103077
2026-05-21 09:57:00,4.661758474207328,4.66222065776925,0.00016416300739532374,-0.18244503767222053,0.4327682813438159,0.24358781161583
2026-05-21 09:58:00,4.671642012426083,4.672095198046644,0.00016498030130823366,-0.1783171112673748,0.43400315800044253,0.24480052597122223
2026-05-21 09:59:00,4.681574106247036,4.682018293926238,0.00016578152746874093,-0.17416888680846285,0.43524410685668785,0.24598939872729528
2026-05-21 10:00:00,4.691553791605051,4.6919889813428926,0.00016656668587683072,-0.17000076731069774,0.4364910073498212,0.24715442988402717
2026-05-21 10:01:00,4.701580104434975,4.702006296231458,0.00016733577653246605,-0.16581315578929548,0.43774373891711127,0.24829561944136302
2026-05-21 10:02:00,4.711652080671666,4.7120692745267885,0.00016808879943568388,-0.16160645525947098,0.43900218099582694,0.2494129673993577
2026-05-21 10:03:00,4.721768756249977,4.72217695216374,0.00016882575458648425,-0.15738106873643834,0.44026621302323726,0.25050647375801127
2026-05-21 10:04:00,4.731929167104761,4.732328365077167,0.00016954664198484497,-0.15313739923541253,0.44153571443661116,0.25157613851729077
2026-05-21 10:05:00,4.742132349170877,4.742522549201921,0.00017025146163078078,-0.14887584977160875,0.4428105646732175,0.25262196167721807
2026-05-21 10:06:00,4.752377338383174,4.75275854047286,0.00017094021352429914,-0.1445968233602412,0.4440906431703253,0.25364394323780426
2026-05-21 10:07:00,4.762663170676512,4.763035374824837,0.00017161289766538524,-0.1403007230165248,0.4453758293652036,0.25464208319902737
2026-05-21 10:08:00,4.772988881985739,4.7733520881927065,0.00017226951405402424,-0.13598795175567438,0.44666600269512113,0.25561638156086536
2026-05-21 10:09:00,4.783353508245714,4.78370771651132,0.00017291006269024579,-0.1316589125929056,0.4479610425973467,0.25656683832336225
2026-05-21 10:10:00,4.793756085391288,4.794101295715536,0.00017353454357405725,-0.1273140085434319,0.4492608285091496,0.25749345348652897
2026-05-21 10:11:00,4.804195649357318,4.804531861740207,0.00017414295670542906,-0.12295364262246851,0.4505652398677987,0.2583962270503216
2026-05-21 10:12:00,4.8146712360786585,4.8149984505201875,0.00017473530208436856,-0.11857821784523036,0.4518741561105627,0.25927515901475107
2026-05-21 10:13:00,4.825181881490163,4.825500097990331,0.000175311579710898,-0.11418813722693234,0.45318745667471066,0.2601302493798504
2026-05-21 10:14:00,4.8357266215266845,4.836035840085495,0.0001758717895849804,-0.10978380378278822,0.45450502099751183,0.2609614981455647
2026-05-21 10:15:00,4.846304492123079,4.846604712740529,0.0001764159317066305,-0.10536562052801476,0.45582672851623457,0.2617689053119158
2026-05-21 10:16:00,4.8569145292142,4.857205751890291,0.00017694400607587795,-0.10093399047782502,0.4571524586681482,0.26255247087894784
2026-05-21 10:17:00,4.867555768734903,4.867837993469634,0.0001774560126926857,-0.09648931664743422,0.45848209089052155,0.26331219484660573
2026-05-21 10:18:00,4.878227246620039,4.878500473413413,0.00017795195155705378,-0.0920320020520573,0.45981550462062365,0.26404807721488954
2026-05-21 10:19:00,4.888927998804467,4.889192227656481,0.0001784318226690118,-0.08756244970690952,0.4611525792957232,0.2647601179838432
2026-05-21 10:20:00,4.899657061223041,4.899912292133695,0.00017889562602853756,-0.08308106262720429,0.4624931943530895,0.26544831715343375
2026-05-21 10:21:00,4.910413469810611,4.910659702779905,0.00017934336163562362,-0.07858824382815797,0.4638372292299911,0.26611267472365013
2026-05-21 10:22:00,4.921196260502035,4.9214334955299694,0.00017977502949029223,-0.07408439632498438,0.4651845633636972,0.26675319069452547
2026-05-21 10:23:00,4.932004469232166,4.93223270631874,0.00018019062959253595,-0.06956992313289877,0.46653507619147655,0.26736986506604865
2026-05-21 10:24:00,4.942837131935858,4.943056371081074,0.00018059016194236222,-0.06504522726711529,0.4678886471505983,0.2679626978382307
2026-05-21 10:25:00,4.953693284547968,4.953903525751824,0.0001809736265397414,-0.06051071174284883,0.46924515567833136,0.26853168901102764
2026-05-21 10:26:00,4.964571963003345,4.964773206265843,0.00018134102338469572,-0.055966779575315054,0.4706044812119444,0.26907683858447246
2026-05-21 10:27:00,4.9754722032368495,4.975664448557987,0.00018169235247723255,-0.051413833779727726,0.47196650318870675,0.2695981465585761
2026-05-21 10:28:00,4.986393041183331,4.986576288563111,0.00018202761381732233,-0.046852277371302126,0.47333110104588705,0.27009561293329476
2026-05-21 10:29:00,4.997333512777648,4.997507762216066,0.00018234680740500202,-0.04228251336525351,0.4746981542207541,0.2705692377086832
2026-05-21 10:30:00,5.00829265395465,5.008457905451711,0.00018264993324026423,-0.0377049447767953,0.4760675421505774,0.2710190208847305
2026-05-21 10:31:00,5.019269500649198,5.019425754204898,0.0001829369913230794,-0.03311997462114313,0.47743914427262546,0.27144496246139277
2026-05-21 10:32:00,5.030263088796139,5.03041034441048,0.00018320798165346228,-0.0285280059135119,0.47881284002416724,0.2718470624386919
2026-05-21 10:33:00,5.041272454330333,5.041410712003313,0.00018346290423143508,-0.023929441669116508,0.4801885088424717,0.27222532081666084
2026-05-21 10:34:00,5.05229663318663,5.052425892918253,0.00018370175905696822,-0.01932468490317073,0.481566030164808,0.2725797375952557
2026-05-21 10:35:00,5.063334661299889,5.063454923090149,0.00018392454613008386,-0.014714138630890956,0.48294528342844467,0.2729103127745094
2026-05-21 10:36:00,5.074385574604959,5.074496838453863,0.00018413126545076727,-0.010098205867489852,0.48432614807065116,0.2732170463544001
2026-05-21 10:37:00,5.085448409036699,5.085550674944241,0.00018432191701901098,-0.005477289628184541,0.4857085035286958,0.2734999383349166
2026-05-21 10:38:00,5.096522200529961,5.096615468496144,0.00018449650083484463,-0.000851792928188066,0.487092229239848,0.27375898871610294
2026-05-21 10:39:00,5.107605985019599,5.107690255044423,0.0001846550168982386,0.003777881217283934,0.4884772046413765,0.2739941974979152
2026-05-21 10:40:00,5.1186987984404695,5.118774070523933,0.00018479746520922252,0.008411329793016934,0.48986330917055027,0.27420556468039736
2026-05-21 10:41:00,5.129799676727424,5.1298659508695295,0.00018492384576777413,0.01304814978379678,0.4912504222646385,0.2743930902635163
2026-05-21 10:42:00,5.140907655815319,5.1409649320160655,0.00018503415857388608,0.01768793817440783,0.4926384233609097,0.27455677424726127
2026-05-21 10:43:00,5.152021771639008,5.152070049898396,0.00018512840362757318,0.02233029194963556,0.494027191896633,0.27469661663165407
2026-05-21 10:44:00,5.163141060133348,5.163180340451374,0.00018520658092883538,0.026974808094265074,0.4954166073090774,0.2748126174166947
2026-05-21 10:45:00,5.1742645572331885,5.174294839609856,0.00018526869047766532,0.03162108359308184,0.4968065490355117,0.2749047766023723
2026-05-21 10:46:00,5.185391298873387,5.185412583308694,0.00018531473227406298,0.0362687154308706,0.4981968965132048,0.2749730941886867
2026-05-21 10:47:00,5.196520320988796,5.196532607482744,0.000185344706318058,0.04091730059241683,0.4995875291794258,0.275017570175682
2026-05-21 10:48:00,5.207650659514271,5.207653948066861,0.00018535861260961332,0.04556643606250673,0.5009783264714437,0.2750382045633032
2026-05-21 10:49:00,5.218781350384667,5.218775640995897,0.00018535645114873636,0.05021571882592393,0.5023691678265273,0.27503499735156123
2026-05-21 10:50:00,5.229911429534838,5.2298967222047095,0.00018533822193543455,0.054864745867455024,0.5037599326819455,0.2750079485404672
2026-05-21 10:51:00,5.241039932899638,5.241016227628149,0.00018530392496970047,0.05951311417188399,0.5051505004749673,0.27495705813001003
2026-05-21 10:52:00,5.252165896413922,5.2521331932010735,0.0001852535602515415,0.06416042072399705,0.5065407506428616,0.27488232612020075
2026-05-21 10:53:00,5.263288356012543,5.263246654858334,0.00018518712778095765,0.06880626250857856,0.5079305626228974,0.2747837525110393
2026-05-21 10:54:00,5.274406347630355,5.274355648534788,0.00018510462755794155,0.07345023651041474,0.5093198158523438,0.2746613373025148
2026-05-21 10:55:00,5.2855189072022135,5.285459210165287,0.00018500605958250056,0.07809193971428958,0.5107083897684691,0.27451508049463813
2026-05-21 10:56:00,5.296625070662972,5.2965563756846885,0.0001848914238546347,0.08273096910498967,0.5120961638085431,0.2743449820874093
2026-05-21 10:57:00,5.307723873947489,5.3076461810278435,0.00018476072037432918,0.087366921667299,0.5134830174098339,0.2741510420808065
2026-05-21 10:58:00,5.318814352990613,5.318727662129608,0.0001846139491416136,0.0919993943860034,0.514868830009611,0.27393326047487343
2026-05-21 10:59:00,5.329895543727203,5.329799854924837,0.00018445111015647314,0.09662798424588837,0.5162534810451433,0.2736916372695883
2026-05-21 11:00:00,5.3409664820921074,5.340861795348385,0.00018427220341887818,0.10125228823173898,0.5176368499536997,0.2734261724649071
2026-05-21 11:01:00,5.352026204020185,5.3519125193351025,0.00018407722892886577,0.10587190332833925,0.5190188161725487,0.2731368660608847
2026-05-21 11:02:00,5.363073745446292,5.362951062819849,0.00018386618668644327,0.11048642652047613,0.5203992591389599,0.2728237180575322
2026-05-21 11:03:00,5.374108142305278,5.373976461737476,0.00018363907669158853,0.11509545479293398,0.5217780582902017,0.2724867284548166
2026-05-21 11:04:00,5.385128430532,5.384987752022839,0.0001833958989443015,0.11969858513049865,0.5231550930635436,0.27212589725273784
2026-05-21 11:05:00,5.396133646061312,5.395983969610792,0.0001831366534445674,0.12429541451795448,0.524530242896254,0.271741224451274
2026-05-21 11:06:00,5.407122824828068,5.406964150436187,0.0001828613401924306,0.1288855399400866,0.5259033872256019,0.27133271005049103
2026-05-21 11:07:00,5.418095002767123,5.4179273304338835,0.00018256995918786896,0.1334685583816816,0.5272744054888567,0.2709003540503559
2026-05-21 11:08:00,5.429049215813331,5.428872545538732,0.00018226251043086024,0.13804406682752343,0.5286431771232869,0.27044415645083575
2026-05-21 11:09:00,5.439984499901545,5.439798831685587,0.00018193899392143404,0.14261166226239758,0.5300095815661615,0.2699641172519744
2026-05-21 11:10:00,5.450899890966621,5.450705224809304,0.00018159940965958298,0.14717094167108954,0.5313734982547496,0.26946023645376094
2026-05-21 11:11:00,5.461794424943415,5.461590760844737,0.00018124375764529965,0.15172150203838444,0.5327348066263199,0.26893251405618435
2026-05-21 11:12:00,5.472667137766777,5.47245447572674,0.00018087203787858403,0.15626294034906732,0.5340933861181415,0.26838095005924467
2026-05-21 11:13:00,5.483517065371563,5.483295405390167,0.00018048425035945096,0.16079485358792334,0.5354491161674833,0.2678055444629639
2026-05-21 11:14:00,5.49434324369263,5.494112585769874,0.0001800803950878856,0.1653168387397383,0.5368018762116142,0.26720629726732
2026-05-21 11:15:00,5.5051447086648295,5.504905052800713,0.00017966047206390278,0.16982849278929657,0.5381515456878031,0.26658320847233485
2026-05-21 11:16:00,5.515920496223016,5.515671842417542,0.0001792244812874951,0.17432941272138475,0.5394980040333194,0.2659362780779977
2026-05-21 11:17:00,5.526669642302045,5.5264119905552125,0.00017877242275862553,0.17881919552078684,0.5408411306854315,0.2652655060842535
2026-05-21 11:18:00,5.53739118283677,5.537124533148577,0.00017830429647734588,0.18329743817228755,0.5421808050814081,0.26457089249117904
2026-05-21 11:19:00,5.548084153762048,5.547808506132494,0.00017782010244364875,0.18776373766067347,0.5435169066585188,0.2638524372987635
2026-05-21 11:20:00,5.558747591012729,5.558462945441815,0.00017731984065751937,0.192217690970729,0.5448493148540322,0.26311014050698484
2026-05-21 11:21:00,5.569380530523668,5.569086887011396,0.0001768035111189651,0.1966588950872399,0.5461779091052174,0.26234400211585407
2026-05-21 11:22:00,5.579982008229722,5.579679366776091,0.000176271113827986,0.201086946994991,0.5475025688493431,0.2615540221253712
2026-05-21 11:23:00,5.590551060065745,5.590239420670755,0.0001757226487845746,0.20550144367876808,0.5488231735236786,0.2607402005355252
2026-05-21 11:24:00,5.60108672196659,5.60076608463024,0.0001751581159887235,0.20990198212335553,0.5501396025654924,0.2599025373463051
2026-05-21 11:25:00,5.611588029867111,5.6112583945894015,0.00017457751544045497,0.2142881593135388,0.5514517354120537,0.25904103255774386
2026-05-21 11:26:00,5.622054019702164,5.621715386483094,0.00017398084713976154,0.2186595722341034,0.5527594515006313,0.2581556861698304
2026-05-21 11:27:00,5.632483727406601,5.632136096246173,0.00017336811108665067,0.2230158178698344,0.5540626302684943,0.25724649818257594
2026-05-21 11:28:00,5.64287618891528,5.6425195598134925,0.0001727393072811001,0.22735649320551765,0.5553611511529117,0.25631346859594734
2026-05-21 11:29:00,5.653230440163052,5.652864813119905,0.00017209443572310985,0.23168119522593716,0.5566548935911522,0.25535659740994465
2026-05-21 11:30:00,5.6635455170847715,5.663170892100266,0.00017143349641270955,0.23598952091587877,0.5579437370204847,0.2543758846246118
2026-05-21 11:31:00,5.673820455615296,5.67343683268943,0.00017075648934986956,0.24028106726012793,0.5592275608781784,0.2533713302399048
2026-05-21 11:32:00,5.684054291689477,5.68366167082225,0.00017006341453461212,0.24455543124346904,0.5605062446015019,0.25234293425585674
2026-05-21 11:33:00,5.694246061242168,5.6938444424335835,0.0001693542719669372,0.24881220985068864,0.5617796676277246,0.2512906966724675
2026-05-21 11:34:00,5.704394800208226,5.7039841834582825,0.0001686290616468152,0.2530510000665711,0.5630477093941152,0.2502146174896932
2026-05-21 11:35:00,5.714499544522504,5.714079929831201,0.00016788778357426832,0.2572713988759016,0.5643102493379425,0.24911469670756675
2026-05-21 11:36:00,5.724559330119858,5.724130717487195,0.0001671304377492966,0.2614730032634655,0.5655671668964755,0.2479909343260882
2026-05-21 11:37:00,5.734573192935141,5.734135582361117,0.00016635702417189258,0.265655410214048,0.5668183415069832,0.24684333034524653
2026-05-21 11:38:00,5.744540168903204,5.744093560387822,0.00016556754284206368,0.2698182167124341,0.5680636526067344,0.24567188476505272
2026-05-21 11:39:00,5.754459293958906,5.7540036875021645,0.00016476199375981733,0.2739610197434094,0.5693029796329984,0.2444765975855178
2026-05-21 11:40:00,5.764329604037101,5.763864999639,0.0001639403769251387,0.27808341629175926,0.5705362020230438,0.24325746880661975
2026-05-21 11:41:00,5.774150135072642,5.773676532733181,0.0001631026923380352,0.2821850033422685,0.5717631992141395,0.24201449842836956
2026-05-21 11:42:00,5.783919923000384,5.783437322719564,0.00016224893999849203,0.2862653778797229,0.5729838506435548,0.24074768645074532
2026-05-21 11:43:00,5.793638003755181,5.793146405533,0.000161379119906524,0.2903241368889065,0.5741980357485582,0.23945703287376893
2026-05-21 11:44:00,5.803303413271887,5.802802817108347,0.00016049323206214586,0.2943608773546058,0.5754056339664191,0.23814253769746235
2026-05-21 11:45:00,5.812915187485355,5.812405593380458,0.00015959127646532069,0.2983751962616057,0.5766065247344061,0.23680420092177076
2026-05-21 11:46:00,5.822472362330443,5.8219537702841855,0.0001586732531160706,0.30236669059469073,0.5778005874897881,0.23544202254672697
2026-05-21 11:47:00,5.831973973742003,5.831446383754386,0.0001577391620144031,0.3063349573386469,0.5789877016698343,0.2340560025723421
2026-05-21 11:48:00,5.84141905765489,5.840882469725914,0.00015678900316029587,0.3102795934782592,0.5801677467118134,0.2326461409985831
2026-05-21 11:49:00,5.850806650003959,5.850261064133622,0.0001558227765537638,0.3142001959983124,0.5813406020529943,0.231212437825472
2026-05-21 11:50:00,5.860135786724062,5.8595812029123655,0.00015484048219482164,0.3180963618835924,0.5825061471306463,0.2297548930530307
2026-05-21 11:51:00,5.8694055037500545,5.868841921997,0.0001538421200834324,0.3219676881188846,0.5836642613820382,0.22827350668120436
2026-05-21 11:52:00,5.878614837016791,5.878042257322377,0.00015282769021961092,0.325813771688973,0.5848148242444385,0.2267682787100149
2026-05-21 11:53:00,5.887762822459128,5.887181244823354,0.00015179733240249977,0.32963420957864387,0.5859577151551166,0.22523941657576457
2026-05-21 11:54:00,5.896848496011916,5.896257937210677,0.00015075188542675497,0.33342860578563227,0.5870928156492783,0.22368816489597035
2026-05-21 11:55:00,5.905870893610012,5.905271471074564,0.00014969288708265675,0.33719659937242147,0.5882200177518115,0.22211680546952858
2026-05-21 11:56:00,5.914829051188267,5.914221083660596,0.00014862201495961327,0.34093787147919474,0.5893392260752253,0.22052782753161596
2026-05-21 11:57:00,5.923722004681542,5.923106112869718,0.0001475409466470031,0.3446521453238339,0.5904503578196477,0.21892372031736523
2026-05-21 11:58:00,5.932548790024685,5.9319259972582365,0.0001464513597342047,0.3483391862019196,0.591553342772827,0.21730697306190913
2026-05-21 11:59:00,5.941308443152552,5.940680276037822,0.00014535493181061138,0.35199880148673085,0.5926481233101307,0.21568007500040232
2026-05-21 12:00:00,5.95,5.94936858907551,0.00014425334046560176,0.35563084062924605,0.5937346543945468,0.2140455153679776
2026-05-21 12:01:00,5.958622748140288,5.9579906768936945,0.00014314826328857647,0.35923519515814145,0.5948129035766819,0.2124057833998006
2026-05-21 12:02:00,5.967176981700313,5.966546380670139,0.0001420413778689289,0.36281179867979385,0.595882850994764,0.21076336833102607
2026-05-21 12:03:00,5.975663246445377,5.975035642237966,0.00014093436179603015,0.36636062687827736,0.5969444893746395,0.2091207593967758
2026-05-21 12:04:00,5.9840820881407835,5.983458504085663,0.00013982889265928093,0.3698816975153656,0.5979978240297752,0.20748044583221537
2026-05-21 12:05:00,5.992434052551838,5.99181510935708,0.00013872664804805238,0.3733750704305309,0.5990428728612576,0.20584491687246662
2026-05-21 12:06:00,6.000719685443842,6.000105701851429,0.00013762930555174523,0.37684084754094377,0.6000796663577928,0.20421666175269518
2026-05-21 12:07:00,6.008939532582098,6.008330626023289,0.00013653854275975282,0.38027917284147494,0.6011082475957069,0.2025981697080558
2026-05-21 12:08:00,6.017094139731908,6.016490326982599,0.00013545589746231842,0.38369023240469263,0.6021286722389456,0.20099172253738995
2026-05-21 12:09:00,6.025184052658583,6.024585333718767,0.0001343822084541794,0.38707424736791407,0.6031410064411378,0.19939856485833538
2026-05-21 12:10:00,6.0332098171274176,6.032616191997101,0.0001333176155344266,0.3904314458814086,0.6041453184538494,0.19781890410711747
2026-05-21 12:11:00,6.041171978903718,6.040583447582899,0.0001322621187030452,0.39376205609544185,0.6051416765286455,0.1962527402837142
2026-05-21 12:12:00,6.0490710837527875,6.048487646241466,0.0001312157179600574,0.3970663061602824,0.6061301489170919,0.19470007338815856
2026-05-21 12:13:00,6.056907677439931,6.0563293337381054,0.00013017841330545583,0.40034442422619704,0.6071108038707538,0.19316090342043957
2026-05-21 12:14:00,6.064682305730449,6.064109055838121,0.00012915020473926268,0.40359663844345406,0.6080837096411972,0.19163523038059016
2026-05-21 12:15:00,6.072395514389647,6.071827358306817,0.00012813109226144092,0.40682317696232134,0.6090489344799876,0.19012305426855544
2026-05-21 12:16:00,6.080047849182828,6.079484786909494,0.00012712107587200538,0.41002426793306523,0.6100065466386903,0.1886243750843574
2026-05-21 12:17:00,6.087639855875293,6.087081887411458,0.00012612015557097087,0.4132001395059544,0.610956614368871,0.18713919282801794
2026-05-21 12:18:00,6.0951720802323495,6.09461920557801,0.00012512833135830775,0.41635101983125594,0.6118992059220953,0.18566750749949318
2026-05-21 12:19:00,6.102645068019296,6.1020972871744545,0.00012414560323403083,0.41947713705923706,0.6128343895499285,0.184209319098805
2026-05-21 12:20:00,6.1100593650014385,6.109516677966094,0.00012317197119815493,0.42257871934016555,0.6137622335039364,0.18276462762597548
2026-05-21 12:21:00,6.11741551694408,6.116877923718233,0.00012220743525066525,0.4256559948243093,0.6146828060356845,0.18133343308098263
2026-05-21 12:22:00,6.124714069612523,6.124181570196174,0.00012125199539156176,0.42870919166193555,0.6155961753967383,0.17991573546382636
2026-05-21 12:23:00,6.131955568772074,6.1314281631652205,0.0001203056516208445,0.4317385380033121,0.6165024098386634,0.17851153477450676
2026-05-21 12:24:00,6.1391405601880304,6.138618248390675,0.00011936840393851344,0.4347442619987061,0.6174015776130252,0.1771208310130238
2026-05-21 12:25:00,6.1462695896257,6.145752371637842,0.000118440252344576,0.4377265917983854,0.6182937469713894,0.1757436241793885
2026-05-21 12:26:00,6.153343202850385,6.152831078672024,0.00011752119683902476,0.4406857555526175,0.6191789861653216,0.1743799142735898
2026-05-21 12:27:00,6.160361945627389,6.159854915258525,0.00011661123742186715,0.44362198141167003,0.6200573634463872,0.17302970129563874
2026-05-21 12:28:00,6.167326363722014,6.1668244271626484,0.00011571037409308094,0.44653549752581073,0.620928947066152,0.1716929852455024
2026-05-21 12:29:00,6.174237002899563,6.173740160149695,0.00011481860685269574,0.4494265320453061,0.621793805276181,0.1703697661232246
2026-05-21 12:30:00,6.1810944089253415,6.180602659984972,0.00011393593570070415,0.4522953131204254,0.6226520063280405,0.16906004392879448
2026-05-21 12:31:00,6.187899127564654,6.187412472433779,0.00011306236063707657,0.45514206890143477,0.6235036184732955,0.16776381866216802
2026-05-21 12:32:00,6.194651704582799,6.194170143261421,0.0001121978816618574,0.45796702753860197,0.6243487099635117,0.16648109032341118
2026-05-21 12:33:00,6.201352685745082,6.200876218233202,0.00011134249877503185,0.46077041718219536,0.6251873490502547,0.16521185891250195
2026-05-21 12:34:00,6.208002616816806,6.207531243114425,0.0001104962119765703,0.463552465982482,0.62601960398509,0.16395612442939642
2026-05-21 12:35:00,6.214602043563276,6.214135763670391,0.00010965902126650977,0.4663134020897287,0.6268455430195831,0.16271388687414953
2026-05-21 12:36:00,6.221151511749794,6.220690325666406,0.00010883092664484283,0.4690534536542045,0.6276652344052999,0.16148514624675023
2026-05-21 12:37:00,6.227651567141663,6.227195474867772,0.00010801192811156212,0.47177284882617565,0.6284787463938053,0.16026990254718756
2026-05-21 12:38:00,6.2341027555041855,6.233651757039794,0.00010720202566666023,0.47447181575591085,0.6292861472366654,0.15906815577545058
2026-05-21 12:39:00,6.240505622602668,6.240059717947771,0.00010640121931014453,0.47715058259367615,0.6300875051854455,0.15787990593155027
2026-05-21 12:40:00,6.246860714202411,6.246419903357011,0.00010560950904203725,0.47980937748974056,0.6308828884917113,0.15670515301551952
2026-05-21 12:41:00,6.253168576068718,6.2527328590328155,0.00010482689486230138,0.48244842859437115,0.6316723654070283,0.15554389702730342
2026-05-21 12:42:00,6.259429753966891,6.258999130740487,0.00010405337677095172,0.48506796405783514,0.6324560041829619,0.154396137966924
2026-05-21 12:43:00,6.265644793662237,6.26521926424533,0.00010328895476800308,0.48766821203040034,0.6332338730710778,0.1532618758344032
2026-05-21 12:44:00,6.271814240920056,6.2713938053126475,0.00010253362885342584,0.49024940066233463,0.6340060403229416,0.15214111062969707
2026-05-21 12:45:00,6.277938641505655,6.277523299707741,0.0001017873990272422,0.49281175810390443,0.6347725741901185,0.15103384235283854
2026-05-21 12:46:00,6.284018541184333,6.2836082931959165,0.00010105026528946699,0.49535551250537874,0.6355335429241744,0.14994007100384962
2026-05-21 12:47:00,6.290054485721394,6.289649331542477,0.00010032222764005579,0.4978808920170247,0.636289014776675,0.1488597965826644
2026-05-21 12:48:00,6.296047020882144,6.295646960512723,9.96032860790382e-05,0.500388124789109,0.6370390579991854,0.14779301908932682
2026-05-21 12:49:00,6.301996692431885,6.301601725871961,9.889344060642162e-05,0.5028774389719004,0.6377837408432715,0.14673973852384783
2026-05-21 12:50:00,6.30790404613592,6.307514173385494,9.819269122217645e-05,0.5053490627156659,0.6385231315604988,0.14569995488618354
2026-05-21 12:51:00,6.313769627759551,6.313384848818623,9.750103792631008e-05,0.5078032241706728,0.6392572984024326,0.1446736681763449
2026-05-21 12:52:00,6.319593983068082,6.319214297936651,9.681848071883733e-05,0.5102401514871885,0.6399863096206386,0.14366087839435387
2026-05-21 12:53:00,6.325377657826818,6.325003066504883,9.614501959978038e-05,0.5126600728154808,0.6407102334666822,0.1426615855402434
2026-05-21 12:54:00,6.331121197801061,6.330751700288625,9.548065456909486e-05,0.5150632163058184,0.6414291381921294,0.14167578961394764
2026-05-21 12:55:00,6.336825148756113,6.3364607450531745,9.482538562678814e-05,0.5174498101084671,0.6421430920485454,0.14070349061547754
2026-05-21 12:56:00,6.342490056457282,6.342130746563839,9.417921277287504e-05,0.5198200823736957,0.6428521632874958,0.13974468854485508
2026-05-21 12:57:00,6.3481164666698655,6.3477622505859195,9.354213600734814e-05,0.5221742612517707,0.6435564201605461,0.13879938340206924
2026-05-21 12:58:00,6.35370492515917,6.353355802884721,9.291415533021485e-05,0.5245125748929605,0.644255930919262,0.13786757518713103
2026-05-21 12:59:00,6.359255977690495,6.358911949225545,9.229527074146777e-05,0.5268352514475323,0.644950763815209,0.13694926390002946
2026-05-21 13:00:00,6.36477017002915,6.364431235373697,9.168548224111431e-05,0.5291425190657539,0.6456409870999527,0.13604444954077552
2026-05-21 13:01:00,6.370248047940436,6.369914207094479,9.108478982913226e-05,0.5314346058978927,0.6463266690250583,0.13515313210933627
2026-05-21 13:02:00,6.375690157189651,6.375361410153193,9.049319350554383e-05,0.5337117400942158,0.6470078778420917,0.13427531160574466
2026-05-21 13:03:00,6.381097043542106,6.380773390315144,8.991069327035639e-05,0.5359741498049914,0.6476846818026183,0.13341098803001164
2026-05-21 13:04:00,6.386469252763098,6.386150693345636,8.933728912354036e-05,0.538222063180487,0.6483571491582037,0.13256016138209328
2026-05-21 13:05:00,6.391807330617937,6.391493865009969,8.877298106512536e-05,0.5404557083709695,0.6490253481604137,0.13172283166203358
2026-05-21 13:06:00,6.397111822871919,6.396803451073451,8.821776909510397e-05,0.5426753135267077,0.6496893470608135,0.13089899886982148
2026-05-21 13:07:00,6.4023832752903544,6.4020799973013816,8.767165321344657e-05,0.5448811067979681,0.6503492141109687,0.13008866300541305
2026-05-21 13:08:00,6.407622233638539,6.407324049459064,8.71346334201902e-05,0.5470733163350182,0.651005017562445,0.12929182406886325
2026-05-21 13:09:00,6.412829243681783,6.412536153311804,8.660670971532003e-05,0.5492521702881263,0.6516568256668078,0.12850848206015011
2026-05-21 13:10:00,6.418004851185383,6.417716854624903,8.608788209883608e-05,0.5514178968075591,0.6523047066756227,0.1277386369792736
2026-05-21 13:11:00,6.423149601914647,6.422866699163665,8.557815057075313e-05,0.5535707240435849,0.6529487288404552,0.1269822888262557
2026-05-21 13:12:00,6.428264041634878,6.427986232693393,8.50775151310416e-05,0.5557108801464711,0.6535889604128711,0.12623943760105247
2026-05-21 13:13:00,6.433348716111379,6.43307600097939,8.458597577972367e-05,0.5578385932664846,0.6542254696444355,0.12551008330369687
2026-05-21 13:14:00,6.438404171109451,6.43813654978696,8.410353251679936e-05,0.5599540915538939,0.6548583247867142,0.12479422593418892
2026-05-21 13:15:00,6.4434309523944,6.443168424881406,8.363018534226126e-05,0.5620576031589658,0.655487594091273,0.12409186549251759
2026-05-21 13:16:00,6.448429605731529,6.448172172028031,8.316593425610937e-05,0.5641493562319686,0.6561133458096773,0.12340300197868291
2026-05-21 13:17:00,6.4534006768861385,6.453148336992139,8.271077925833628e-05,0.5662295789231692,0.6567356481934923,0.12272763539267388
2026-05-21 13:18:00,6.458344711623534,6.458097465539032,8.226472034896422e-05,0.5682984993828352,0.6573545694942837,0.12206576573452348
2026-05-21 13:19:00,6.463262255709019,6.4630201034340145,8.182775752798576e-05,0.5703563457612346,0.6579701779636175,0.1214173930042207
2026-05-21 13:20:00,6.4681538549078965,6.46791679644239,8.139989079537872e-05,0.572403346208635,0.6585825418530589,0.1207825172017326
2026-05-21 13:21:00,6.47302005498547,6.47278809032946,8.098112015115788e-05,0.5744397288753029,0.6591917294141733,0.12016113832708114
2026-05-21 13:22:00,6.477861401707043,6.477634530860529,8.057144559533805e-05,0.5764657219115069,0.6597978088985262,0.1195532563802883
2026-05-21 13:23:00,6.482678440837916,6.4824566638009005,8.017086712789705e-05,0.5784815534675144,0.6604008485576837,0.11895887136132112
2026-05-21 13:24:00,6.487471718143396,6.487255034915877,7.977938474885704e-05,0.5804874516935924,0.6610009166432108,0.11837798327021254
2026-05-21 13:25:00,6.492241779388785,6.492030189970763,7.939699845820325e-05,0.5824836447400096,0.6615980814066734,0.1178105921069406
2026-05-21 13:26:00,6.496989170339385,6.496782674730861,7.902370825592086e-05,0.5844703607570323,0.6621924110996368,0.11725669787148335
2026-05-21 13:27:00,6.5017144367605,6.501513034961474,7.86595141420395e-05,0.5864478278949287,0.6627839739736667,0.11671630056388471
2026-05-21 13:28:00,6.506418124417434,6.506221816427906,7.830441611653694e-05,0.5884162743039663,0.6633728382803287,0.11618940018411172
2026-05-21 13:29:00,6.51110077907549,6.510909564895458,7.795841417942058e-05,0.590375928134412,0.663959072271188,0.11567599673217538
2026-05-21 13:30:00,6.515762946499971,6.515576826129436,7.762150833071265e-05,0.5923270175365342,0.6645427441978106,0.11517609020810865
2026-05-21 13:31:00,6.520405172456182,6.520224145895144,7.729369857038353e-05,0.5942697706606006,0.665123922311762,0.11468968061186756
2026-05-21 13:32:00,6.525028002709422,6.524852069957882,7.697498489843321e-05,0.596204415656878,0.6657026748646073,0.11421676794345213
2026-05-21 13:33:00,6.5296319830249985,6.529461144082956,7.66653673148765e-05,0.5981311806756343,0.6662790701079125,0.11375735220288433
2026-05-21 13:34:00,6.534217659168212,6.534051914035667,7.63648458196986e-05,0.6000502938671372,0.666853176293243,0.1133114333901422
2026-05-21 13:35:00,6.53878557690437,6.53862492558132,7.607342041291432e-05,0.6019619833816534,0.6674250616721643,0.11287901150524769
2026-05-21 13:36:00,6.543336281998769,6.543180724485217,7.579109109453104e-05,0.6038664773694515,0.667994794496242,0.11246008654821178
2026-05-21 13:37:00,6.5478703202167186,6.547719856512663,7.551785786454138e-05,0.6057640039807989,0.6685624430170417,0.1120546585190235
2026-05-21 13:38:00,6.552388237323518,6.552242867428962,7.525372072293053e-05,0.6076547913659636,0.6691280754861291,0.11166272741766091
2026-05-21 13:39:00,6.556890579084473,6.556750302999415,7.49986796696837e-05,0.6095390676752122,0.6696917601550694,0.111284293244102
2026-05-21 13:40:00,6.561377891264886,6.561242708989324,7.475273470483045e-05,0.6114170610588118,0.6702535652754281,0.1109193559983907
2026-05-21 13:41:00,6.56585071963006,6.565720631163995,7.451588582838565e-05,0.6132889996670308,0.6708135590987712,0.11056791568054902
2026-05-21 13:42:00,6.570309609945298,6.57018461528873,7.428813304032704e-05,0.615155111650137,0.6713718098766638,0.11022997229054396
2026-05-21 13:43:00,6.574755107975905,6.574635207128834,7.406947634065464e-05,0.6170156251583977,0.6719283858606719,0.10990552582837555
2026-05-21 13:44:00,6.579187759487183,6.579072952449609,7.385991572936846e-05,0.6188707683420805,0.6724833553023607,0.1095945762940438
2026-05-21 13:45:00,6.583608110244434,6.583498397016358,7.365945120645368e-05,0.6207207693514527,0.6730367864532959,0.10929712368752671
2026-05-21 13:46:00,6.588016706012962,6.587912086594383,7.34680827719399e-05,0.6225658563367815,0.673588747565043,0.10901316800886822
2026-05-21 13:47:00,6.592414092558072,6.592314566948991,7.328581042583456e-05,0.6244062574483354,0.6741393068891675,0.10874270925807934
2026-05-21 13:48:00,6.596800815645066,6.596706383845484,7.311263416809322e-05,0.6262422008363819,0.6746885326772349,0.10848574743509416
2026-05-21 13:49:00,6.601177421039248,6.601088083049162,7.294855399873069e-05,0.6280739146511876,0.675236493180811,0.10824228253993465
2026-05-21 13:50:00,6.60554445450592,6.605460210325331,7.279356991777657e-05,0.6299016270430204,0.6757832566514612,0.10801231457264472
2026-05-21 13:51:00,6.609902461810386,6.609823311439295,7.264768192520125e-05,0.6317255661621486,0.676328891340751,0.10779584353318045
2026-05-21 13:52:00,6.6142519887179505,6.614177932156355,7.251089002101955e-05,0.6335459601588386,0.676873465500246,0.10759286942156379
2026-05-21 13:53:00,6.618593580993915,6.618524618241818,7.238319420522406e-05,0.6353630371833592,0.6774170473815119,0.10740339223778379
2026-05-21 13:54:00,6.622927784403583,6.622863915460982,7.226459447780738e-05,0.6371770253859768,0.6779597052361138,0.10722741198182945
2026-05-21 13:55:00,6.627255144712258,6.6271963695791545,7.215509083879172e-05,0.6389881529169595,0.6785015073156178,0.10706492865373374
2026-05-21 13:56:00,6.631576207685243,6.631522526361637,7.205468328816226e-05,0.6407966479265751,0.6790425218715891,0.10691594225347463
2026-05-21 13:57:00,6.635891519087843,6.635842931573734,7.196337182591901e-05,0.6426027385650908,0.6795828171555934,0.10678045278105221
2026-05-21 13:58:00,6.640201624685359,6.640158130980748,7.188115645205458e-05,0.6444066529827743,0.6801224614191963,0.10665846023645544
2026-05-21 13:59:00,6.644507070243096,6.6444686703479805,7.180803716658376e-05,0.6462086193298927,0.680661522913963,0.10654996461970628
2026-05-21 14:00:00,6.648808401526354,6.648775095440738,7.174401396950655e-05,0.6480088657567141,0.6812000698914594,0.10645496593080477
2026-05-21 14:01:00,6.65310616430044,6.653077952024321,7.168908686082295e-05,0.6498076204135059,0.6817381706032509,0.10637346416975085
2026-05-21 14:02:00,6.657400904330659,6.657377785864036,7.164325584051076e-05,0.6516051114505362,0.6822758933009034,0.10630545933651164
2026-05-21 14:03:00,6.661693167382308,6.661675142725183,7.160652090858477e-05,0.6534015670180711,0.6828133062359818,0.10625095143110906
2026-05-21 14:04:00,6.665983499220694,6.665970568373067,7.15788820650746e-05,0.6551972152663794,0.6833504776600521,0.10620994045358705
2026-05-21 14:05:00,6.670272445611118,6.6702646085729915,7.156033930992845e-05,0.6569922843457288,0.68388747582468,0.10618242640386875
2026-05-21 14:06:00,6.674560552318891,6.674557809090258,7.155089264316849e-05,0.6587870024063857,0.6844243689814303,0.10616840928198709
2026-05-21 14:07:00,6.678848365109307,6.678850715690172,7.155054206480956e-05,0.6605815975986186,0.6849612253818695,0.10616788908796404
2026-05-21 14:08:00,6.683136429747673,6.683143874138035,7.155928757481463e-05,0.6623762980726947,0.6854981132775625,0.10618086582174469
2026-05-21 14:09:00,6.687425291999292,6.6874378301991495,7.157712917322811e-05,0.6641713319788808,0.6860351009200749,0.10620733948339492
2026-05-21 14:10:00,6.691715497629467,6.6917331296388225,7.160406686004261e-05,0.6659669274674462,0.6865722565609725,0.10624731007290376
2026-05-21 14:11:00,6.696007592403503,6.696030318222355,7.164010063522852e-05,0.6677633126886574,0.687109648451821,0.1063007775902273
2026-05-21 14:12:00,6.7003021220867,6.70032994171505,7.168523049880063e-05,0.6695607157927822,0.6876473448441854,0.10636774203538746
2026-05-21 14:13:00,6.704599632444363,6.704632545882211,7.173945645076637e-05,0.6713593649300876,0.6881854139896317,0.10644820340839528
2026-05-21 14:14:00,6.708900669241796,6.708938676489142,7.18027784911257e-05,0.6731594882508422,0.6887239241397253,0.1065421617092507
2026-05-21 14:15:00,6.713205778244304,6.713248879301146,7.187519661985645e-05,0.6749613139053129,0.6892629435460319,0.10664961693792079
2026-05-21 14:16:00,6.717515505217184,6.717563700083525,7.195671083697342e-05,0.6767650700437667,0.6898025404601166,0.10677056909442754
2026-05-21 14:17:00,6.721830395925746,6.721883684601583,7.20473211424988e-05,0.6785709848164718,0.6903427831335452,0.10690501817880389
2026-05-21 14:18:00,6.7261509961352886,6.7262093786206245,7.214702753640297e-05,0.6803792863736964,0.6908837398178838,0.10705296419100588
2026-05-21 14:19:00,6.73047785161112,6.730541327905951,7.225583001869336e-05,0.6821902028657066,0.691425478764697,0.10721440713104453
2026-05-21 14:20:00,6.734811508118538,6.734880078222868,7.237372858937737e-05,0.6840039624427713,0.6919680682255509,0.10738934699893081
2026-05-21 14:21:00,6.73915251142285,6.739226175336676,7.250072324842538e-05,0.6858207932551572,0.6925115764520109,0.10757778379462078
2026-05-21 14:22:00,6.743501407289355,6.743580165012679,7.263681399588181e-05,0.6876409234531314,0.6930560716956424,0.10777971751818034
2026-05-21 14:23:00,6.747858741483363,6.747942593016182,7.278200083173924e-05,0.689464581186963,0.6936016222080116,0.1079951481695985
2026-05-21 14:24:00,6.7522250597701685,6.7523140051124875,7.29362837559755e-05,0.6912919946069186,0.6941482962406833,0.10822407574884234
2026-05-21 14:25:00,6.756600907915083,6.756694947066899,7.309966276859055e-05,0.6931233918632662,0.6946961620452236,0.10846650025591183
2026-05-21 14:26:00,6.760986831683406,6.761085964644718,7.327213786959183e-05,0.6949590011062726,0.6952452878731976,0.10872242169081799
2026-05-21 14:27:00,6.765383376840441,6.76548760361125,7.34537090589793e-05,0.6967990504862059,0.6957957419761711,0.10899184005356075
2026-05-21 14:28:00,6.769791089151489,6.769900409731796,7.36443763367604e-05,0.698643768153333,0.6963475926057094,0.10927475534415117
2026-05-21 14:29:00,6.774210514381858,6.774324928771661,7.38441397029425e-05,0.7004933822579225,0.6969009080133785,0.10957116756260019
2026-05-21 14:30:00,6.778642198296846,6.778761706496149,7.405299915750341e-05,0.7023481209502415,0.6974557564507436,0.10988107670887487
2026-05-21 14:31:00,6.783086686661762,6.783211288670562,7.427095470045054e-05,0.7042082123805574,0.6980122061693704,0.1102044827829862
2026-05-21 14:32:00,6.787544525241907,6.787674221060203,7.449800633178387e-05,0.7060738846991379,0.6985703254208243,0.11054138578493415
2026-05-21 14:33:00,6.792016259802583,6.792151049430376,7.473415405149601e-05,0.7079453660562505,0.699130182456671,0.11089178571470779
2026-05-21 14:34:00,6.796502436109092,6.7966423195463825,7.497939785961656e-05,0.7098228846021623,0.6996918455284759,0.111255682572351
2026-05-21 14:35:00,6.80100359992674,6.80114857717353,7.523373775611594e-05,0.7117066684871421,0.7002553828878049,0.1116330763578199
2026-05-21 14:36:00,6.8055202970208315,6.8056703680771164,7.549717374100151e-05,0.713596945861456,0.7008208627862229,0.11202396707112541
2026-05-21 14:37:00,6.810053073156669,6.81020823802245,7.57697058142807e-05,0.7154939448753728,0.7013883534752963,0.11242835471227858
2026-05-21 14:38:00,6.814602474099551,6.81476273277483,7.60513339759313e-05,0.717397893679159,0.7019579232065899,0.1128462392812464
2026-05-21 14:39:00,6.819169045614784,6.819334398099562,7.634205822599031e-05,0.7193090204230825,0.7025296402316695,0.11327762077808383
2026-05-21 14:40:00,6.823753333467675,6.823923779761949,7.664187856443553e-05,0.7212275532574115,0.7031035728021008,0.1137224992027579
2026-05-21 14:41:00,6.828355883423522,6.828531423527294,7.695079499125216e-05,0.723153720332413,0.7036797891694494,0.11418087455524664
2026-05-21 14:42:00,6.832977241247631,6.833157875160899,7.72688075064698e-05,0.725087749798354,0.7042583575852803,0.114652746835594
2026-05-21 14:43:00,6.837617952705304,6.83780368042807,7.759591611008106e-05,0.7270298698055033,0.7048393463011597,0.11513811604378899
2026-05-21 14:44:00,6.842278563561845,6.842469385094109,7.793212080206372e-05,0.7289803085041275,0.705422823568653,0.11563698217979865
2026-05-21 14:45:00,6.846959619582557,6.847155534924318,7.827742158244e-05,0.7309392940444944,0.7060088576393254,0.11614934524365594
2026-05-21 14:46:00,6.851661666532744,6.851862675684002,7.863181845120988e-05,0.7329070545768717,0.7065975167647429,0.11667520523536086
2026-05-21 14:47:00,6.856385250177707,6.856591353138463,7.899531140835858e-05,0.7348838182515267,0.7071888691964708,0.11721456215489144
2026-05-21 14:48:00,6.861130916282754,6.861342113053005,7.93679004539083e-05,0.7368698132187269,0.7077829831860745,0.11776741600228063
2026-05-21 14:49:00,6.865899210613183,6.866115501192932,7.97495855878442e-05,0.7388652676287407,0.7083799269851199,0.11833376677750646
2026-05-21 14:50:00,6.870690678934299,6.870912063323546,8.014036681015894e-05,0.7408704096318347,0.7089797688451724,0.11891361448055796
2026-05-21 14:51:00,6.875505867011406,6.875732345210151,8.054024412086728e-05,0.7428854673782769,0.7095825770177975,0.11950695911145708
2026-05-21 14:52:00,6.880345320609807,6.88057689261805,8.094921751995443e-05,0.7449106690183346,0.7101884197545608,0.12011380067018186
2026-05-21 14:53:00,6.885209585494807,6.885446251312546,8.136720743229612e-05,0.7469462427022752,0.7107973653070278,0.12073402108183415
2026-05-21 14:54:00,6.8900992074317085,6.890340957509926,8.179373640699872e-05,0.7489924125885212,0.7114094807325962,0.12136691189680535
2026-05-21 14:55:00,6.8950147321858095,6.895261499681386,8.222792911745102e-05,0.751049382876265,0.7120248271178244,0.1220111742908533
2026-05-21 14:56:00,6.89995670552242,6.90020830900402,8.266883066193239e-05,0.7531173338136253,0.7126434583842631,0.12266539136485967
2026-05-21 14:57:00,6.904925673206842,6.905181759360818,8.311548613867773e-05,0.7551964216976472,0.7132654212884564,0.1233281462196402
2026-05-21 14:58:00,6.909922181004377,6.910182167340661,8.356694064589979e-05,0.7572867788743001,0.7138907554219405,0.12399802195597771
2026-05-21 14:59:00,6.9149467746803275,6.9152097922383255,8.402223928187791e-05,0.7593885137384783,0.7145194932112445,0.12467360167475389
2026-05-21 15:00:00,6.92,6.9202648360544865,8.448042714487662e-05,0.7615017107340037,0.7151516599178903,0.12535346847682838
2026-05-21 15:01:00,6.925082259493433,6.925347443495711,8.494054933312345e-05,0.7636264303536227,0.7157872736383927,0.12603620546300595
2026-05-21 15:02:00,6.930193382749616,6.930457701974461,8.540165094486074e-05,0.7657627091390072,0.716426345304259,0.1267203957341134
2026-05-21 15:03:00,6.9353330561222775,6.935595641609094,8.586277707834563e-05,0.7679105596807544,0.717068878681989,0.1274046223909994
2026-05-21 15:04:00,6.940500965965139,6.940761235223863,8.632297283183525e-05,0.7700699706183879,0.7177148703730757,0.12808746853451264
2026-05-21 15:05:00,6.945696798631936,6.945954398348914,8.678128330355714e-05,0.7722409066403564,0.7183643098140048,0.12876751726545793
2026-05-21 15:06:00,6.950920240476389,6.95117498922029,8.7236753591761e-05,0.7744233084840334,0.7190171792762539,0.12944335168467297
2026-05-21 15:07:00,6.956170977852224,6.956422808779926,8.768842879473364e-05,0.7766170929357188,0.7196734538662941,0.13011355489305043
2026-05-21 15:08:00,6.9614486971131715,6.961697600675658,8.81354335858268e-05,0.7788221528306395,0.7203331015255898,0.13077682806629323
2026-05-21 15:09:00,6.966753084612956,6.966999060810225,8.857729051417648e-05,0.7810383610447897,0.7209960842247644,0.1314324627548367
2026-05-21 15:10:00,6.972083826705306,6.972326875537359,8.901392000465099e-05,0.7832655864623226,0.7216623627402747,0.13208034088377166
2026-05-21 15:11:00,6.977440609743948,6.977680731210783,8.944532205722074e-05,0.7855036979673874,0.722331897848577,0.13272046245305424
2026-05-21 15:12:00,6.982823120082608,6.983060314184225,8.987149667190793e-05,0.7877525644441358,0.7230046503261276,0.13335282746271737
2026-05-21 15:13:00,6.988231044075009,6.988465310811412,9.029244384871997e-05,0.7900120547767181,0.723680580949383,0.13397743591277203
2026-05-21 15:14:00,6.993664068074886,6.993895407446072,9.070816358764204e-05,0.7922820378492864,0.7243596504947998,0.13459428780319627
2026-05-21 15:15:00,6.999121878435961,6.999350290441929,9.111865588866675e-05,0.7945623825459902,0.7250418197388339,0.13520338313397906
2026-05-21 15:16:00,7.004604161511959,7.004829646152712,9.152392075180889e-05,0.7968529577509813,0.7257270494579418,0.13580472190514242
2026-05-21 15:17:00,7.010110603656611,7.010333160932146,9.192395817706109e-05,0.79915363234841,0.7264153004285802,0.13639830411667536
2026-05-21 15:18:00,7.015640891223642,7.015860521133959,9.23187681644233e-05,0.8014642752224275,0.7271065334272051,0.13698412976857782
2026-05-21 15:19:00,7.021194710566776,7.021411413111877,9.270835071390297e-05,0.8037847552571842,0.7278007092302732,0.13756219886086085
2026-05-21 15:20:00,7.026771748039744,7.026985523219627,9.309270582550748e-05,0.8061149413368318,0.7284977886142406,0.13813251139353544
2026-05-21 15:21:00,7.032371689996269,7.032582537810938,9.347183349922202e-05,0.808454702345521,0.7291977323555642,0.13869506736657955
2026-05-21 15:22:00,7.037994222790082,7.038202143239534,9.38457337350318e-05,0.8108039071674027,0.7299005012306997,0.13924986677997128
2026-05-21 15:23:00,7.043639032774909,7.0438440258591415,9.421440653295902e-05,0.8131624246866269,0.730606056016104,0.13979690963374355
2026-05-21 15:24:00,7.049305806304471,7.049507872023489,9.457785189301849e-05,0.8155301237873456,0.7313143574882331,0.14033619592791835
2026-05-21 15:25:00,7.054994229732501,7.055193368086304,9.493606981517319e-05,0.8179068733537096,0.7320253664235439,0.1408677256624407
2026-05-21 15:26:00,7.060703989412726,7.06090020040131,9.528906029944532e-05,0.8202925422698689,0.7327390435984922,0.14139149883734364
2026-05-21 15:27:00,7.066434771698869,7.066628055322237,9.56368233458275e-05,0.8226869994199756,0.733455349789535,0.14190751545261615
2026-05-21 15:28:00,7.07218626294466,7.072376619202809,9.597935895431972e-05,0.8250901136881793,0.734174245773128,0.1424157755082582
2026-05-21 15:29:00,7.0779581495038215,7.0781455783967555,9.631666712493677e-05,0.8275017539586319,0.7348956923257279,0.1429162790042918
2026-05-21 15:30:00,7.083750117730084,7.083934619257802,9.664874785765646e-05,0.829921789115484,0.7356196502237913,0.14340902594068397
2026-05-21 15:31:00,7.089561853977174,7.089743428139674,9.69756011524936e-05,0.8323500880428861,0.7363460802437745,0.14389401631745669
2026-05-21 15:32:00,7.095393044598819,7.095571691396101,9.729722700944077e-05,0.8347865196249897,0.7370749431621335,0.14437125013459898
2026-05-21 15:33:00,7.1012433759487426,7.101419095380807,9.761362542851279e-05,0.8372309527459453,0.737806199755325,0.1448407273921328
2026-05-21 15:34:00,7.107112534380671,7.107285326447522,9.792479640968003e-05,0.8396832562899045,0.7385398107998057,0.14530244809001422
2026-05-21 15:35:00,7.113000206248338,7.113170070949969,9.823073995296472e-05,0.8421432991410165,0.7392757370720313,0.14575641222827618
2026-05-21 15:36:00,7.118906077905462,7.119073015241878,9.853145605836685e-05,0.8446109501834342,0.7400139393484588,0.14620261980691868
2026-05-21 15:37:00,7.124829835705773,7.124993845676973,9.882694472587902e-05,0.8470860783013068,0.7407543784055439,0.14664107082593075
2026-05-21 15:38:00,7.130771166003001,7.130932248608984,9.911720595551602e-05,0.8495685523787867,0.7414970150197437,0.14707176528533436
2026-05-21 15:39:00,7.136729755150868,7.136887910391635,9.940223974724087e-05,0.8520582413000238,0.7422418099675143,0.14749470318507457
2026-05-21 15:40:00,7.142705289503104,7.142860517378653,9.968204610109795e-05,0.8545550139491689,0.7429887240253118,0.1479098845252173
2026-05-21 15:41:00,7.148697455413436,7.1488497559237665,9.995662501706507e-05,0.8570587392103738,0.7437377179695931,0.14831730930572962
2026-05-21 15:42:00,7.154705939235585,7.1548553123807,0.00010022597649514223,0.8595692859677884,0.7444887525768143,0.14871697752661148
2026-05-21 15:43:00,7.160730427323285,7.1608768731031835,0.00010049010053533683,0.8620865231055644,0.7452417886234318,0.14910888918787388
2026-05-21 15:44:00,7.1667706060302585,7.166914124444941,0.00010074899713763408,0.864610319507852,0.745996786885902,0.14949304428949486
2026-05-21 15:45:00,7.172826161710237,7.1729667527597,0.00010100266630204875,0.8671405440588026,0.7467537081406813,0.14986944283149642
2026-05-21 15:46:00,7.178896780716939,7.179034444401187,0.00010125110802858087,0.8696770656425666,0.7475125131642261,0.1502380848138785
2026-05-21 15:47:00,7.184982149404098,7.185116885723129,0.00010149432231723784,0.8722197531432955,0.7482731627329927,0.15059897023665214
2026-05-21 15:48:00,7.1910819541254405,7.191213763079255,0.00010173230916798263,0.8747684754451404,0.7490356176234378,0.15095209909976234
2026-05-21 15:49:00,7.197195881234689,7.197324762823287,0.00010196506858083746,0.8773231014322506,0.7497998386120172,0.15129747140324215
2026-05-21 15:50:00,7.203323617085576,7.203449571308956,0.00010219260055583194,0.8798834999887784,0.7505657864751877,0.15163508714713544
2026-05-21 15:51:00,7.209464848031822,7.209587874889987,0.00010241490509292906,0.8824495399988747,0.7513334219894058,0.15196494633138732
2026-05-21 15:52:00,7.21561926042716,7.215739359920107,0.0001026319821921362,0.8850210903466897,0.7521027059311275,0.15228704895600875
2026-05-21 15:53:00,7.221786540625311,7.221903712753043,0.0001028438318534608,0.887598019916375,0.7528735990768094,0.15260139502101075
2026-05-21 15:54:00,7.227966374980007,7.2280806197425225,0.00010305045407688803,0.8901801975920812,0.7536460622029081,0.1529079845263713
2026-05-21 15:55:00,7.234158449844972,7.23426976724227,0.0001032518488624253,0.8927674922579587,0.7544200560858795,0.15320681747210146
2026-05-21 15:56:00,7.240362451573934,7.2404708416060135,0.00010344801621008001,0.8953597727981588,0.7551955415021802,0.15349789385821214
2026-05-21 15:57:00,7.246578066520619,7.24668352918748,0.00010363895611986695,0.8979569080968323,0.7559724792282666,0.15378121368472533
2026-05-21 15:58:00,7.252804981038752,7.2529075163403975,0.00010382466859175654,0.900558767038131,0.7567508300405954,0.1540567769515971
2026-05-21 15:59:00,7.259042881482059,7.25914248941849,0.00010400515362574876,0.9031652185062043,0.7575305547156225,0.15432458365882745
2026-05-21 16:00:00,7.265291454204274,7.265388134775487,0.00010418041122185103,0.9057761313852043,0.7583116140298046,0.1545846338064274
2026-05-21 16:01:00,7.271550385559117,7.2716441387651125,0.00010435044138007813,0.9083913745592805,0.7590939687595977,0.15483692739441884
2026-05-21 16:02:00,7.277819361900316,7.277910187741097,0.00010451524410041528,0.9110108169125857,0.7598775796814586,0.15508146442277987
2026-05-21 16:03:00,7.284098069581599,7.284185968057162,0.00010467481938285506,0.9136343273292687,0.7606624075718434,0.15531824489149945
2026-05-21 16:04:00,7.290386194956692,7.290471166067039,0.00010482916722741968,0.916261774693482,0.7614484132072089,0.1555472688006106
2026-05-21 16:05:00,7.296683424379325,7.296765468124453,0.00010497828763409434,0.9188930278893757,0.7622355573640109,0.15576853615009129
2026-05-21 16:06:00,7.3029894442032175,7.303068560583131,0.00010512218060288643,0.921527955801101,0.7630238008187062,0.15598204693995252
2026-05-21 16:07:00,7.3093039407821045,7.309380129796799,0.00010526084613379597,0.9241664273128087,0.7638131043477511,0.1561878011701943
2026-05-21 16:08:00,7.315626600469707,7.315699862119186,0.00010539428422680075,0.9268083113086504,0.7646034287276021,0.15638579884078369
2026-05-21 16:09:00,7.321957109619753,7.322027443904015,0.00010552249488191557,0.9294534766727751,0.7653947347347152,0.15657603995174266
2026-05-21 16:10:00,7.3282951545859705,7.328362561505016,0.00010564547809916262,0.9321017922893354,0.766186983145547,0.15675852450310412
2026-05-21 16:11:00,7.334640421722086,7.334704901275915,0.00010576323387851971,0.9347531270424817,0.766980134736554,0.15693325249483514
2026-05-21 16:12:00,7.340992597381826,7.3410541495704384,0.00010587576221998685,0.9374073498163651,0.7677741502841927,0.15710022392693573
2026-05-21 16:13:00,7.347351367918918,7.347409992742313,0.00010598306312356401,0.9400643294951361,0.7685689905649191,0.1572594387994059
2026-05-21 16:14:00,7.353716419687087,7.353772117145266,0.00010608513658925123,0.9427239349629458,0.7693646163551898,0.15741089711224562
2026-05-21 16:15:00,7.360087439040061,7.360140209133023,0.00010618198261705588,0.9453860351039448,0.7701609884314612,0.1575545988654659
2026-05-21 16:16:00,7.366464112331568,7.366513955059313,0.00010627360120697056,0.9480504988022845,0.7709580675701897,0.15769054405905572
2026-05-21 16:17:00,7.3728461259153315,7.37289304127786,0.00010635999235899529,0.9507171949421153,0.7717558145478315,0.15781873269301513
2026-05-21 16:18:00,7.37923316614508,7.379277154142392,0.00010644115607313745,0.9533859924075883,0.7725541901408429,0.1579391647673551
2026-05-21 16:19:00,7.3856249193745445,7.385665980006636,0.00010651709234941187,0.9560567600828542,0.7733531551256808,0.15805184028209757
2026-05-21 16:20:00,7.392021071957443,7.392059205224322,0.00010658780118777411,0.9587293668520653,0.7741526702788014,0.15815675923717662
2026-05-21 16:21:00,7.3984213102475085,7.398456516149169,0.00010665328258823899,0.9614036815993698,0.7749526963766605,0.1582539216326143
2026-05-21 16:22:00,7.404825320598467,7.40485759913491,0.00010671353655083612,0.9640795732089208,0.7757531941957154,0.15834332746845445
2026-05-21 16:23:00,7.411232789364043,7.411262140535269,0.00010676856307554328,0.966756910564868,0.7765541245124218,0.15842497674466421
2026-05-21 16:24:00,7.417643402897964,7.417669826703976,0.00010681836216238268,0.9694355625513632,0.7773554481032364,0.15849886946127645
2026-05-21 16:25:00,7.424056847553961,7.424080343994755,0.00010686293381130252,0.9721153980525573,0.7781571257446157,0.15856500561821432
2026-05-21 16:26:00,7.430472809685756,7.430493378761332,0.0001069022780223324,0.9747962859525996,0.7789591182130156,0.15862338521552177
2026-05-21 16:27:00,7.436890975647075,7.436908617357435,0.00010693639479550191,0.9774780951356425,0.7797613862848928,0.1586740082532427
2026-05-21 16:28:00,7.443311031791649,7.443325746136792,0.00010696528413078147,0.9801606944858368,0.7805638907367036,0.15871687473133322
2026-05-21 16:29:00,7.449732664473203,7.449744451453129,0.00010698894602816367,0.9828439528873333,0.7813665923449048,0.15875198464978232
2026-05-21 16:30:00,7.4561555600454605,7.456164419660172,0.0001070073804876559,0.9855277392242823,0.7821694518859521,0.15877933800860097
2026-05-21 16:31:00,7.462579404862155,7.462585337111648,0.00010702058750926558,0.9882119223808352,0.7829724301363025,0.1587989348078002
2026-05-21 16:32:00,7.469003885277008,7.469006890161284,0.00010702856709299269,0.9908963712411427,0.7837754878724119,0.15881077504737992
2026-05-21 16:33:00,7.475428687643748,7.475428765162807,0.00010703131923882984,0.993580954689356,0.784578585870737,0.15881485872732926
2026-05-21 16:34:00,7.4818534983161005,7.481850648469943,0.00010702884394677702,0.9962655416096258,0.785381684907734,0.1588111858476481
2026-05-21 16:35:00,7.488278003647794,7.48827222643642,0.00010702114121684906,0.9989500008861029,0.7861847457598594,0.15879975640835853
2026-05-21 16:36:00,7.494701889992554,7.494693185415965,0.00010700821104901633,1.0016342014029387,0.7869877292035697,0.15878057040941654
2026-05-21 16:37:00,7.501124843704108,7.501113211762302,0.00010699005344329363,1.0043180120442827,0.7877905960153209,0.1587536278508441
2026-05-21 16:38:00,7.507546551136183,7.50753199182916,0.00010696666839970319,1.0070013016942871,0.7885933069715697,0.1587189287326742
2026-05-21 16:39:00,7.513966698642506,7.513949211970266,0.00010693805591820797,1.0096839392371026,0.7893958228487724,0.15867647305485189
2026-05-21 16:40:00,7.520384972576804,7.520364558539345,0.0001069042159988376,1.0123657935568795,0.7901981044233853,0.1586262608174211
2026-05-21 16:41:00,7.5268010592928025,7.526777717890127,0.00010686514864158466,1.0150467335377698,0.7910001124718652,0.15856829202037087
2026-05-21 16:42:00,7.533214645144227,7.533188376376335,0.00010682085384643436,1.0177266280639232,0.7918018077706678,0.1585025666636792
2026-05-21 16:43:00,7.5396254164848076,7.539596220351699,0.0001067713316134015,1.0204053460194913,0.79260315109625,0.1584290847473681
2026-05-21 16:44:00,7.546033059668268,7.546000936169944,0.00010671658194247128,1.0230827562886249,0.7934041032250682,0.15834784627141557
2026-05-21 16:45:00,7.552437261048338,7.552402210184796,0.0001066566048336659,1.0257587277554743,0.7942046249335782,0.15825885123585456
2026-05-21 16:46:00,7.558837706978741,7.5587997287499835,0.00010659140028697056,1.0284331293041913,0.7950046769982371,0.15816209964066313
2026-05-21 16:47:00,7.565234083813208,7.565193178219232,0.00010652096830238526,1.031105829818926,0.7958042201955008,0.15805759148584128
2026-05-21 16:48:00,7.571626077905462,7.57158224494627,0.00010644530887991,1.03377669818383,0.7966032153018261,0.15794532677138898
2026-05-21 16:49:00,7.578013375609229,7.577966615284821,0.00010636442201955217,1.0364456032830531,0.797401623093669,0.15782530549731721
2026-05-21 16:50:00,7.584395663278242,7.584345975588616,0.00010627830772131178,1.0391124140007477,0.7981994043474862,0.15769752766362602
2026-05-21 16:51:00,7.590772627266222,7.590720012211379,0.00010618696598518144,1.0417769992210635,0.7989965198397337,0.15756199327030437
2026-05-21 16:52:00,7.597143953926896,7.597088411506838,0.00010609039681116113,1.0444392278281522,0.7997929303468684,0.15741870231735228
2026-05-21 16:53:00,7.603509329613994,7.603450859828718,0.00010598860019925827,1.047098968706164,0.8005885966453462,0.15726765480478078
2026-05-21 16:54:00,7.60986844068124,7.609807043530749,0.00010588157614946544,1.0497560907392505,0.8013834795116236,0.1571088507325788
2026-05-21 16:55:00,7.616220973482363,7.616156648966654,0.00010576932466177524,1.0524104628115616,0.8021775397221572,0.1569422901007354
2026-05-21 16:56:00,7.622566614371087,7.622499362490162,0.00010565184573620989,1.055061953807249,0.8029707380534032,0.15676797290928354
2026-05-21 16:57:00,7.628905049701144,7.628834870454999,0.00010552913937275457,1.0577104326104634,0.803763035281818,0.15658589915820126
2026-05-21 16:58:00,7.635235965826253,7.635162859214892,0.0001054012055714241,1.0603557681053555,0.8045543921838583,0.1563960688475105
2026-05-21 16:59:00,7.641559049100147,7.64148301512357,0.00010526804433219628,1.0629978291760769,0.8053447695359801,0.15619848197717834
2026-05-21 17:00:00,7.647873985876548,7.647795024534756,0.00010512965565507108,1.0656364847067774,0.8061341281146398,0.15599313854720473
2026-05-21 17:01:00,7.6541804625091885,7.6540985738021785,0.00010498603954007072,1.0682716035816084,0.8069224286962938,0.15578003855762268
2026-05-21 17:02:00,7.66047816535179,7.660393349279564,0.00010483719598717301,1.0709030546847211,0.8077096320573988,0.1555591820083992
2026-05-21 17:03:00,7.666766780758084,7.666679037320639,0.00010468312499640013,1.0735307069002655,0.8084956989744106,0.15533056889956723
2026-05-21 17:04:00,7.673045995081793,7.672955324279132,0.00010452382656774468,1.076154429112394,0.8092805902237863,0.1550941992311158
2026-05-21 17:05:00,7.679315494676645,7.679221896508769,0.00010435930070118449,1.078774090205256,0.8100642665819817,0.154850073003012
2026-05-21 17:06:00,7.685574965896369,7.6854784403632745,0.00010418954739674172,1.081389559063003,0.8108466888254535,0.15459819021528876
2026-05-21 17:07:00,7.691824095094691,7.691724642196378,0.0001040145666544238,1.084000704569786,0.8116278177306581,0.15433855086795703
2026-05-21 17:08:00,7.698062568625331,7.697960188361805,0.00010383435847421592,1.0866073956097557,0.8124076140740516,0.15407115496099488
2026-05-21 17:09:00,7.704290072842027,7.7041847652132835,0.00010364892285611068,1.0892095010670633,0.8131860386320907,0.1537960024943913
2026-05-21 17:10:00,7.710506294098499,7.710398059104539,0.00010345825980012287,1.0918068898258593,0.8139630521812317,0.15351309346816824
2026-05-21 17:11:00,7.7167109187484755,7.716599756389298,0.0001032623693062525,1.0943994307702947,0.8147386154979307,0.15322242788232576
2026-05-21 17:12:00,7.722903633145685,7.722789543421289,0.00010306125137449218,1.0969869927845204,0.8155126893586445,0.15292400573685283
2026-05-21 17:13:00,7.729084123643848,7.728967106554237,0.0001028549060048419,1.0995694447526874,0.8162852345398293,0.1526178270317495
2026-05-21 17:14:00,7.735252076596698,7.73513213214187,0.00010264333319729425,1.1021466555589465,0.8170562118179414,0.1523038917670047
2026-05-21 17:15:00,7.741407178357959,7.741284306537913,0.00010242653295187883,1.104718494087448,0.8178255819694372,0.15198219994266246
2026-05-21 17:16:00,7.747549115281357,7.7474233160960955,0.00010220450526858087,1.1072848292223443,0.8185933057707733,0.15165275155870073
2026-05-21 17:17:00,7.753677573720621,7.753548847170142,0.00010197725014738553,1.109845529847785,0.819359343998406,0.15131554661509758
2026-05-21 17:18:00,7.759792240029476,7.759660586113782,0.00010174476758830023,1.1124004648479218,0.8201236574287918,0.150970585111864
2026-05-21 17:19:00,7.765892800561651,7.765758219280738,0.00010150705759131018,1.1149495031069048,0.8208862068383866,0.15061786704897806
2026-05-21 17:20:00,7.771978941670869,7.771841433024739,0.00010126412015646717,1.1174925135088847,0.8216469530036471,0.15025739242651656
2026-05-21 17:21:00,7.77805034971086,7.7779099136995145,0.00010101595528372679,1.120029364938014,0.8224058567010298,0.14988916124441365
2026-05-21 17:22:00,7.784106711035348,7.783963347658786,0.00010076256297308165,1.1225599262784416,0.8231628787069909,0.14951317350265833
2026-05-21 17:23:00,7.790147711998063,7.790001421256284,0.00010050394322456876,1.1250840664143198,0.823917979797987,0.14912942920130554
2026-05-21 17:24:00,7.7961730389527295,7.796023820845734,0.0001002400960381659,1.1276016542297989,0.8246711207504742,0.1487379283403223
2026-05-21 17:25:00,7.802182378253078,7.802030232780864,9.997102141387307e-05,1.1301125586090301,0.8254222623409092,0.14833867091970862
2026-05-21 17:26:00,7.808175416252829,7.808020343415399,9.969671935168289e-05,1.1326166484361642,0.8261713653457481,0.14793165693945354
2026-05-21 17:27:00,7.814151839305714,7.813993839103066,9.941718985161755e-05,1.1351137925953514,0.8269183905414474,0.14751688639958999
2026-05-21 17:28:00,7.820111333765457,7.819950406197593,9.913243291366965e-05,1.1376038599707436,0.8276632987044636,0.14709435930010697
2026-05-21 17:29:00,7.826053585985785,7.8258897310527065,9.884244853782438e-05,1.1400867194464912,0.8284060506112527,0.14666407564098255
2026-05-21 17:30:00,7.831978282320429,7.831811500022132,9.854723672409656e-05,1.1425622399067452,0.8291466070382716,0.14622603542223866
2026-05-21 17:31:00,7.8378851091231105,7.837715399459598,9.824679747247878e-05,1.1450302902356564,0.8298849287619764,0.14578023864386436
2026-05-21 17:32:00,7.843773752747561,7.84360111571883,9.794113078297843e-05,1.1474907393173757,0.8306209765588235,0.1453266853058706
2026-05-21 17:33:00,7.849643899547503,7.8494683351535555,9.763023665559552e-05,1.1499434560360544,0.8313547112052695,0.14486537540825736
2026-05-21 17:34:00,7.855495235876665,7.855316744117501,9.731411509031526e-05,1.152388309275843,0.8320860934777704,0.14439630895100275
2026-05-21 17:35:00,7.861327448088773,7.861146028964393,9.699276608713762e-05,1.154825167920892,0.8328150841527828,0.14391948593410667
2026-05-21 17:36:00,7.867140222537555,7.866955876047958,9.666618964609223e-05,1.1572539008553526,0.8335416440067631,0.14343490635761313
2026-05-21 17:37:00,7.872933245576739,7.872745971721924,9.633438576716428e-05,1.1596743769633764,0.8342657338161676,0.14294257022150014
2026-05-21 17:38:00,7.87870620356005,7.878516002340017,9.599735445033156e-05,1.1620864651291134,0.8349873143574528,0.14244247752573472
2026-05-21 17:39:00,7.884458782841211,7.884265654255964,9.565509569560889e-05,1.1644900342367148,0.835706346407075,0.1419346282703389
2026-05-21 17:40:00,7.890190669773955,7.88999461382349,9.530760950301105e-05,1.1668849531703311,0.8364227907414906,0.14141902245533458
2026-05-21 17:41:00,7.895901550712007,7.8957025673963255,9.495489587253806e-05,1.169271090814114,0.837136608137156,0.14089566008072182
2026-05-21 17:42:00,7.901591112009092,7.901389201328195,9.459695480416031e-05,1.1716483160522142,0.8378477593705277,0.14036454114645666
2026-05-21 17:43:00,7.907259040018938,7.907054201972825,9.423378629789259e-05,1.174016497768782,0.8385562052180617,0.13982566565256105
2026-05-21 17:44:00,7.912905021095274,7.912697255683942,9.386539035374971e-05,1.1763755048479685,0.8392619064562149,0.13927903359905697
2026-05-21 17:45:00,7.918528741591821,7.918318048815275,9.349176697170947e-05,1.178725206173925,0.8399648238614434,0.13872464498591147
2026-05-21 17:46:00,7.924129887862312,7.923916267720547,9.311291615178666e-05,1.181065470630802,0.8406649182102036,0.13816249981314652
2026-05-21 17:47:00,7.92970814626047,7.929491598753489,9.27288378939887e-05,1.1833961671027506,0.8413621502789519,0.1375925980807731
2026-05-21 17:48:00,7.935263203140024,7.935043728267826,9.233953219828598e-05,1.1857171644739217,0.8420564808441449,0.13701493978874726
2026-05-21 17:49:00,7.940794744854699,7.940572342617283,9.194499906470069e-05,1.1880283316284659,0.8427478706822386,0.136429524937102
2026-05-21 17:50:00,7.946302457758222,7.94607712815559,9.154523849322546e-05,1.1903295374505345,0.8434362805696894,0.1358363535258263
2026-05-21 17:51:00,7.95178602820432,7.9515577712364705,9.114025048386764e-05,1.1926206508242776,0.844121671282954,0.13523542555493112
2026-05-21 17:52:00,7.95724514254672,7.957013958213654,9.073003503662728e-05,1.1949015406338472,0.8448040035984886,0.13462674102441652
2026-05-21 17:53:00,7.962679487139147,7.962445375440866,9.031463443134324e-05,1.1971720757633935,0.8454832382927496,0.1340103626698134
2026-05-21 17:54:00,7.968088748335333,7.967851714345415,8.98943023471747e-05,1.1994321272180144,0.8461593367766786,0.13338666690449413
2026-05-21 17:55:00,7.973472612488999,7.973232691722527,8.946950386252705e-05,1.2016815766075428,0.8468322636336426,0.13275634381956272
2026-05-21 17:56:00,7.978830765953874,7.9785880548089185,8.904074633564463e-05,1.2039203182674925,0.8475019872539195,0.13212014624165405
2026-05-21 17:57:00,7.984162895083684,7.983917581282804,8.860853712481613e-05,1.2061482592590587,0.8481684798346972,0.131478826997469
2026-05-21 17:58:00,7.989468686232157,7.9892210792638965,8.817338358830806e-05,1.2083653193691195,0.8488317173800756,0.13083313891367532
2026-05-21 17:59:00,7.994747825753023,7.994498387313401,8.773579308438695e-05,1.210571431110233,0.8494916797010639,0.130183834816941
2026-05-21 18:00:00,8.0,7.999749374434023,8.729627297134889e-05,1.2127665397206402,0.8501483504155829,0.12953166753397777
2026-05-21 18:01:00,8.005224971430561,8.004973940069963,8.685533060740862e-05,1.214950603164264,0.8508017169484642,0.12887738989137665
2026-05-21 18:02:00,8.010422806917136,8.010172014106912,8.641347335086221e-05,1.2171235921307062,0.8514517705314487,0.1282217547158494
2026-05-21 18:03:00,8.015593649435889,8.015343556872066,8.597120855999841e-05,1.219285490035254,0.85209850620319,0.12756551483409687
2026-05-21 18:04:00,8.020737641962986,8.020488559134112,8.55290435930467e-05,1.2214362930188736,0.8527419228092508,0.12690942307273198
2026-05-21 18:05:00,8.025854927474606,8.025607042103232,8.50874858082958e-05,1.2235760099482131,0.8533820230021052,0.1262542322584556
2026-05-21 18:06:00,8.030945648946904,8.030699057431107,8.464704256400483e-05,1.2257046624156032,0.8540188132411377,0.12560069521792455
2026-05-21 18:07:00,8.036009949356057,8.035764687210913,8.42082212184625e-05,1.2278222847390547,0.8546523037926437,0.12494956477783971
2026-05-21 18:08:00,8.04104797167823,8.040804043977323,8.377148685007422e-05,1.2299289239622626,0.8552825087298294,0.124301531029305
2026-05-21 18:09:00,8.04605985888959,8.045817265632921,8.333709313794735e-05,1.232024637733654,0.8559094452983265,0.12365697038561595
2026-05-21 18:10:00,8.051045753966308,8.050804495153876,8.290508236195038e-05,1.2341094858226032,0.8565331313782512,0.12301594558234741
2026-05-21 18:11:00,8.056005799884552,8.055765875516355,8.247545452211291e-05,1.2361835279984852,0.8571535848497205,0.12237845661954332
2026-05-21 18:12:00,8.06094013962049,8.06070154969653,8.204820961840534e-05,1.2382468240306763,0.8577708235928512,0.12174450349715975
2026-05-21 18:13:00,8.065848916150285,8.065611660670564,8.162334765082768e-05,1.2402994336885498,0.8583848654877596,0.1211140862151967
2026-05-21 18:14:00,8.070732272450115,8.07049635141463,8.120086861940952e-05,1.242341416741482,0.8589957284145631,0.12048720477369812
2026-05-21 18:15:00,8.07559035149614,8.075355764904893,8.078077252410646e-05,1.2443728329588473,0.8596034302533778,0.11986385917259808
2026-05-21 18:16:00,8.080423296264534,8.080190044117522,8.03630593649333e-05,1.24639374211002,0.8602079888843208,0.11924404941191856
2026-05-21 18:17:00,8.085231249731459,8.084999332028685,7.994772914191965e-05,1.2484042039643752,0.8608094221875083,0.1186277754917035
2026-05-21 18:18:00,8.090014354873091,8.089783771614552,7.953478185503589e-05,1.250404278291289,0.8614077480430578,0.11801503741190895
2026-05-21 18:19:00,8.094772754665591,8.09454350585129,7.912421750428204e-05,1.252394024860135,0.8620029843310851,0.11740583517253493
2026-05-21 18:20:00,8.09950659208513,8.099278677715066,7.871603608965809e-05,1.254373503440289,0.8625951489317076,0.11680016877358143
2026-05-21 18:21:00,8.104216010107878,8.103989430182049,7.831023761117883e-05,1.2563427738011246,0.8631842597250415,0.11619803821507042
2026-05-21 18:22:00,8.108901151709999,8.108675906228408,7.79068220688591e-05,1.2583018957120182,0.863770334591204,0.11559944349702386
2026-05-21 18:23:00,8.113562159867667,8.113338248830312,7.750578946265444e-05,1.2602509289423445,0.8643533914103115,0.11500438461937584
2026-05-21 18:24:00,8.118199177557043,8.117976600963926,7.71071397925945e-05,1.2621899332614777,0.8649334480624808,0.11441286158217033
2026-05-21 18:25:00,8.122812347754303,8.122591105605423,7.671087305867925e-05,1.264118968438794,0.8655105224278288,0.11382487438540728
2026-05-21 18:26:00,8.12740181343561,8.127181905730968,7.631698926087911e-05,1.266038094243667,0.8660846323864719,0.1132404230290428
2026-05-21 18:27:00,8.131967717577133,8.131749144316728,7.592548839922368e-05,1.267947370445472,0.8666557958185268,0.11265950751312083
2026-05-21 18:28:00,8.136510203155042,8.136292964338875,7.553637047369814e-05,1.2698468568135843,0.8672240306041104,0.11208212783761935
2026-05-21 18:29:00,8.141029413145507,8.140813508773572,7.51496354843173e-05,1.2717366131173777,0.8677893546233391,0.11150828400256037
2026-05-21 18:30:00,8.14552549052469,8.145310920596993,7.476528343109597e-05,1.2736166991262288,0.8683517857563299,0.11093797600796583
2026-05-21 18:31:00,8.149998578268765,8.149785342785304,7.438331431398973e-05,1.275487174609512,0.8689113418831996,0.11037120385376985
2026-05-21 18:32:00,8.154448819353894,8.154236918314671,7.40037281329986e-05,1.2773480993366013,0.8694680408840647,0.10980796753997242
2026-05-21 18:33:00,8.158876356756254,8.158665790161264,7.362652488818178e-05,1.2791995330768717,0.8700219006390417,0.10924826706666142
2026-05-21 18:34:00,8.163281333452003,8.163072101301253,7.325170457950965e-05,1.2810415355997002,0.8705729390282481,0.1086921024337929
2026-05-21 18:35:00,8.167663892417318,8.167455994710805,7.287926720693783e-05,1.2828741666744599,0.8711211739317997,0.10813947364130098
2026-05-21 18:36:00,8.172024176628364,8.171817613366086,7.25092127705255e-05,1.2846974860705254,0.8716666232298137,0.1075903806892735
2026-05-21 18:37:00,8.176362329061304,8.176157100243268,7.214154127022828e-05,1.2865115535572733,0.8722093048024067,0.10704482357764458
2026-05-21 18:38:00,8.180678492692318,8.180474598318513,7.177625270607576e-05,1.2883164289040758,0.872749236529695,0.10650280230645816
2026-05-21 18:39:00,8.184972810497563,8.184770250567997,7.141334707809755e-05,1.2901121718803108,0.873286436291796,0.10596431687575812
2026-05-21 18:40:00,8.189245425453212,8.189044199967885,7.105282438621963e-05,1.2918988422553523,0.8738209219688263,0.1054293672854347
2026-05-21 18:41:00,8.193496480535435,8.193296589494343,7.06946846304716e-05,1.2936764997985741,0.8743527114409022,0.10489795353553179
2026-05-21 18:42:00,8.197726118720398,8.197527562123542,7.03389278108979e-05,1.295445204279352,0.8748818225881406,0.10437007562611529
2026-05-21 18:43:00,8.201934482984267,8.201737260831651,6.998555392743929e-05,1.297205015467062,0.8754082732906586,0.10384573355709738
2026-05-21 18:44:00,8.206121716303214,8.205925828594834,6.963456298009577e-05,1.2989559931310768,0.8759320814285722,0.10332492732847799
2026-05-21 18:45:00,8.210287961653407,8.210093408389262,6.928595496891177e-05,1.3006981970407725,0.8764532648819985,0.10280765694032307
2026-05-21 18:46:00,8.214433362011013,8.214240143191104,6.893972989385766e-05,1.3024316869655237,0.876971841531054,0.10229392239258865
2026-05-21 18:47:00,8.2185580603522,8.218366175976525,6.859588775496306e-05,1.3041565226747054,0.8774878292558553,0.10178372368531871
2026-05-21 18:48:00,8.222662199653133,8.2224716497217,6.825442855219835e-05,1.305872763937694,0.8780012459365201,0.10127706081846927
2026-05-21 18:49:00,8.226745922889988,8.22655670740279,6.791535228554876e-05,1.3075804705238623,0.878512109453164,0.10077393379201839
2026-05-21 18:50:00,8.230809373038927,8.230621491995965,6.757865895505866e-05,1.309279702202586,0.8790204376859041,0.10027434260603196
2026-05-21 18:51:00,8.234852693076121,8.234666146477396,6.724434856069846e-05,1.3109705187432408,0.8795262485148573,0.09977828726046606
2026-05-21 18:52:00,8.238876025977737,8.238690813823249,6.691242110246816e-05,1.3126529799152002,0.8800295598201401,0.09928576775532068
2026-05-21 18:53:00,8.242879514719942,8.242695637009692,6.658287658036776e-05,1.3143271454878402,0.8805303894818689,0.09879678409059581
2026-05-21 18:54:00,8.246863302278907,8.246680759012893,6.625571499441207e-05,1.3159930752305347,0.8810287553801607,0.09831133626631344
2026-05-21 18:55:00,8.2508275316308,8.250646322809022,6.593093634461588e-05,1.3176508289126596,0.8815246753951325,0.09782942428249551
2026-05-21 18:56:00,8.254772345751787,8.254592471374247,6.56085406309348e-05,1.31930046630359,0.8820181674069006,0.09735104813907614
2026-05-21 18:57:00,8.25869788761804,8.258519347684734,6.52885278533836e-05,1.3209420471726998,0.8825092492955818,0.0968762078360773
2026-05-21 18:58:00,8.262604300205721,8.262427094716653,6.497089801199193e-05,1.3225756312893646,0.8829979389412929,0.0964049033735429
2026-05-21 18:59:00,8.266491726491003,8.266315855446173,6.465565110673015e-05,1.3242012784229595,0.8834842542241507,0.09593713475142904
2026-05-21 19:00:00,8.270360309450053,8.27018577284946,6.434278713759825e-05,1.325819048342859,0.8839682130242714,0.09547290196973567
2026-05-21 19:01:00,8.274210192059043,8.274036989902685,6.403230610461109e-05,1.3274290008184382,0.8844498332217724,0.09501220502848481
2026-05-21 19:02:00,8.278041517294133,8.277869649582014,6.37242080077538e-05,1.3290311956190721,0.8849291326967701,0.09455504392765446
2026-05-21 19:03:00,8.2818544281315,8.281683894863615,6.341849284702642e-05,1.3306256925141353,0.885406129329381,0.09410141866724463
2026-05-21 19:04:00,8.285649067547304,8.285479868723657,6.311516062244375e-05,1.3322125512730028,0.8858808409997219,0.0936513292472773
2026-05-21 19:05:00,8.28942557851772,8.289257714138309,6.281421133402058e-05,1.3337918316650497,0.8863532855879097,0.09320477566777441
2026-05-21 19:06:00,8.293184104018911,8.29301757408374,6.251564498171251e-05,1.3353635934596517,0.8868234809740614,0.09276175792867007
2026-05-21 19:07:00,8.296924787027049,8.296759591536114,6.221946156553434e-05,1.3369278964261821,0.8872914450382929,0.09232227602998626
2026-05-21 19:08:00,8.300647770518303,8.300483909471604,6.192566108550086e-05,1.3384848003340173,0.8877571956607214,0.09188632997174492
2026-05-21 19:09:00,8.304353197468837,8.304190670866374,6.16342435416121e-05,1.3400343649525308,0.8882207507214634,0.0914539197539461
2026-05-21 19:10:00,8.308041210854823,8.307880018696597,6.134520893385324e-05,1.3415766500510993,0.8886821281006361,0.09102504537656778
2026-05-21 19:11:00,8.311711953652425,8.311552095938437,6.105855726222428e-05,1.3431117153990957,0.8891413456783557,0.09059970683960998
2026-05-21 19:12:00,8.315365568837818,8.315207045568064,6.077428852675481e-05,1.3446396207658966,0.8895984213347389,0.09017790414311663
2026-05-21 19:13:00,8.319002199387162,8.318845010561647,6.0492402727400456e-05,1.3461604259208764,0.8900533729499028,0.08975963728702184
2026-05-21 19:14:00,8.32262198827663,8.322466133895352,6.02128998641908e-05,1.3476741906334093,0.8905062184039635,0.08934490627136954
2026-05-21 19:15:00,8.326225078482393,8.32607055854535,5.993577993711104e-05,1.3491809746728716,0.8909569755770386,0.08893371109613775
2026-05-21 19:16:00,8.329811612980611,8.329658427487805,5.966104294619079e-05,1.3506808378086363,0.8914056623492437,0.08852605176137043
2026-05-21 19:17:00,8.333381734747459,8.333229883698893,5.938868889140044e-05,1.3521738398100815,0.8918522966006968,0.08812192826702363
2026-05-21 19:18:00,8.336935586759102,8.336785070154773,5.911871777271038e-05,1.3536600404465786,0.8922968962115133,0.0877213406130534
2026-05-21 19:19:00,8.340473311991717,8.340324129831618,5.885112959019464e-05,1.3551394994875041,0.8927394790618106,0.0873242887995696
2026-05-21 19:20:00,8.343995053421457,8.343847205705597,5.8585924343808786e-05,1.3566122767022333,0.8931800630317055,0.08693077282650631
2026-05-21 19:21:00,8.347500954024497,8.347354440752875,5.832310203356765e-05,1.3580784318601404,0.8936186660013143,0.08654079269388552
2026-05-21 19:22:00,8.35099115677701,8.350845977949625,5.80626626594564e-05,1.3595380247306015,0.8940553058507542,0.08615434840168525
2026-05-21 19:23:00,8.354465804655158,8.35432196027201,5.780460622147506e-05,1.3609911150829899,0.8944900004601415,0.0857714399499055
2026-05-21 19:24:00,8.357925040635111,8.357782530696202,5.754893271965322e-05,1.3624377626866817,0.8949227677095932,0.08539206733859019
2026-05-21 19:25:00,8.36136900769304,8.361227832198368,5.7295642153946485e-05,1.3638780273110518,0.8953536254792259,0.08501623056767345
2026-05-21 19:26:00,8.364797848805111,8.364658007754675,5.704473452436964e-05,1.3653119687254742,0.8957825916491561,0.08464392963717722
2026-05-21 19:27:00,8.368211706947493,8.368073200341293,5.679620983093751e-05,1.3667396466993245,0.8962096840995006,0.08427516454712349
2026-05-21 19:28:00,8.371610725096351,8.371473552934388,5.655006807366488e-05,1.368161121001977,0.8966349207103763,0.08390993529753421
2026-05-21 19:29:00,8.374995046227859,8.374859208510133,5.630630925250735e-05,1.3695764514028084,0.8970583193619,0.08354824188834348
2026-05-21 19:30:00,8.37836481331818,8.378230310044689,5.606493336746491e-05,1.3709856976711912,0.8974798979341878,0.0831900843195513
2026-05-21 19:31:00,8.381720169343485,8.381587000514228,5.582594041861159e-05,1.3723889195765013,0.8978996743073567,0.0828354625912675
2026-05-21 19:32:00,8.38506125727994,8.384929422894922,5.558933040588817e-05,1.3737861768881152,0.8983176663615241,0.08248437670340424
2026-05-21 19:33:00,8.388388220103716,8.388257720162935,5.535510332927984e-05,1.375177529375406,0.8987338919768059,0.08213682665593951
2026-05-21 19:34:00,8.391701200790978,8.391572035294436,5.512325918880142e-05,1.3765630368077495,0.8991483690333192,0.08179281244889532
2026-05-21 19:35:00,8.395000342317896,8.394872511265591,5.4893797984452894e-05,1.3779427589545192,0.89956111541118,0.08145233408227165
2026-05-21 19:36:00,8.39828578766064,8.39815929105257,5.4666719716263876e-05,1.3793167555850911,0.8999721489905058,0.08111539155611243
2026-05-21 19:37:00,8.401557679795376,8.401432517631543,5.444202438421956e-05,1.3806850864688403,0.900381487651413,0.08078198487039569
2026-05-21 19:38:00,8.404816161698271,8.404692333978677,5.421971198830514e-05,1.3820478113751418,0.9007891492740184,0.08045211402509947
2026-05-21 19:39:00,8.408061376345499,8.40793888307014,5.399978252852063e-05,1.3834049900733703,0.9011951517384389,0.08012577902022378
2026-05-21 19:40:00,8.411293466713222,8.411172307882099,5.3782236004866015e-05,1.3847566823329005,0.9015995129247908,0.0798029798557686
2026-05-21 19:41:00,8.414512575777609,8.414392751390723,5.3567072417356106e-05,1.386102947923107,0.9020022507131908,0.07948371653175593
2026-05-21 19:42:00,8.417718846514832,8.417600356572182,5.3354291765990895e-05,1.3874438466133656,0.9024033829837559,0.07916798904818571
2026-05-21 19:43:00,8.420912421901054,8.420795266402642,5.314389405075559e-05,1.388779438173051,0.9028029276166029,0.07885579740503604
2026-05-21 19:44:00,8.42409344491245,8.423977623858272,5.2935879271650187e-05,1.3901097823715376,0.903200902491848,0.07854714160230689
2026-05-21 19:45:00,8.427262058525178,8.42714757191524,5.273024742870429e-05,1.3914349389782006,0.9035973254896082,0.07824202164004218
2026-05-21 19:46:00,8.43041840571542,8.430305253549717,5.2526998521888286e-05,1.3927549677624158,0.9039922144900007,0.077940437518198
2026-05-21 19:47:00,8.433562629459333,8.433450811737867,5.2326132551202185e-05,1.394069928493557,0.9043855873731412,0.07764238923677433
2026-05-21 19:48:00,8.43669487273309,8.436584389455861,5.212764951666078e-05,1.3953798809409999,0.9047774620191474,0.07734787679579315
2026-05-21 19:49:00,8.439815278512857,8.439706129679866,5.193154941823449e-05,1.3966848848741187,0.9051678563081353,0.07705690019521053
2026-05-21 19:50:00,8.442923989774803,8.44281617538605,5.173783225595289e-05,1.3979850000622882,0.9055567881202219,0.0767694594350704
2026-05-21 19:51:00,8.446021149495097,8.44591466955058,5.15464980298308e-05,1.3992802862748839,0.9059442753355238,0.0764855545153947
2026-05-21 19:52:00,8.44910690064991,8.449001755149629,5.135754673982381e-05,1.4005708032812811,0.9063303358341579,0.07620518543611758
2026-05-21 19:53:00,8.452181386215408,8.45207757515936,5.117097838596152e-05,1.4018566108508534,0.9067149874962406,0.07592835219728293
2026-05-21 19:54:00,8.455244749167752,8.455142272555944,5.0986792968243934e-05,1.4031377687529776,0.907098248201889,0.07565505479889077
2026-05-21 19:55:00,8.458297132483121,8.458195990315549,5.0804990486656246e-05,1.404414336757027,0.9074801358312193,0.07538529324091914
2026-05-21 19:56:00,8.461338679137675,8.461238871414343,5.0625570941198464e-05,1.4056863746323776,0.907860668264349,0.07511906752336803
2026-05-21 19:57:00,8.464369532107591,8.464271058828492,5.0448534331870575e-05,1.406953942148403,0.9082398633813937,0.07485637764623743
2026-05-21 19:58:00,8.467389834369028,8.467292695534168,5.0273880658717e-05,1.4082170990744791,0.9086177390624709,0.07459722360959326
2026-05-21 19:59:00,8.470399728898162,8.470303924507538,5.010160992167852e-05,1.4094759051799817,0.9089943131876974,0.07434160541334763
2026-05-21 20:00:00,8.473399358671154,8.473304888724769,4.993172212075514e-05,1.4107304202342839,0.9093696036371894,0.07408952305750058
2026-05-21 20:01:00,8.476388866664179,8.476295731162029,4.9764217255991267e-05,1.4119807040067611,0.9097436282910638,0.07384097654211796
2026-05-21 20:02:00,8.479368395853404,8.479276594795488,4.959909532737209e-05,1.4132268162667891,0.9101164050294375,0.07359596586717783
2026-05-21 20:03:00,8.482338089214991,8.482247622601314,4.943635633486802e-05,1.4144688167837425,0.9104879517324269,0.07335449103263626
2026-05-21 20:04:00,8.485298089725115,8.485208957555672,4.927600027852345e-05,1.415706765326995,0.9108582862801488,0.07311655203855914
2026-05-21 20:05:00,8.488248540359937,8.488160742634737,4.9118027158308784e-05,1.416940721665924,0.9112274265527203,0.07288214888490255
2026-05-21 20:06:00,8.491189584095638,8.49110312081467,4.8962436974224013e-05,1.418170745569902,0.9115953904302574,0.07265128157166646
2026-05-21 20:07:00,8.494121363908373,8.494036235071643,4.880922972628395e-05,1.4193968968083057,0.9119621957928776,0.07242395009887287
2026-05-21 20:08:00,8.497044022774315,8.496960228381823,4.865840541447379e-05,1.4206192351505085,0.9123278605206968,0.07220015446649981
2026-05-21 20:09:00,8.499957703669637,8.49987524372138,4.850996403880832e-05,1.4218378203658866,0.9126924024938324,0.07197989467456921
2026-05-21 20:10:00,8.5028625495705,8.50278142406648,4.836390559925796e-05,1.4230527122238141,0.9130558395924008,0.07176317072303719
2026-05-21 20:11:00,8.505758703453074,8.505678912393291,4.8220230095867106e-05,1.4242639704936655,0.9134181896965183,0.07154998261196961
2026-05-21 20:12:00,8.508646308293532,8.508567851677984,4.8078937528635755e-05,1.4254716549448174,0.9137794706863024,0.0713403303413665
2026-05-21 20:13:00,8.511525507068034,8.511448384896728,4.79400278975047e-05,1.4266758253466445,0.9141397004418697,0.07113421391113996
2026-05-21 20:14:00,8.514396442752757,8.514320655025685,4.780350120250354e-05,1.4278765414685197,0.914498896843336,0.07093163332133394
2026-05-21 20:15:00,8.517259258323865,8.517184805041028,4.766935744366189e-05,1.4290738630798194,0.9148570777708188,0.07073258857199238
2026-05-21 20:16:00,8.520114096757522,8.520040977918924,4.753759662095014e-05,1.4302678499499186,0.9152142611044348,0.07053707966307134
2026-05-21 20:17:00,8.522961101029905,8.522889316635542,4.7408218734383095e-05,1.4314585618481919,0.9155704647243006,0.07034510659459278
2026-05-21 20:18:00,8.525800414117176,8.52572996416705,4.728122378396075e-05,1.4326460585440146,0.9159257065105328,0.07015666936655672
2026-05-21 20:19:00,8.528632178995506,8.528563063489617,4.7156611769653504e-05,1.4338303998067616,0.9162800043432483,0.0699717679789192
2026-05-21 20:20:00,8.531456538641063,8.531388757579409,4.703438269149096e-05,1.4350116454058068,0.9166333761025635,0.06979040243172417
2026-05-21 20:21:00,8.53427363603001,8.534207189412596,4.6914536549473124e-05,1.4361898551105268,0.9169858396685956,0.06961257272497164
2026-05-21 20:22:00,8.537083614138522,8.537018501965346,4.6797073343585185e-05,1.4373650886902951,0.9173374129214606,0.06943827885863962
2026-05-21 20:23:00,8.539886615942768,8.539822838213826,4.6681993073827147e-05,1.4385374059144875,0.917688113741276,0.06926752083272812
2026-05-21 20:24:00,8.542682784418908,8.542620341134205,4.656929574019901e-05,1.4397068665524781,0.9180379600081577,0.06910029864723714
2026-05-21 20:25:00,8.54547226254312,8.54541115370265,4.645898134274518e-05,1.440873530373642,0.9183869696022229,0.0689366123022326
2026-05-21 20:26:00,8.548255193291565,8.548195418895334,4.6351049881406443e-05,1.4420374571473558,0.9187351604035886,0.06877646179762657
2026-05-21 20:27:00,8.551031719640415,8.550973279688419,4.6245501356197614e-05,1.4431987066429919,0.919082550292371,0.0686198471334411
2026-05-21 20:28:00,8.553801984565837,8.553744879058078,4.6142335767133484e-05,1.444357338629927,0.9194291571486868,0.0684667683096981
2026-05-21 20:29:00,8.556566131043997,8.556510359980475,4.604155311419925e-05,1.4455134128775349,0.9197749988526529,0.06831722532637562
2026-05-21 20:30:00,8.559324302051067,8.559269865431782,4.5943153397424534e-05,1.4466669891551913,0.9201200932843859,0.0681712181835176
2026-05-21 20:31:00,8.562076640563212,8.562023538388166,4.5847136616779714e-05,1.4478181272322714,0.9204644583240029,0.0680287468810801
2026-05-21 20:32:00,8.564823289556605,8.564771521825795,4.575350277224999e-05,1.4489668868781498,0.9208081118516203,0.06788981141904114
2026-05-21 20:33:00,8.567564392007409,8.567513958720836,4.5662251863864967e-05,1.4501133278622003,0.9211510717473543,0.0677544117974447
2026-05-21 20:34:00,8.570300090891797,8.57025099204946,4.557338389163945e-05,1.4512575099537992,0.9214933558913223,0.06762254801631268
2026-05-21 20:35:00,8.57303052918593,8.572982764787833,4.5486898855529034e-05,1.4523994929223214,0.921834982163641,0.06749422007557922
2026-05-21 20:36:00,8.575755849865985,8.575709419912123,4.540279675553371e-05,1.4535393365371407,0.9221759684444266,0.06736942797524433
2026-05-21 20:37:00,8.578476195908125,8.578431100398497,4.5321077591712706e-05,1.4546771005676322,0.9225163326137961,0.06724817171539585
2026-05-21 20:38:00,8.581191710288518,8.581147949223128,4.524174136403639e-05,1.4558128447831726,0.9228560925518665,0.06713045129598985
2026-05-21 20:39:00,8.583902535983334,8.583860109362181,4.516478807247519e-05,1.4569466289531352,0.9231952661387541,0.06701626671698241
2026-05-21 20:40:00,8.586608815968743,8.586567723791825,4.509021771705868e-05,1.4580785128468956,0.9235338712545759,0.06690561797841746
2026-05-21 20:41:00,8.58931069322091,8.589270935488228,4.501803029777207e-05,1.4592085562338284,0.9238719257794482,0.06679850508027303
2026-05-21 20:42:00,8.592008310716,8.591969887427558,4.494822581461536e-05,1.4603368188833084,0.9242094475934882,0.06669492802254912
2026-05-21 20:43:00,8.59470181143019,8.594664722585982,4.4880804267618166e-05,1.4614633605647103,0.9245464545768121,0.06659488680528966
2026-05-21 20:44:00,8.59739133833964,8.597355583939672,4.481576565676567e-05,1.4625882410474103,0.9248829646095371,0.06649838142847268
2026-05-21 20:45:00,8.600077034420526,8.600042614464794,4.475310998201346e-05,1.4637115201007826,0.9252189955717798,0.06640541189203229
2026-05-21 20:46:00,8.60275904264901,8.602725957137514,4.4692837243405964e-05,1.4648332574942011,0.9255545653436564,0.06631597819603441
2026-05-21 20:47:00,8.605437506001262,8.605405754934003,4.463494744095797e-05,1.465953512997042,0.9258896918052841,0.06623008034050096
2026-05-21 20:48:00,8.60811256745345,8.608082150830429,4.457944057463988e-05,1.4670723463786801,0.9262243928367798,0.06614771832538804
2026-05-21 20:49:00,8.610784369981745,8.61075528780296,4.452631664445169e-05,1.4681898174084902,0.9265586863182597,0.06606889215069563
2026-05-21 20:50:00,8.613453056562312,8.613425308827763,4.44755756503934e-05,1.4693059858558468,0.9268925901298408,0.06599360181642376
2026-05-21 20:51:00,8.616118770171319,8.616092356881007,4.442721759247981e-05,1.470420911490125,0.9272261221516395,0.06592184732259436
2026-05-21 20:52:00,8.618781653784936,8.61875657493886,4.438124247071092e-05,1.4715346540807,0.9275593002637729,0.06585362866920745
2026-05-21 20:53:00,8.62144185037933,8.621418105977492,4.433765028508674e-05,1.4726472733969465,0.9278921423463573,0.06578894585626302
2026-05-21 20:54:00,8.624099502930672,8.62407709297307,4.429644103557765e-05,1.4737588292082404,0.9282246662795102,0.06572779888371716
2026-05-21 20:55:00,8.626754754415128,8.626733678901761,4.425761472221327e-05,1.4748693812839546,0.9285568899433473,0.06567018775161378
2026-05-21 20:56:00,8.629407747808864,8.629388006739736,4.4221171345008395e-05,1.4759789893934663,0.928888831217986,0.06561611245997485
2026-05-21 20:57:00,8.632058626088053,8.632040219463162,4.418711090390381e-05,1.4770877133061493,0.9292205079835429,0.0655655730087125
2026-05-21 20:58:00,8.634707532228859,8.634690460048205,4.415543339892913e-05,1.4781956127913776,0.9295519381201343,0.0655185693978707
2026-05-21 20:59:00,8.637354609207453,8.637338871471034,4.412613883012876e-05,1.4793027476185268,0.929883139507877,0.06547510162751528
2026-05-21 21:00:00,8.64,8.63998559670782,4.409922719745829e-05,1.4804091775569732,0.9302141300268885,0.06543516969758041
2026-05-21 21:01:00,8.642643847582674,8.642630778734729,4.407469850091772e-05,1.48151496237609,0.9305449275572844,0.06539877360806606
2026-05-21 21:02:00,8.645286294931637,8.64527456052793,4.405255274052185e-05,1.4826201618452535,0.9308755499791822,0.06536591335899418
2026-05-21 21:03:00,8.647927485023061,8.647917085063591,4.403278991624108e-05,1.4837248357338373,0.9312060151726982,0.06533658895032086
2026-05-21 21:04:00,8.650567560833114,8.65055849531788,4.4015410028105013e-05,1.4848290438112168,0.9315363410179492,0.06531080038209004
2026-05-21 21:05:00,8.653206665337962,8.653198934266964,4.400041307612845e-05,1.4859328458467669,0.9318665453950519,0.06528854765432365
2026-05-21 21:06:00,8.655844941513775,8.655838544887015,4.398779906028179e-05,1.4870363016098636,0.9321966461841232,0.0652698307669778
2026-05-21 21:07:00,8.65848253233672,8.658477470154198,4.397756798055023e-05,1.4881394708698805,0.9325266612652797,0.0652546497200305
2026-05-21 21:08:00,8.661119580782968,8.66111585304468,4.396971983696337e-05,1.4892424133961926,0.9328566085186379,0.06524300451352569
2026-05-21 21:09:00,8.663756229828683,8.663753836534633,4.396425462952121e-05,1.4903451889581751,0.9331865058243146,0.06523489514746335
2026-05-21 21:10:00,8.666392622450038,8.666391563600223,4.396117235822376e-05,1.491447857325203,0.9335163710624267,0.06523032162184352
2026-05-21 21:11:00,8.669028901623198,8.66902917721762,4.39604730230562e-05,1.4925504782666519,0.9338462221130909,0.06522928393664419
2026-05-21 21:12:00,8.671665210324331,8.67166682036299,4.3962156624018554e-05,1.4936531115518954,0.9341760768564237,0.06523178209186539
2026-05-21 21:13:00,8.674301691529605,8.674304636012502,4.3966223161125605e-05,1.4947558169503092,0.9345059531725418,0.06523781608752907
2026-05-21 21:14:00,8.67693848821519,8.676942767142325,4.3972672634362554e-05,1.4958586542312682,0.9348358689415621,0.06524738592361329
2026-05-21 21:15:00,8.679575743357256,8.679581356728626,4.398150504374421e-05,1.496961683164147,0.9351658420436012,0.06526049160013998
2026-05-21 21:16:00,8.682213599931968,8.682220547747574,4.3992720389255764e-05,1.4980649635183212,0.9354958903587759,0.06527713311708719
2026-05-21 21:17:00,8.684852200915492,8.684860483175337,4.400631867091202e-05,1.4991685550631646,0.9358260317672025,0.06529731047447689
2026-05-21 21:18:00,8.687491689284004,8.687501305988084,4.4022299888712976e-05,1.5002725175680536,0.9361562841489984,0.06532102367230908
2026-05-21 21:19:00,8.690132208013663,8.690143159161982,4.4040664042614236e-05,1.5013769108023622,0.9364866653842799,0.06534827271051785
2026-05-21 21:20:00,8.692773900080645,8.692786185673198,4.4061411132674994e-05,1.5024817945354643,0.9368171933531636,0.06537905758919108
2026-05-21 21:21:00,8.695416908461114,8.695430528497903,4.408454115889526e-05,1.5035872285367369,0.9371478859357663,0.06541337830832876
2026-05-21 21:22:00,8.698061376131237,8.698076330612265,4.411005412124543e-05,1.504693272575554,0.9374787610122048,0.06545123486788697
2026-05-21 21:23:00,8.700707446067188,8.700723734992453,4.4137950019710694e-05,1.5057999864212912,0.9378098364625962,0.06549262726784372
2026-05-21 21:24:00,8.70335526124513,8.70337288461463,4.416822885432066e-05,1.5069074298433216,0.9381411301670565,0.06553755550824296
2026-05-21 21:25:00,8.706004964641233,8.706023922454971,4.420089062509014e-05,1.5080156626110224,0.9384726600057027,0.06558601958910666
2026-05-21 21:26:00,8.708656699231664,8.708676991489641,4.423593533194511e-05,1.5091247444937674,0.9388044438586516,0.06563801951032498
2026-05-21 21:27:00,8.711310607992594,8.711332234694805,4.427336297495958e-05,1.51023473526093,0.9391364996060194,0.06569355527200775
2026-05-21 21:28:00,8.713966833900189,8.713989795046636,4.4313173554133556e-05,1.5113456946818877,0.9394688451279234,0.06575262687415497
2026-05-21 21:29:00,8.716625519930616,8.7166498155213,4.435536706945224e-05,1.512457682526014,0.9398014983044801,0.06581523431674469
2026-05-21 21:30:00,8.719286809060048,8.71931243909497,4.439994352090082e-05,1.5135707585626859,0.9401344770158069,0.06588137759975492
2026-05-21 21:31:00,8.721950844264649,8.721977808743809,4.4446902908434896e-05,1.5146849825612756,0.9404677991420193,0.06595105672311977
2026-05-21 21:32:00,8.724617768520588,8.724646067443983,4.4496245232143276e-05,1.515800414291158,0.9408014825632343,0.06602427168697104
2026-05-21 21:33:00,8.727287724804034,8.727317358171666,4.454797049201116e-05,1.5169171135217103,0.9411355451595691,0.06610102249128676
2026-05-21 21:34:00,8.729960856091154,8.729991823903024,4.460207868797935e-05,1.5180351400223064,0.9414700048111402,0.06618130913597908
2026-05-21 21:35:00,8.732637305358118,8.732669607614223,4.465856982010704e-05,1.5191545535623203,0.9418048793980641,0.06626513162113584
2026-05-21 21:36:00,8.735317215581093,8.735350852281437,4.471744388836463e-05,1.5202754139111287,0.942140186800458,0.06635248994671314
2026-05-21 21:37:00,8.738000729736248,8.738035700880827,4.477870089276692e-05,1.5213977808381045,0.942475944898438,0.0664433841127329
2026-05-21 21:38:00,8.740687990799751,8.740724296388569,4.484234083331392e-05,1.522521714112625,0.9428121715721214,0.06653781411919517
2026-05-21 21:39:00,8.743379141747772,8.743416781780825,4.49083637099464e-05,1.5236472735040631,0.9431488847016244,0.06663577996601204
2026-05-21 21:40:00,8.746074325556473,8.746113300033763,4.497676952276801e-05,1.5247745187817936,0.9434861021670636,0.06673728165333732
2026-05-21 21:41:00,8.748773685202028,8.748813994123557,4.504755827171951e-05,1.5259035097151938,0.9438238418485567,0.0668423191810831
2026-05-21 21:42:00,8.751477363660605,8.751519007026369,4.51207299567713e-05,1.527034306073636,0.9441621216262193,0.06695089254920548
2026-05-21 21:43:00,8.75418550390837,8.75422848171837,4.51962845779974e-05,1.528166967626496,0.9445009593801683,0.06706300175781428
2026-05-21 21:44:00,8.756898248921493,8.756942561175729,4.527422213536821e-05,1.5293015541431494,0.9448403729905209,0.06717864680686557
2026-05-21 21:45:00,8.75961574167614,8.759661388374614,4.5354542628854115e-05,1.5304381253929709,0.9451803803373937,0.0672978276963154
2026-05-21 21:46:00,8.762338125148482,8.762385106291191,4.543724605848472e-05,1.5315767411453347,0.945520999300903,0.06742054442620772
2026-05-21 21:47:00,8.765065542314685,8.765113857901632,4.552233242424523e-05,1.532717461169617,0.9458622477611661,0.06754679699652057
2026-05-21 21:48:00,8.767798136150917,8.7678477861821,4.560980172613564e-05,1.5338603452351909,0.9462041435982991,0.06767658540725394
2026-05-21 21:49:00,8.770536049633348,8.770587034108768,4.5699653964200355e-05,1.5350054531114328,0.946546704692419,0.06780990965847372
2026-05-21 21:50:00,8.773279425738147,8.773331744657805,4.5791889138380173e-05,1.536152844567718,0.9468899489236426,0.06794676975009206
2026-05-21 21:51:00,8.776028407441476,8.776082060805374,4.5886507248675085e-05,1.5373025793734199,0.9472338941720865,0.06808716568210896
2026-05-21 21:52:00,8.778783137719513,8.778838125527646,4.59835082951147e-05,1.538454717297914,0.9475785583178673,0.06823109745456833
2026-05-21 21:53:00,8.781543759548422,8.781600081800788,4.608289227772862e-05,1.539609318110575,0.9479239592411015,0.06837856506751412
2026-05-21 21:54:00,8.784310415904368,8.784368072600973,4.618465919645764e-05,1.5407664415807798,0.9482701148219068,0.06852956852085848
2026-05-21 21:55:00,8.787083249763523,8.787142240904362,4.6288809051301764e-05,1.5419261474779005,0.9486170429403988,0.0686841078146014
2026-05-21 21:56:00,8.78986240410205,8.78992272968713,4.639534184230539e-05,1.5430884955713136,0.9489647614766948,0.06884218294880876
2026-05-21 21:57:00,8.792648021896124,8.79270968192544,4.650425756942411e-05,1.5442535456303934,0.9493132883109113,0.06900379392341466
2026-05-21 21:58:00,8.795440246121911,8.79550324059546,4.6615556232717147e-05,1.5454213574245148,0.9496626413231648,0.069168940738507
2026-05-21 21:59:00,8.798239219755576,8.798303548673365,4.6729237832140076e-05,1.5465919907230543,0.9500128383935725,0.06933762339401986
2026-05-21 22:00:00,8.801045085773293,8.801110749135317,4.6845302367678106e-05,1.547765505295385,0.950363897402251,0.06950984188993127
2026-05-21 22:01:00,8.803857987151224,8.803924984957487,4.696374983936084e-05,1.5489419609108825,0.9507158362293168,0.06968559622628516
2026-05-21 22:02:00,8.80667806686554,8.80674639911604,4.7084580247173476e-05,1.5501214173389213,0.9510686727548866,0.06986488640305959
2026-05-21 22:03:00,8.809505467892413,8.809575134587147,4.7207793591145615e-05,1.5513039343488766,0.9514224248590769,0.07004771242029845
2026-05-21 22:04:00,8.812340333208006,8.812411334346978,4.733338987123285e-05,1.552489571710124,0.9517771104220052,0.07023407427793588
2026-05-21 22:05:00,8.815182805788488,8.815255141371695,4.746136908747959e-05,1.553678389192037,0.9521327473237873,0.07042397197603775
2026-05-21 22:06:00,8.818033028610028,8.818106698637475,4.759173123984143e-05,1.5548704465639929,0.9524893534445409,0.07061740551453817
2026-05-21 22:07:00,8.820891144648796,8.820966149120476,4.772447632834797e-05,1.5560658035953627,0.9528469466643814,0.0708143748934811
2026-05-21 22:08:00,8.823757296880958,8.823833635796877,4.785960435299922e-05,1.5572645200555262,0.9532055448634268,0.0710148801128665
2026-05-21 22:09:00,8.82663162828268,8.826709301642836,4.7997115313765564e-05,1.558466655713854,0.9535651659217927,0.07121892117265045
2026-05-21 22:10:00,8.829514281830136,8.829593289634529,4.813700921070622e-05,1.5596722703397237,0.9539258277195968,0.07142649807292084
2026-05-21 22:11:00,8.83240540049949,8.832485742748121,4.827928604376197e-05,1.5608814237025097,0.9542875481369553,0.07163761081358977
2026-05-21 22:12:00,8.835305127266913,8.83538680395978,4.842394581294762e-05,1.5620941755715865,0.9546503450539849,0.07185225939467922
2026-05-21 22:13:00,8.838213605108571,8.838296616245675,4.8570988518263174e-05,1.5633105857163287,0.9550142363508023,0.0720704438161892
2026-05-21 22:14:00,8.841130977000633,8.841215322581972,4.872041415973823e-05,1.5645307139061113,0.9553792399075242,0.07229216407816363
2026-05-21 22:15:00,8.844057385919266,8.844143065944843,4.8872222737343186e-05,1.5657546199103105,0.9557453736042676,0.07251742018055857
2026-05-21 22:16:00,8.84699297484064,8.847079989310453,4.902641425109285e-05,1.5669823634982996,0.9561126553211485,0.072746212123396
2026-05-21 22:17:00,8.849937886740923,8.850026235654974,4.918298870097241e-05,1.5682140044394555,0.9564811029382848,0.07297853990665397
2026-05-21 22:18:00,8.852892264596283,8.85298194795457,4.934194608696707e-05,1.5694496025031506,0.956850734335792,0.07321440353031047
2026-05-21 22:19:00,8.855856251382889,8.85594726918541,4.9503286409136035e-05,1.5706892174587612,0.9572215673937874,0.07345380299445341
2026-05-21 22:20:00,8.858829990076906,8.858922342323666,4.966700966743491e-05,1.5719329090756629,0.9575936199923879,0.07369673829901685
2026-05-21 22:21:00,8.861813623654504,8.861907310345503,4.983311586186368e-05,1.5731807371232298,0.9579669100117099,0.07394320944400083
2026-05-21 22:22:00,8.864807295091854,8.86490231622709,5.000160499240754e-05,1.574432761370837,0.9583414553318701,0.07419321642938335
2026-05-21 22:23:00,8.86781114736512,8.867907502944592,5.0172477059081305e-05,1.5756890415878582,0.9587172738329848,0.07444675925518639
2026-05-21 22:24:00,8.870825323450473,8.87092301347418,5.0345732061958985e-05,1.5769496375436693,0.9590943833951713,0.07470383792151979
2026-05-21 22:25:00,8.87384996632408,8.873948990792027,5.0521370000936966e-05,1.5782146090076474,0.9594728018985466,0.07496445242822977
2026-05-21 22:26:00,8.87688521896211,8.876985577874292,5.069939087603004e-05,1.5794840157491636,0.9598525472232264,0.07522860277533831
2026-05-21 22:27:00,8.879931224340732,8.88003291769715,5.087979468728262e-05,1.5807579175375956,0.9602336372493284,0.07549628896291131
2026-05-21 22:28:00,8.882988125436112,8.883091153236766,5.1062581434679896e-05,1.5820363741423165,0.9606160898569687,0.07576751099092678
2026-05-21 22:29:00,8.88605606522442,8.886160427469312,5.124775111820708e-05,1.5833194453327035,0.9609999229262645,0.07604226885936279
2026-05-21 22:30:00,8.889135186681822,8.88924088337095,5.1435303737849364e-05,1.584607190878129,0.9613851543373317,0.07632056256819734
2026-05-21 22:31:00,8.892225632784491,8.892332663917854,5.1625239293651146e-05,1.585899670547969,0.9617718019702878,0.07660239211749634
2026-05-21 22:32:00,8.895327546508588,8.895435912086189,5.181755778559764e-05,1.587196944111599,0.9621598837052492,0.07688775750723784
2026-05-21 22:33:00,8.898441070830286,8.898550770852125,5.201225921367403e-05,1.5884990713383937,0.9625494174223326,0.07717665873739984
2026-05-21 22:34:00,8.901566348725755,8.90167738319183,5.2209343577865514e-05,1.5898061119977274,0.9629404210016548,0.07746909580796042
2026-05-21 22:35:00,8.904703523171158,8.90481589208147,5.240881087821651e-05,1.5911181258589748,0.9633329123233322,0.07776506871898545
2026-05-21 22:36:00,8.907852737142665,8.907966440497216,5.26106611147122e-05,1.5924351726915122,0.963726909267482,0.07806457747045294
2026-05-21 22:37:00,8.911014133616447,8.911129171415235,5.2814894287323e-05,1.5937573122647137,0.9641224297142207,0.07836762206231901
2026-05-21 22:38:00,8.914187855568674,8.914304227811694,5.3021510396063697e-05,1.5950846043479538,0.9645194915436647,0.07867420249460559
2026-05-21 22:39:00,8.917374045975507,8.917491752662762,5.32305094409787e-05,1.5964171087106074,0.9649181126359309,0.07898431876737859
2026-05-21 22:40:00,8.920572847813116,8.920691888944612,5.3441891422023605e-05,1.5977548851220515,0.9653183108711365,0.07929797088057212
2026-05-21 22:41:00,8.92378440405767,8.923904779633405,5.36556563391688e-05,1.5990979933516585,0.9657201041293976,0.07961515883414223
2026-05-21 22:42:00,8.927008857685342,8.927130567705312,5.3871804192473505e-05,1.600446493168804,0.9661235102908311,0.07993588262817679
2026-05-21 22:43:00,8.930246351672295,8.930369396136502,5.409033498192291e-05,1.6018004443428635,0.9665285472355536,0.08026014226265384
2026-05-21 22:44:00,8.933497028994697,8.933621407903143,5.431124870750222e-05,1.6031599066432116,0.966935232843682,0.08058793773755142
2026-05-21 22:45:00,8.93676103262872,8.936886745981402,5.453454536921143e-05,1.6045249398392232,0.9673435849953327,0.08091926905286952
2026-05-21 22:46:00,8.940038505550532,8.940165553347448,5.4760224967080145e-05,1.605895603700273,0.9677536215706228,0.08125413620865206
2026-05-21 22:47:00,8.9433295907363,8.943457972977452,5.4988287501063954e-05,1.607271957995737,0.9681653604496689,0.08159253920483314
2026-05-21 22:48:00,8.946634431162186,8.946764147847576,5.521873297119247e-05,1.6086540624949883,0.9685788195125875,0.08193447804145673
2026-05-21 22:49:00,8.949953169804367,8.950084220933995,5.545156137745089e-05,1.6100419769674041,0.9689940166394957,0.08227995271850085
2026-05-21 22:50:00,8.953285949639008,8.95341833521287,5.56867727198392e-05,1.6114357611823564,0.9694109697105096,0.08262896323596547
2026-05-21 22:51:00,8.956632913642277,8.956766633660376,5.592436699841663e-05,1.6128354749092229,0.9698296966057462,0.08298150959393848
2026-05-21 22:52:00,8.959994204790341,8.96012925925268,5.616434421307955e-05,1.6142411779173782,0.970250215205323,0.08333759179226612
2026-05-21 22:53:00,8.96336996605937,8.963506354965945,5.640670436387237e-05,1.6156529299761948,0.970672543389355,0.08369720983101428
2026-05-21 22:54:00,8.966760340425534,8.966898063776345,5.66514474508395e-05,1.61707079085505,0.9710966990379605,0.08406036371024884
2026-05-21 22:55:00,8.970165470865,8.970304528660046,5.689857347393653e-05,1.6184948203233183,0.9715227000312555,0.08442705342990395
2026-05-21 22:56:00,8.973585500353934,8.973725892593217,5.7148082433163454e-05,1.6199250781503745,0.9719505642493569,0.08479727898997955
2026-05-21 22:57:00,8.977020571868504,8.977162298552026,5.739997432850548e-05,1.6213616241055933,0.9723803095723812,0.08517104039045373
2026-05-21 22:58:00,8.980470828384881,8.980613889512638,5.765424916002182e-05,1.6228045179583488,0.972811953880445,0.08554833763141431
2026-05-21 22:59:00,8.983936412879231,8.984080808451228,5.7910906927668056e-05,1.6242538194780187,0.9732455150536657,0.08592917071279542
2026-05-21 23:00:00,8.987417468327724,8.987563198343958,5.816994763141459e-05,1.6257095884339747,0.9736810109721593,0.08631353963455313
2026-05-21 23:01:00,8.990914137706529,8.991061202166998,5.843137127132062e-05,1.6271718845955931,0.9741184595160425,0.08670144439677528
2026-05-21 23:02:00,8.994426563991812,8.994574962896516,5.8695177847386164e-05,1.6286407677322485,0.9745578785654323,0.08709288499946187
2026-05-21 23:03:00,8.997954890159743,8.998104623508684,5.896136735958161e-05,1.6301162976133174,0.9749992860004457,0.08748786144256901
2026-05-21 23:04:00,9.001499259186488,9.001650326979666,5.9229939807877345e-05,1.631598534008173,0.975442699701199,0.08788637372605271
2026-05-21 23:05:00,9.005059814048217,9.00521221628563,5.95008951923474e-05,1.6330875366861899,0.9758881375478086,0.08828842185002285
2026-05-21 23:06:00,9.008636697721094,9.008790434402748,5.977423351294734e-05,1.634583365416745,0.976335617420392,0.0886940058144135
2026-05-21 23:07:00,9.012230053181295,9.012385124307183,6.004995476967719e-05,1.6360860799692112,0.9767851571990653,0.08910312561922468
2026-05-21 23:08:00,9.015840023404982,9.015996428975109,6.032805896255174e-05,1.637595740112965,0.9772367747639454,0.08951578126447833
2026-05-21 23:09:00,9.019466751368325,9.01962449138269,6.060854609154139e-05,1.63911240561738,0.977690487995149,0.08993197275013055
2026-05-21 23:10:00,9.023110380047493,9.023269454506094,6.089141615667574e-05,1.6406361362518318,0.9781463147727928,0.09035170007622526
2026-05-21 23:11:00,9.026771052418656,9.02693146132149,6.11766691579844e-05,1.6421669917856947,0.9786042729769933,0.09077496324280637
2026-05-21 23:12:00,9.030448911457977,9.030610654805052,6.146430509540816e-05,1.643705031988346,0.9790643804878679,0.09120176224978604
2026-05-21 23:13:00,9.034144100141631,9.03430717793294,6.175432396894701e-05,1.6452503166291572,0.9795266551855325,0.09163209709716427
2026-05-21 23:14:00,9.03785676144578,9.038021173681326,6.204672577864538e-05,1.6468029054775057,0.9799911149501042,0.09206596778500695
2026-05-21 23:15:00,9.041587038346595,9.041752785026377,6.234151052447364e-05,1.6483628583027652,0.9804577776616997,0.09250337431327016
2026-05-21 23:16:00,9.045335073820244,9.045502154944263,6.26386782064318e-05,1.6499302348743112,0.9809266612004357,0.09294431668195388
2026-05-21 23:17:00,9.049101010842893,9.049269426411149,6.293822882454946e-05,1.651505094961518,0.9813977834464286,0.09338879489110205
2026-05-21 23:18:00,9.052884992390714,9.053054742403209,6.324016237879704e-05,1.6530874983337622,0.9818711622797958,0.09383680894067074
2026-05-21 23:19:00,9.056687161439875,9.056858245896604,6.35444788691597e-05,1.6546775047604163,0.9823468155806533,0.09428835883063799
2026-05-21 23:20:00,9.06050766096654,9.060680079867508,6.385117829568187e-05,1.656275174010857,0.9828247612291183,0.0947434445610697
2026-05-21 23:21:00,9.064346633946883,9.064520387292086,6.416026065833394e-05,1.6578805658544584,0.983305017105307,0.09520206613192192
2026-05-21 23:22:00,9.068204223357068,9.068379311146508,6.447172595711593e-05,1.6594937400605958,0.9837876010893366,0.09566422354319469
2026-05-21 23:23:00,9.072080572173263,9.07225699440694,6.47855741920426e-05,1.661114756398644,0.9842725310613235,0.09612991679490991
2026-05-21 23:24:00,9.07597582337164,9.076153580049553,6.510180536309918e-05,1.6627436746379778,0.9847598249013846,0.09659914588704567
2026-05-21 23:25:00,9.079890119928365,9.080069211050512,6.542041947031526e-05,1.6643805545479717,0.9852495004896363,0.09707191081964588
2026-05-21 23:26:00,9.083823604819603,9.08400403038599,6.574141651366124e-05,1.6660254558980028,0.985741575706196,0.09754821159266659
2026-05-21 23:27:00,9.087776421021527,9.087958181032151,6.606479649312232e-05,1.6676784384574432,0.9862360684311797,0.09802804820608588
2026-05-21 23:28:00,9.091748711510302,9.091931805965165,6.639055940874291e-05,1.6693395619956697,0.9867329965447044,0.09851142065996961
2026-05-21 23:29:00,9.095740619262102,9.0959250481612,6.671870526047859e-05,1.6710088862820565,0.9872323779268867,0.0989983289542519
2026-05-21 23:30:00,9.09975228725309,9.099938050596423,6.704923404835898e-05,1.6726864710859777,0.9877342304578434,0.09948877308897668
2026-05-21 23:31:00,9.103783858459433,9.103970956247004,6.738214577239887e-05,1.67437237617681,0.9882385720176909,0.09998275306416589
2026-05-21 23:32:00,9.107835475857303,9.10802390808911,6.771744043255386e-05,1.6760666613239275,0.9887454204865467,0.10048026887975367
2026-05-21 23:33:00,9.111907282422866,9.11209704909891,6.805511802885356e-05,1.6777693862967045,0.9892547937445265,0.10098132053578396
2026-05-21 23:34:00,9.11599942113229,9.116190522252573,6.839517856128315e-05,1.6794806108645173,0.9897667096717478,0.10148590803223473
2026-05-21 23:35:00,9.120112034961746,9.120304470526264,6.873762202985745e-05,1.681200394796739,0.9902811861483268,0.101994031369128
2026-05-21 23:36:00,9.1242452668874,9.124439036896156,6.908244843459125e-05,1.682928797862747,0.9907982410543807,0.10250569054648573
2026-05-21 23:37:00,9.128399259885422,9.128594364338415,6.942965777541054e-05,1.6846658798319147,0.9913178922700261,0.10302088556419808
2026-05-21 23:38:00,9.132574156931978,9.132770595829205,6.977925005237454e-05,1.6864117004736157,0.9918401576753789,0.10353961642235292
2026-05-21 23:39:00,9.136770101003236,9.1369678743447,7.013122526551285e-05,1.688166319557227,0.9923650551505566,0.10406188312099418
2026-05-21 23:40:00,9.140987235075364,9.141186342861067,7.048558341478106e-05,1.6899297968521232,0.992892602575676,0.10458768566005595
2026-05-21 23:41:00,9.145225702124534,9.145426144354474,7.084232450014957e-05,1.691702192127679,0.9934228178308535,0.10511702403949433
2026-05-21 23:42:00,9.14948564512691,9.149687421801085,7.120144852167757e-05,1.6934835651532678,0.9939557187962055,0.10564989825939715
2026-05-21 23:43:00,9.153767207058662,9.153970318177075,7.156295547937989e-05,1.6952739756982675,0.9944913233518493,0.10618630831978638
2026-05-21 23:44:00,9.15807053089596,9.15827497645861,7.19268453731825e-05,1.6970734835320518,0.9950296493779017,0.1067262542205522
2026-05-21 23:45:00,9.16239575961497,9.162601539621857,7.229311820311501e-05,1.6988821484239947,0.9955707147544788,0.10726973596173855
2026-05-21 23:46:00,9.166743036191862,9.166950150642984,7.266177396919223e-05,1.7007000301434718,0.9961145373616976,0.1078167535433674
2026-05-21 23:47:00,9.171112503602801,9.17132095249816,7.303281267139935e-05,1.7025271884598578,0.9966611350796748,0.10836730696541674
2026-05-21 23:48:00,9.175504304823956,9.175714088163552,7.340623430976597e-05,1.7043636831425277,0.997210525788527,0.10892139622793055
2026-05-21 23:49:00,9.179918582831498,9.180129700615332,7.378203888426249e-05,1.7062095739608574,0.9977627273683712,0.10947902133086487
2026-05-21 23:50:00,9.184355480601594,9.184567932829664,7.416022639487412e-05,1.7080649206842204,0.998317757699324,0.11004018227419776
2026-05-21 23:51:00,9.18881514111041,9.189028927782717,7.454079684163043e-05,1.709929783081992,0.9988756346615018,0.11060487905797312
2026-05-21 23:52:00,9.193297707334118,9.19351282845066,7.492375022454626e-05,1.711804220923547,0.9994363761350213,0.11117311168221296
2026-05-21 23:53:00,9.19780332224888,9.198019777809662,3.755791132502573e-05,1.7136882939782616,1.0,0.055729055977229984
2026-05-21 23:54:00,9.202332128830873,9.198019777809662,0.0,1.7136882939782616,1.0,0.0
2026-05-21 23:55:00,9.20688427005626,9.198019777809662,0.0,1.7136882939782616,1.0,0.0
2026-05-21 23:56:00,9.21145988890121,9.198019777809662,0.0,1.7136882939782616,1.0,0.0
2026-05-21 23:57:00,9.216059128341891,9.198019777809662,0.0,1.7136882939782616,1.0,0.0
2026-05-21 23:58:00,9.220682131354472,9.198019777809662,0.0,1.7136882939782616,1.0,0.0
2026-05-21 23:59:00,9.225329040915117,9.198019777809662,0.0,1.7136882939782616,1.0,0.0
2026-05-22 00:00:00,9.23,9.198019777809662,0.0,1.7136882939782616,1.0,0.0
