time,wind_speed,temp,humidity,pressure,rain,wind_smooth,midi_note,change_rate,chord_inversion,rhythm_density,humidity_code,pressure_diff
2026-05-26 09:00:00,5.78,26.03,63.0,1013.0,0.0,5.754170724799655,60,0,0,0,6,0
2026-05-26 09:10:00,5.742902704182342,25.984292627400702,62.66234258671232,1013.1018567898905,0.024916090369074387,5.741874861738467,60,0,-1,0,6,0
2026-05-26 09:20:00,5.694792810751765,25.934293820262873,62.40126418677837,1013.1971871600678,0.045165789232198106,5.6938201766627365,60,1,-1,0,6,0
2026-05-26 09:30:00,5.636261837795888,25.88017431656591,62.21353103107567,1013.2861934634708,0.06107442535624263,5.635344412061704,60,1,-1,0,6,0
2026-05-26 09:40:00,5.5679013034023255,25.82210485428918,62.095909350481726,1013.3690780530384,0.07296732750807937,5.5670390860229855,60,2,-1,1,6,0
2026-05-26 09:50:00,5.490302725658691,25.76025617141209,62.045165375874085,1013.4460432817091,0.08116982445457985,5.489495716634197,60,2,-1,1,6,0
2026-05-26 10:00:00,5.404057622652603,25.694799005914035,62.05806533813025,1013.517291502422,0.0860072449626155,5.403305821982952,59,2,-1,1,6,1
2026-05-26 10:10:00,5.309757512471677,25.625904095774413,62.13137546812777,1013.5830250681164,0.08780491779905786,5.309060920156869,59,2,-1,1,6,1
2026-05-26 10:20:00,5.207993913203524,25.553742178972584,62.261861996744145,1013.6434463317303,0.08688817173077823,5.20735252924356,59,2,-1,1,6,1
2026-05-26 10:30:00,5.099358342935762,25.47848399348797,62.446291154856894,1013.6987576462027,0.08358233552464821,5.098772167330642,59,3,-1,1,6,1
2026-05-26 10:40:00,4.984442319756005,25.40030027729994,62.681429173343545,1013.7491613644727,0.07821273794753919,4.98391135250573,58,3,-1,1,6,1
2026-05-26 10:50:00,4.86383736175187,25.3193617683879,62.96404228308162,1013.7948598394785,0.07110470776632269,4.86336160285644,58,3,-1,1,6,1
2026-05-26 11:00:00,4.738134987010972,25.23583920473123,63.29089671494865,1013.8360554241601,0.06258357374787019,4.737714436470385,58,3,-1,0,6,1
2026-05-26 11:10:00,4.607926713620927,25.149903324309335,63.65875869982216,1013.8729504714555,0.052974664659053074,4.607561371435183,58,3,-1,0,6,1
2026-05-26 11:20:00,4.473804059669345,25.06172486510159,64.06439446857965,1013.9057473343036,0.04260330926674284,4.473493925838446,57,3,-1,0,6,1
2026-05-26 11:30:00,4.336358543243848,24.971474565087398,64.50457025209866,1013.9346483656432,0.03179483633781099,4.336103617767793,57,3,-2,0,6,1
2026-05-26 11:40:00,4.196181682432048,24.879323162246138,64.97605228125671,1013.9598559184133,0.020874574639128812,4.195981965310837,57,3,-2,0,6,1
2026-05-26 11:50:00,4.05386499532156,24.78544139455721,65.47560678693132,1013.9815723455528,0.010167852937568056,4.053720486555194,56,3,-2,0,7,1
2026-05-26 12:00:00,3.91,24.69,66.0,1014.0,0.0,3.909910699588478,56,3,-2,0,7,1
2026-05-26 12:10:00,3.7651782145549837,24.593169716553902,66.5459981513403,1014.0153412346943,-0.009303655406703873,3.7651441224983055,56,4,-2,0,7,1
2026-05-26 12:20:00,3.619991157074126,24.495121282198312,67.11036747182973,1014.0277984025747,-0.01741778451567215,3.6200122733722915,55,4,-2,0,7,1
2026-05-26 12:30:00,3.4750303456450418,24.39602543491261,67.68987419234578,1014.0375738565791,-0.024017058560033222,3.4751066702980515,55,4,-2,0,7,1
2026-05-26 12:40:00,3.3308872983553472,24.296052912676195,68.28128454376605,1014.0448699496476,-0.028776148772915705,3.3310188313632003,55,3,-2,0,7,1
2026-05-26 12:50:00,3.188153533292655,24.195374453468446,68.88136475696797,1014.0498890347175,-0.031369726387448144,3.1883402746553533,54,3,-2,0,7,1
2026-05-26 13:00:00,3.0474205685445837,24.09416079526877,69.48688106282913,1014.0528334647289,-0.031472462636759096,3.047662518262126,54,3,-2,0,7,1
2026-05-26 13:10:00,2.9092799221987473,23.992582676056546,70.094599692227,1014.05390559262,-0.02875902875397704,2.909577080271133,54,3,-3,0,7,1
2026-05-26 13:20:00,2.7743231123427607,23.890810833811173,70.70128687603918,1014.0533077713301,-0.022904095972230587,2.7746754787699905,53,3,-3,0,7,1
2026-05-26 13:30:00,2.643141657064239,23.78901600651204,71.3037088451431,1014.0512423537974,-0.013582335524648215,2.6435492318463134,53,3,-3,0,7,1
2026-05-26 13:40:00,2.516327074450798,23.68736893213853,71.89863183041636,1014.0479116929614,-0.000468418644358537,2.516789857587716,53,3,-3,0,7,1
2026-05-26 13:50:00,2.3944708825900527,23.586040348670043,72.48282206273643,1014.0435181417605,0.01676298343550997,2.3949888740818155,52,3,-3,0,7,1
2026-05-26 14:00:00,2.278164599569618,23.485200994085957,73.05304577298085,1014.0382640531332,0.038437199481829,2.2787377994162252,52,3,-3,0,7,1
2026-05-26 14:10:00,2.1679997434771106,23.385021606365683,73.60606919202715,1014.0323517800192,0.06487955826146952,2.1686281516785613,52,3,-3,0,7,1
2026-05-26 14:20:00,2.064567832400144,23.285672923488594,74.13865855075282,1014.0259836753567,0.09641538854130333,2.065251448956439,52,3,-3,1,7,1
2026-05-26 14:30:00,1.968460384426335,23.187325683434093,74.64758008003544,1014.0193620920847,0.13337001908820195,1.9691992093374735,51,2,-3,1,7,1
2026-05-26 14:40:00,1.8802689176432978,23.090150624181568,75.12960001075248,1014.0126893831421,0.17606877866903659,1.8810629509092804,51,2,-3,1,8,1
2026-05-26 14:50:00,1.8005849501386475,22.99431848371041,75.58148457378152,1014.0061679014676,0.22483699605067875,1.8014341917594743,51,2,-4,2,8,1
2026-05-26 15:00:00,1.73,22.9,76.0,1014.0,0.28,1.7308954903157057,51,2,-4,2,8,1
2026-05-26 15:10:00,1.668934163249303,22.807335776616874,76.3829172084752,1013.9943571465036,0.3416400950437496,1.6697978252230443,51,1,-4,3,8,1
2026-05-26 15:20:00,1.6171218476458347,22.716345879476123,76.73202587103307,1013.9892872680431,0.408867488748186,1.6179447216176466,51,1,-4,3,8,1
2026-05-26 15:30:00,1.5741260388832061,22.62702024007996,77.05012034768932,1013.9848074065087,0.4805493644394459,1.5749081248530885,51,1,-4,4,8,1
2026-05-26 15:40:00,1.539509722655029,22.539348789930614,77.33999499845963,1013.9809346037913,0.555552905443666,1.5402510206229811,50,1,-4,4,8,1
2026-05-26 15:50:00,1.5128358846549124,22.4533214605303,77.60444418335966,1013.9776859017801,0.6327452950869824,1.5135363946209353,50,1,-4,5,8,1
2026-05-26 16:00:00,1.4936675105764687,22.36892818338125,77.84626226240509,1013.975078342366,0.7109937166955322,1.4943272325405623,50,0,-4,5,8,1
2026-05-26 16:10:00,1.4815675861133089,22.286158889985682,78.06824359561162,1013.973128967439,0.7891653535954514,1.4821865200754727,50,0,-4,6,8,1
2026-05-26 16:20:00,1.4760990969590442,22.205003511845828,78.27318254299492,1013.9718548188896,0.8661273891128769,1.4766772429192774,50,0,-4,7,8,1
2026-05-26 16:30:00,1.476825028807284,22.125451980463886,78.46387346457065,1013.9712729386075,0.9407470065739448,1.477362386765588,50,0,-4,7,8,1
2026-05-26 16:40:00,1.4833083673516405,22.047494227342106,78.64311072035456,1013.9714003684836,1.011891389304792,1.483804937308015,50,0,-4,8,8,1
2026-05-26 16:50:00,1.4951120982857247,21.9711201839827,78.81368867036225,1013.9722541504076,1.0784277206315551,1.4955678802401695,50,0,-5,8,8,1
2026-05-26 17:00:00,1.5117992073031468,21.896319781887886,78.97840167460942,1013.9738513262698,1.13922318388037,1.512214201255662,50,0,-5,9,8,1
2026-05-26 17:10:00,1.5329326800975187,21.823082952559893,79.1400440931118,1013.9762089379607,1.1931449623773738,1.5333068860481043,50,1,-5,9,8,1
2026-05-26 17:20:00,1.5580755023624504,21.751399627500938,79.30141028588501,1013.9793440273701,1.2390602394487025,1.5584089203111064,50,1,-5,9,8,1
2026-05-26 17:30:00,1.5867906597915533,21.68125973821325,79.46529461294475,1013.9832736363885,1.275836198420493,1.58708328973828,51,1,-5,10,8,1
2026-05-26 17:40:00,1.6186411380784391,21.612653216199053,79.63449143430672,1013.9880148069062,1.302340022618882,1.6188929800232357,51,1,-5,10,8,1
2026-05-26 17:50:00,1.6531899229167173,21.54556999296056,79.81179510998658,1013.9935845808133,1.3174388953700054,1.6534009768595843,51,1,-5,10,8,1
2026-05-26 18:00:00,1.69,21.48,80.0,1014.0,1.32,1.69017357234486,51,1,-5,10,8,1
2026-05-26 18:10:00,1.7286976153010278,21.41603655969464,80.20062519582889,1014.0072301792916,1.3092796263976874,1.7288625189963487,51,1,-5,10,8,1
2026-05-26 18:20:00,1.7691620559090644,21.354186557921885,80.41008871481988,1014.0150525252534,1.2860904907026274,1.769321597358769,51,1,-5,10,8,1
2026-05-26 18:30:00,1.8113358691925034,21.295060271434213,80.62353330578578,1014.0231965173854,1.2516344156170653,1.8114900483965914,51,1,-5,9,8,1
2026-05-26 18:40:00,1.8551616025197386,21.23926797698407,80.8361017175395,1014.0313916351886,1.2071132238432463,1.8553104194782095,51,1,-5,9,8,1
2026-05-26 18:50:00,1.9005818032591626,21.187419951323918,81.04293669889385,1014.0393673581624,1.153728738083415,1.9007252579720169,51,1,-5,9,8,1
2026-05-26 19:00:00,1.9475390187791697,21.140126471206216,81.23918099866164,1014.0468531658074,1.0926827810398165,1.9476771112464075,51,1,-5,8,8,1
2026-05-26 19:10:00,1.9959757964481535,21.097997813383422,81.41997736565574,1014.0535785376238,1.0251771754146963,1.996108526669775,51,1,-5,8,8,1
2026-05-26 19:20:00,2.045834683634508,21.061644254608,81.58046854868901,1014.0592729531121,0.952413743910299,2.045962051610512,52,1,-5,7,8,1
2026-05-26 19:30:00,2.0970582277066256,21.031676071632404,81.71579729657425,1014.0636658917723,0.8755943092288696,2.0971802334370135,52,1,-5,7,8,1
2026-05-26 19:40:00,2.1495889760329008,21.008703541209094,81.82110635812434,1014.0664868331049,0.7959206940726533,2.1497056195176723,52,1,-6,6,8,1
2026-05-26 19:50:00,2.203369475981727,20.993336940090526,81.89153848215207,1014.0674652566099,0.7145947211438953,2.2034807572208814,52,1,-6,5,8,1
2026-05-26 20:00:00,2.258342274921497,20.986186545029167,81.92223641747034,1014.066330641788,0.6328182131448404,2.258448193915036,52,1,-6,5,8,1
2026-05-26 20:10:00,2.314449920220606,20.987862632777468,81.90834291289198,1014.0628124681389,0.5517929927777337,2.3145504769685283,52,1,-6,4,8,1
2026-05-26 20:20:00,2.371634959247447,20.998975480087893,81.84500071722982,1014.0566402151635,0.4727208827448203,2.3717301537497524,52,1,-6,4,8,1
2026-05-26 20:30:00,2.429839939370413,21.020135363712896,81.72735257929668,1014.0475433623612,0.3968037057483452,2.4299297716271013,52,1,-6,3,8,1
2026-05-26 20:40:00,2.4890074079578985,21.051952560404946,81.55054124790544,1014.0352513892334,0.3252432844905534,2.48909187796897,53,1,-5,2,8,1
2026-05-26 20:50:00,2.5490799123782963,21.095037346916495,81.30970947186894,1014.0194937752794,0.25924144167368995,2.5491590201437515,53,1,-5,2,8,1
2026-05-26 21:00:00,2.61,21.15,81.0,1014.0,0.2,2.610068404118297,53,1,-5,2,8,1
2026-05-26 21:10:00,2.6716080230088615,21.217219973630634,80.61825141836015,1013.976550668566,0.148436186745474,2.6716191769808604,53,1,-5,1,8,1
2026-05-26 21:20:00,2.733335552860567,21.296153430674455,80.16808566200568,1013.949130888831,0.10432884748108526,2.733284115284726,53,1,-5,1,8,1
2026-05-26 21:30:00,2.79451196582826,21.38602571122022,79.65482050324154,1013.9177768943191,0.06717223235155236,2.7943979367045793,53,1,-5,1,8,1
2026-05-26 21:40:00,2.8544666381850847,21.486062155356702,79.08377371437275,1013.8825249185554,0.03646059150159411,2.8542900175135633,53,1,-5,0,8,1
2026-05-26 21:50:00,2.912528946204184,21.59548810317265,78.46026306770422,1013.8434111950635,0.01168817507592921,2.912289733984823,54,1,-5,0,8,1
2026-05-26 22:00:00,2.968028266158703,21.713528894756838,77.78960633554095,1013.8004719573679,-0.007650766780723601,2.9677264623915027,54,1,-5,0,8,1
2026-05-26 22:10:00,3.0202939743217847,21.839409870198036,77.07712129018792,1013.7537434389934,-0.022061983923645643,3.019929579006744,54,1,-5,0,8,1
2026-05-26 22:20:00,3.068655446966574,21.972356369584997,76.32812570395006,1013.7032618734636,-0.03205122620811818,3.0682284601036938,54,1,-5,0,8,1
2026-05-26 22:30:00,3.112442060366213,22.11159373300649,75.54793734913235,1013.6490634943034,-0.03812424348942242,3.111952481955493,54,1,-4,0,8,1
2026-05-26 22:40:00,3.1509831907938484,22.256347300551283,74.7418739980398,1013.591184535037,-0.040786785622839716,3.150431020835288,54,1,-4,0,7,1
2026-05-26 22:50:00,3.183608214522621,22.40584241230813,73.9152534229773,1013.5296612291885,-0.04054460246365131,3.1829934530162216,54,1,-4,0,7,1
2026-05-26 23:00:00,3.209646507825676,22.559304408365804,73.07339339624988,1013.4645298102823,-0.037903443867138495,3.2089691547714367,54,1,-4,0,7,0
2026-05-26 23:10:00,3.2284274469761582,22.715958628813073,72.22161169016252,1013.395826511843,-0.03336905968858251,3.227687502374079,54,0,-4,0,7,0
2026-05-26 23:20:00,3.239280408247211,22.875030413738696,71.36522607702014,1013.3235875673951,-0.027447199783264646,3.238477872097291,54,0,-4,0,7,0
2026-05-26 23:30:00,3.2415347679119764,23.03574510323143,70.50955432912771,1013.247849210462,-0.020643614006466193,3.2406696402142168,54,0,-3,0,7,0
2026-05-26 23:40:00,3.2345199022436013,23.197328037380053,69.65991421879026,1013.1686476745692,-0.013464052213468424,3.2335921829980014,54,0,-3,0,7,0
2026-05-26 23:50:00,3.217565187515228,23.359004556273327,68.82162351831269,1013.0860191932404,-0.006414264259552597,3.216574876721788,54,0,-3,0,7,0
2026-05-27 00:00:00,3.19,23.52,68.0,1013.0,0.0,3.188967307752593,54,1,-3,0,7,0
2026-05-27 00:10:00,3.151540388685472,23.679642873629174,67.19948298532584,1012.9106412205186,0.005370688348811526,3.150641431516422,54,1,-3,0,7,0
2026-05-27 00:20:00,3.1034490934168404,23.837674342151193,66.42099799243859,1012.8180535490525,0.009680539126117878,3.1027040814200215,54,1,-3,0,7,0
2026-05-27 00:30:00,3.047375526753713,23.993938735536737,65.66459208865534,1012.7223625720036,0.013009988310058361,3.046784459929124,54,1,-3,0,7,0
2026-05-27 00:40:00,2.984969101255697,24.148280383756475,64.9303123412932,1012.6236938757753,0.015439471878772317,2.984531979603337,54,2,-2,0,6,0
2026-05-27 00:50:00,2.917879229482397,24.300543616781074,64.21820581766919,1012.5221730467687,0.017049425810399036,2.917596053002268,54,2,-2,0,6,0
2026-05-27 01:00:00,2.847755323993422,24.45057276458122,63.52831958510041,1012.417925671387,0.01792028608307786,2.8476260926855237,53,2,-2,0,6,-1
2026-05-27 01:10:00,2.7762467973483806,24.598212157127577,62.86070071090396,1012.3110773360324,0.018132488674948107,2.7762715112127108,53,2,-2,0,6,-1
2026-05-27 01:20:00,2.705003062106876,24.743306124390823,62.215396262396894,1012.2017536271073,0.017766469564149096,2.7051817211434366,53,2,-2,0,6,-1
2026-05-27 01:30:00,2.6356735308285177,24.88569899634162,61.5924533068963,1012.0900801310141,0.01690266472882013,2.636006135037308,53,2,-2,0,6,-1
2026-05-27 01:40:00,2.5699076160729124,25.02523510295066,60.99191891171925,1011.976182434155,0.015621510147100559,2.570394165453932,53,2,-2,0,6,-1
2026-05-27 01:50:00,2.5093547303996657,25.16175877418859,60.41384014418282,1011.8601861229324,0.014003441797129678,2.509995224952916,53,1,-1,0,6,-1
2026-05-27 02:00:00,2.4556642863683864,25.295114340026103,59.858264071604104,1011.7422167837487,0.012128895657046822,2.4564587260938664,53,1,-1,0,6,-1
2026-05-27 02:10:00,2.41048569653868,25.42514613043387,59.32523776130018,1011.6224000030068,0.010078307704991305,2.411434081436391,52,1,-1,0,6,-1
2026-05-27 02:20:00,2.3754683734701554,25.551698475382562,58.81480828058811,1011.5008613671085,0.007932113919102445,2.3765707035400956,52,1,-1,0,6,-1
2026-05-27 02:30:00,2.352261729722417,25.67461570484284,58.32702269678497,1011.3777264624562,0.005770750277519561,2.3535180049645876,52,1,-1,0,6,-2
2026-05-27 02:40:00,2.3425151778550743,25.793742148785398,57.861928077207864,1011.2531208754524,0.0036746527583819823,2.3439253982694743,52,0,-1,0,6,-2
2026-05-27 02:50:00,2.347878130427733,25.90892213718089,57.41957148917385,1011.1271701924995,0.001724257339829018,2.3494422960143626,52,0,-1,0,6,-2
2026-05-27 03:00:00,2.37,26.02,57.0,1011.0,0.0,2.3716894832983972,52,1,-1,0,6,-2
2026-05-27 03:10:00,2.409982479862418,26.126775404280657,56.60353543320345,1010.8717966578641,-0.0014347151750137216,2.411547813002832,52,1,0,0,6,-2
2026-05-27 03:20:00,2.46673638622927,26.228869365329825,56.23159863710139,1010.7429896200345,-0.0025846116673126146,2.4681489417512377,53,1,0,0,6,-2
2026-05-27 03:30:00,2.538624816045773,26.325858235521718,55.88588521621109,1010.6140691139612,-0.003471444851045114,2.539884593949295,53,2,0,0,6,-2
2026-05-27 03:40:00,2.6240108662571484,26.41731836723058,55.56809077504982,1010.4855253670955,-0.0041169701003596565,2.6251178665422232,53,2,0,0,6,-3
2026-05-27 03:50:00,2.721257633808611,26.502826112830608,55.279910918134796,1010.357848606887,-0.00454294278940467,2.7222118564752398,53,2,0,0,6,-3
2026-05-27 04:00:00,2.8287282156453806,26.581957824696044,55.023041249983294,1010.231529060787,-0.00477111829232859,2.8295296606935625,53,3,0,0,6,-3
2026-05-27 04:10:00,2.9447857087126756,26.654289855201114,54.79917737511258,1010.1070569562455,-0.00482325198327985,2.9454343761424124,54,3,0,0,5,-3
2026-05-27 04:20:00,3.0677932099557146,26.71939855672003,54.610014898039886,1009.9849225207132,-0.004721099236406882,3.0682890997670045,54,3,0,0,5,-3
2026-05-27 04:30:00,3.196113816319714,26.77686028162702,54.457249423282455,1009.8656159816403,-0.00448641542585812,3.196456928512558,54,3,0,0,5,-3
2026-05-27 04:40:00,3.328110624749894,26.826251382296302,54.342576555357574,1009.7496275664779,-0.004140955925781997,3.328300959324291,55,3,0,0,5,-3
2026-05-27 04:50:00,3.4621467321914716,26.8671482111021,54.267691898782466,1009.6374475026757,-0.003706476110326947,3.4621842891474226,55,3,0,0,5,-3
2026-05-27 05:00:00,3.596585235589666,26.899127120418644,54.2342910580744,1009.5295660176847,-0.0032047313536414015,3.5964700149271707,55,3,0,0,5,-3
2026-05-27 05:10:00,3.7297892318896952,26.921764462620157,54.24406963775063,1009.4264733389554,-0.0026574770298737945,3.7295212336087533,56,3,0,0,5,-4
2026-05-27 05:20:00,3.860121818036778,26.934636590080856,54.29872324232841,1009.3286596939383,-0.002086468513172559,3.8597010421373894,56,3,0,0,5,-4
2026-05-27 05:30:00,3.98594609097613,26.937319855174962,54.39994747632496,1009.2366153100834,-0.0015134611776861286,3.985372537458297,56,3,0,0,5,-4
2026-05-27 05:40:00,4.105625147652973,26.929390610276712,54.54943794425759,1009.150830414842,-0.0009602103975629371,4.104898816516692,56,3,0,0,5,-4
2026-05-27 05:50:00,4.217522085012524,26.91042520776032,54.74889025064351,1009.0717952356641,-0.0004484715469514169,4.216642976257797,57,3,0,0,5,-4
2026-05-27 06:00:00,4.32,26.88,55.0,1009.0,0.0,4.318989014197852,57,2,0,0,6,-4
2026-05-27 06:10:00,4.411821872934815,26.83788856823312,55.303556351819246,1008.9358484168865,0.00036817235124335244,4.410861143632744,57,2,0,0,6,-4
2026-05-27 06:20:00,4.493350217633157,26.784653409149556,55.65672268549331,1008.8793981217016,0.0006579075431325805,4.49246064540219,57,2,0,0,6,-4
2026-05-27 06:30:00,4.565347431285413,26.72105424830231,56.05575593538915,1008.8306202314101,0.000875791094122096,4.564529016125548,57,2,0,0,6,-4
2026-05-27 06:40:00,4.628575911081966,26.64785081124441,56.496913035873824,1008.7894858629762,0.0010284085226663123,4.627828652993203,58,2,0,0,6,-4
2026-05-27 06:50:00,4.683798054213199,26.56580282352885,56.97645092131425,1008.7559661333644,0.0011223453472196413,4.683121953195538,58,1,0,0,6,-4
2026-05-27 07:00:00,4.731776257869497,26.47567001070865,57.49062652607749,1008.730032159539,0.001164187086236496,4.73117131392294,58,1,0,0,6,-4
2026-05-27 07:10:00,4.773272919241245,26.378212098336817,58.03569678453051,1008.7116550584643,0.00116051925817129,4.77273913236579,58,1,0,0,6,-4
2026-05-27 07:20:00,4.809050435518827,26.274188811966372,58.607918631040306,1008.7008059471049,0.0011179273814784353,4.808587805714473,58,1,0,0,6,-4
2026-05-27 07:30:00,4.839871203892626,26.164359877150304,59.20354899997386,1008.6974559424247,0.0010429969746123442,4.839479731159375,58,1,0,0,6,-4
2026-05-27 07:40:00,4.866497621553027,26.04948501944164,59.8188448256982,1008.7015761613885,0.0009423135560274299,4.8661773058908775,58,1,0,0,6,-4
2026-05-27 07:50:00,4.889692085690413,25.930323964393388,60.4500630425803,1008.7131377209602,0.0008224626441781047,4.889442927099368,58,1,-1,0,6,-4
2026-05-27 08:00:00,4.91021699349517,25.807636437558553,61.09346058498716,1008.7321117381048,0.0006900297575187821,4.910038991975227,58,0,-1,0,6,-4
2026-05-27 08:10:00,4.928834742157681,25.682182164490154,61.74529438728577,1008.7584693297863,0.0005516004145038739,4.928727897708841,58,0,-1,0,6,-4
2026-05-27 08:20:00,4.946307728868331,25.5547208707412,62.40182138384314,1008.7921816129692,0.0004137601335877934,4.946272041490593,58,0,-1,0,6,-4
2026-05-27 08:30:00,4.963398350817503,25.42601228186469,63.05929850902624,1008.8332197046172,0.00028309443322495283,4.963433820510868,58,0,-1,0,6,-4
2026-05-27 08:40:00,4.980869005195584,25.29681612341365,63.7139826972021,1008.8815547216958,0.00016618883186976519,4.98097563196005,58,0,-1,0,6,-4
2026-05-27 08:50:00,4.999482089192954,25.167892120941087,64.36213088273769,1008.9371577811687,6.962884797664351e-05,4.9996598730285235,58,0,-1,0,6,-4
2026-05-27 09:00:00,5.02,25.04,65.0,1009.0,0.0,5.0202429884881585,59,0,-1,0,6,-4
2026-05-27 09:10:00,5.043071249248803,24.9137999524165,65.62445452303123,1009.069823392012,-3.797422995969089e-05,5.043327571313928,59,1,-2,0,7,-4
2026-05-27 09:20:00,5.068888806338236,24.789554035109006,66.23478908457423,1009.1454535584547,-4.701850521770853e-05,5.069152509561814,59,1,-2,0,7,-4
2026-05-27 09:30:00,5.097531755108868,24.667424771269022,66.83090585704709,1009.2254869974358,-3.171952544327033e-05,5.0978028394909005,59,1,-2,0,7,-4
2026-05-27 09:40:00,5.129079179401271,24.547574684088087,67.41270701286783,1009.3085202070632,3.3360096944062376e-06,5.129357644941755,59,1,-2,0,7,-4
2026-05-27 09:50:00,5.163610163056012,24.430166296757683,67.98009472445452,1009.3931496854444,5.356140052610312e-05,5.163896009754951,59,1,-2,0,7,-4
2026-05-27 10:00:00,5.201203789913664,24.31536213246934,68.53297116422524,1009.477971930687,0.00011436994738260283,5.201497017771057,59,1,-2,0,7,-4
2026-05-27 10:10:00,5.241939143814797,24.203324714414563,69.07123850459803,1009.561583440899,0.0001811749505946873,5.242239752830643,59,1,-2,0,7,-3
2026-05-27 10:20:00,5.28589530859998,24.09421656578487,69.59479891799097,1009.6425807141881,0.0002493897104931399,5.286203298774279,59,1,-2,0,7,-3
2026-05-27 10:30:00,5.333151368109783,23.988200209771765,70.10355457682208,1009.7195602486615,0.00031442752740874227,5.3334667394425335,59,1,-3,0,7,-3
2026-05-27 10:40:00,5.383786406184776,23.885438169566772,70.59740765350944,1009.7911185424275,0.000371701701672277,5.384109158675982,59,1,-3,0,7,-3
2026-05-27 10:50:00,5.437879506665531,23.786092968361388,71.07626032047108,1009.8558520935932,0.00041662553361452616,5.43820964031519,59,1,-3,0,7,-3
2026-05-27 11:00:00,5.495509753392615,23.690327129347132,71.5400147501251,1009.9123574002667,0.0004446123235662722,5.495847268200728,60,1,-3,0,7,-3
2026-05-27 11:10:00,5.556756230206602,23.59830317571552,71.98857311488953,1009.9592309605555,0.00045107537185829817,5.557101126173166,60,1,-3,0,7,-3
2026-05-27 11:20:00,5.62169802094806,23.510183630658066,72.42183758718244,1009.9950692725679,0.00043142797882138545,5.622050298073077,60,2,-3,0,7,-3
2026-05-27 11:30:00,5.690414209457557,23.426131017366266,72.83971033942187,1010.0184688344103,0.0003810834447863171,5.6907738677410284,60,2,-3,0,7,-3
2026-05-27 11:40:00,5.762983879575668,23.346307859031654,73.24209354402593,1010.0280261441917,0.00029545507008387514,5.763350919017591,60,2,-3,0,7,-3
2026-05-27 11:50:00,5.839486115142958,23.270876678845728,73.62888937341262,1010.022337700019,0.00016995615504484195,5.839860535743335,60,2,-3,0,7,-3
2026-05-27 12:00:00,5.92,23.2,74.0,1010.0,0.0,5.920375390331455,61,2,-3,0,7,-3
2026-05-27 12:10:00,6.004481950371756,23.133712033623524,74.35534709240703,1009.9600980699361,-0.0002162754314045889,6.0048024394242985,61,2,-3,0,7,-3
2026-05-27 12:20:00,6.092397712020758,23.07153374259551,74.69493030405616,1009.9036710464009,-0.0004698335222617468,6.092656888367014,61,2,-3,0,7,-3
2026-05-27 12:30:00,6.183090363093928,23.012857777732687,75.01876878457067,1009.8322465936619,-0.000748912992349015,6.183288226733897,61,2,-4,0,8,-3
2026-05-27 12:40:00,6.275902981738192,22.95707678985182,75.32688168357397,1009.7473523759874,-0.0010417525614439373,6.2760395326718745,61,2,-4,0,8,-3
2026-05-27 12:50:00,6.370178646100473,22.90358342976963,75.6192881506893,1009.6505160576435,-0.0013365909493240537,6.370253884327867,62,2,-4,0,8,-3
2026-05-27 13:00:00,6.465260434327694,22.851770348302875,75.89600733554003,1009.5432653028985,-0.0016216668757669073,6.465274359848802,62,2,-4,0,8,-3
2026-05-27 13:10:00,6.56049142456678,22.801030196268293,76.1570583877495,1009.4271277760195,-0.00188521906055004,6.5604440373816,62,2,-4,0,8,-4
2026-05-27 13:20:00,6.655214694964655,22.750755624482633,76.402460456941,1009.3036311412743,-0.002115486223450995,6.655105995073188,62,2,-4,0,8,-4
2026-05-27 13:30:00,6.7487733236682415,22.700339283762624,76.63223269273786,1009.1743030629299,-0.002300707084247313,6.748603311070487,63,2,-4,0,8,-4
2026-05-27 13:40:00,6.840510388824464,22.64917382492503,76.84639424476343,1009.040671205254,-0.0024291203627165373,6.840279063520423,63,2,-4,0,8,-4
2026-05-27 13:50:00,6.9297689685802455,22.596651898786572,77.04496426264099,1008.9042632325136,-0.00248896477863621,6.929476330569918,63,2,-4,0,8,-4
2026-05-27 14:00:00,7.015892141082512,22.542166156164015,77.22796189599391,1008.7666068089766,-0.0024684790517838706,7.0155381903658975,63,2,-4,0,8,-4
2026-05-27 14:10:00,7.098222984478186,22.48510924787409,77.39540629444552,1008.6292295989106,-0.002355901901937067,7.097807721055284,63,2,-4,0,8,-4
2026-05-27 14:20:00,7.176104576914192,22.424873824733545,77.54731660761912,1008.4936592665825,-0.0021394720488733354,7.175628000785001,64,2,-4,0,8,-5
2026-05-27 14:30:00,7.2488799965374495,22.36085253755911,77.68371198513803,1008.3614234762597,-0.0018074282123702215,7.2483421077019745,64,2,-4,0,8,-5
2026-05-27 14:40:00,7.31589232149489,22.292438037167557,77.80461157662562,1008.2340498922106,-0.0013480091122052658,7.315293119953126,64,2,-4,0,8,-5
2026-05-27 14:50:00,7.376484629933432,22.2190229743756,77.91003453170516,1008.1130661787014,-0.000749453468156012,7.375824115685381,64,1,-4,0,8,-5
2026-05-27 15:00:00,7.43,22.14,78.0,1008.0,0.0,7.429286200986208,64,1,-4,0,8,-5
2026-05-27 15:10:00,7.475935105642774,22.055028181950856,78.07469894547508,1007.8960257548564,0.0009030759555780465,7.47523797963085,64,1,-4,0,8,-5
2026-05-27 15:20:00,7.514401004014949,21.96483225651171,78.13500958946179,1007.8009047799478,0.001926352594264696,7.513728578945441,64,1,-5,0,8,-5
2026-05-27 15:30:00,7.545662348070973,21.870403377059468,78.18198196763312,1007.7140451464345,0.0030273714948393306,7.545014623943883,64,1,-5,0,8,-5
2026-05-27 15:40:00,7.569983790765304,21.772732696971044,78.21666611566211,1007.6348549254769,0.004163674236081343,7.569360767580627,64,1,-5,0,8,-5
2026-05-27 15:50:00,7.587629985052385,21.672811369623325,78.2401120692217,1007.5627421882344,0.00529280239677011,7.587031662810124,64,0,-5,0,8,-5
2026-05-27 16:00:00,7.598865583886669,21.57163054839323,78.25336986398494,1007.4971150058675,0.0063722975556850265,7.598291962586824,64,0,-5,0,8,-6
2026-05-27 16:10:00,7.603955240222608,21.470181386657664,78.25748953562481,1007.437381449536,0.007359701291605472,7.6034063198651785,64,0,-5,0,8,-6
2026-05-27 16:20:00,7.603163607014654,21.36945503779353,78.25352111981434,1007.3829495904002,0.008212555183310837,7.6026393875996385,64,0,-5,0,8,-6
2026-05-27 16:30:00,7.596755337217253,21.270442655177725,78.24251465222649,1007.3332274996197,0.00888840080958051,7.596255818744654,64,0,-5,0,8,-6
2026-05-27 16:40:00,7.584995083784859,21.17413539218717,78.2255201685343,1007.2876232483551,0.009344779749193875,7.584520266254675,64,0,-5,0,8,-6
2026-05-27 16:50:00,7.5681474996719205,21.08152440219876,78.20358770441072,1007.2455449077657,0.009539233580930312,7.567697383084153,64,0,-5,0,8,-6
2026-05-27 17:00:00,7.54647723783289,20.993600838589394,78.17776729552881,1007.2064005490121,0.00942930388356921,7.546051822187538,64,1,-6,0,8,-6
2026-05-27 17:10:00,7.520248951222219,20.911355854735994,78.14910897756155,1007.1695982432541,0.008972532235889969,7.519848236519281,64,1,-6,0,8,-6
2026-05-27 17:20:00,7.489727292794356,20.83578060401545,78.11866278618194,1007.1345460616519,0.008126460216671958,7.489351279033833,64,1,-6,0,8,-6
2026-05-27 17:30:00,7.455176915503751,20.767866239804672,78.08747875706295,1007.1006520753651,0.00684862940469457,7.454825602685644,64,1,-6,0,8,-6
2026-05-27 17:40:00,7.416862472304857,20.708603915480573,78.05660692587766,1007.0673243555545,0.0050965813787371885,7.416535860429165,64,1,-6,0,8,-6
2026-05-27 17:50:00,7.375048616152124,20.65898478442005,78.027097328299,1007.0339709733794,0.002827857717579204,7.374746705218846,64,1,-6,0,8,-6
2026-05-27 18:00:00,7.33,20.62,78.0,1007.0,0.0,7.329720211759382,64,1,-6,0,8,-6
2026-05-27 18:10:00,7.2819319480448055,20.592291493717095,77.97651556190664,1006.9648867021347,-0.0033960283909075977,7.281651814891805,64,1,-6,0,8,-6
2026-05-27 18:20:00,7.230862469450316,20.575104309546962,77.95844697595676,1006.9283751287331,-0.007235576854797032,7.2305794131351755,64,1,-6,0,8,-6
2026-05-27 18:30:00,7.1767602446221765,20.567334269584993,77.94774778934121,1006.8902765243035,-0.011360572987008304,7.176474265144895,64,1,-6,0,8,-6
2026-05-27 18:40:00,7.119593953966031,20.567877195926584,77.94637154925088,1006.8504021333544,-0.01561294438288143,7.11930505132661,63,1,-6,0,8,-6
2026-05-27 18:50:00,7.059332277887522,20.575628910667117,77.95627180287654,1006.8085632003929,-0.019834618637756388,7.059040452085963,63,1,-6,0,8,-6
2026-05-27 19:00:00,6.995943896792297,20.589485235901982,77.97940209740906,1006.764570969928,-0.02386752334697319,6.995649147828597,63,2,-6,0,8,-6
2026-05-27 19:10:00,6.929397491085997,20.60834199372657,78.01771598003928,1006.7182366864674,-0.027553586105871847,6.929099818960157,63,2,-6,0,8,-6
2026-05-27 19:20:00,6.859661741174267,20.63109500623627,78.07316699795805,1006.6693715945194,-0.030734734509792357,6.859361145886287,63,2,-6,0,8,-6
2026-05-27 19:30:00,6.786705327462752,20.656640095526466,78.1477086983562,1006.6177869385915,-0.03325289615407472,6.786401809012632,63,2,-6,0,8,-6
2026-05-27 19:40:00,6.710496930357094,20.683873083692557,78.24329462842455,1006.5632939631927,-0.034949998634058954,6.710190488744833,62,2,-6,0,8,-6
2026-05-27 19:50:00,6.631005230262937,20.711689792829926,78.36187833535395,1006.5057039128301,-0.03566796954508503,6.630695865488537,62,2,-6,0,8,-6
2026-05-27 20:00:00,6.548198907585927,20.73898604503396,78.50541336633526,1006.4448280320125,-0.03524873648249298,6.547886619649388,62,2,-6,0,8,-7
2026-05-27 20:10:00,6.462046642731707,20.764657662400058,78.67585326855931,1006.3804775652478,-0.0335342270416228,6.461731431633027,62,2,-6,0,8,-7
2026-05-27 20:20:00,6.372517116105923,20.787600467023598,78.87515158921694,1006.3124637570442,-0.030366368817814487,6.372198981845102,62,2,-6,0,8,-7
2026-05-27 20:30:00,6.279579008114213,20.806710280999965,79.10526187549897,1006.2405978519092,-0.02558708940640806,6.279257950691255,61,2,-6,0,8,-7
2026-05-27 20:40:00,6.183200999162229,20.82088292642457,79.36813767459628,1006.1646910943517,-0.01903831640274349,6.18287701857713,61,2,-6,0,8,-7
2026-05-27 20:50:00,6.08335176965561,20.829014225392783,79.66573253369967,1006.0845547288793,-0.010561977402160819,6.083024865908371,61,2,-6,0,8,-7
2026-05-27 21:00:00,5.98,20.83,80.0,1006.0,0.0,5.979669231811662,61,3,-6,0,8,-7
2026-05-27 21:10:00,5.873096361437268,20.82305721492289,80.37177652980648,1005.9109226355083,0.012735907292551639,5.872753526234034,60,3,-6,0,8,-7
2026-05-27 21:20:00,5.7625194885541635,20.80868740516328,80.77743021590183,1005.8175562963411,0.027454912300917948,5.762163645057072,60,3,-6,0,8,-7
2026-05-27 21:30:00,5.648130006773657,20.787713248304257,81.21221206018713,1005.7202191267215,0.043896401934675366,5.647761154982712,60,3,-6,0,8,-7
2026-05-27 21:40:00,5.529788541518728,20.760957421928943,81.67137306456348,1005.6192292708735,0.06179976310340047,5.529406681433925,60,3,-6,0,8,-7
2026-05-27 21:50:00,5.407355718212344,20.72924260362042,82.15016423093192,1005.5149048730198,0.0809043827166697,5.406960849833686,59,3,-6,1,8,-7
2026-05-27 22:00:00,5.2806921622774805,20.693391470961807,82.6438365611936,1005.4075640773837,0.1009496476840596,5.280284285604967,59,3,-6,1,8,-8
2026-05-27 22:10:00,5.149658499137111,20.654226701536196,83.1476410572496,1005.2975250281886,0.12167494491514665,5.149237614170742,59,3,-6,1,8,-8
2026-05-27 22:20:00,5.01411535421421,20.612570972926694,83.65682872100095,1005.1851058696577,0.14281966131950743,5.013681460953984,58,3,-6,1,8,-8
2026-05-27 22:30:00,4.873923352931749,20.569246962716395,84.16665055434879,1005.0706247460143,0.16412318380671836,4.873476451377667,58,3,-6,1,8,-8
2026-05-27 22:40:00,4.728943120712701,20.525077348488413,84.6723575591942,1004.9543998014819,0.18532489928635604,4.728483210864764,58,4,-6,1,8,-8
2026-05-27 22:50:00,4.57903528298004,20.48088480782584,85.16920073743822,1004.8367491802833,0.2061641946679969,4.5785623648382465,57,4,-6,2,9,-8
2026-05-27 23:00:00,4.424060465156739,20.437492018311787,85.65243109098199,1004.7179910266418,0.22638045686121747,4.423574538721089,57,4,-6,2,9,-8
2026-05-27 23:10:00,4.263879292665772,20.395721657529347,86.1172996217266,1004.5984434847811,0.24571307277559432,4.263380357936267,57,4,-6,2,9,-8
2026-05-27 23:20:00,4.098352390930111,20.356396403061634,86.55905733157313,1004.4784246989244,0.26390142932070393,4.0978404479067505,56,4,-6,2,9,-9
2026-05-27 23:30:00,3.9273403853727293,20.320338932491733,86.97295522242261,1004.3582528132944,0.2806849134061227,3.926815434055514,56,4,-6,2,9,-9
2026-05-27 23:40:00,3.7507039014166024,20.288371923402764,87.35424429617622,1004.238245972115,0.29580291194142744,3.750165941805531,56,4,-6,2,9,-9
2026-05-27 23:50:00,3.5683035644847014,20.261318053377817,87.69817555473499,1004.1187223196091,0.3089948118361943,3.5677525965797736,55,4,-6,2,9,-9
2026-05-28 00:00:00,3.38,20.24,88.0,1004.0,0.32,3.3794519565586763,55,5,-6,2,9,-9
2026-05-28 00:10:00,3.185958669306265,20.225086985411636,88.25602852462876,1003.8823349643378,0.3286218093715925,3.1855523929292686,54,5,-6,2,9,-9
2026-05-28 00:20:00,2.987564377430433,20.21663440999196,88.46681158430422,1003.7657343909789,0.33491935700640635,2.987315800875225,54,5,-6,3,9,-9
2026-05-28 00:30:00,2.7865067653202344,20.214544218679432,88.6339595254658,1003.6501432651065,0.33901570598904734,2.7864158885868155,53,5,-6,3,9,-9
2026-05-28 00:40:00,2.5844754739234013,20.21871835641251,88.75908269455286,1003.5355065719042,0.34103391940412175,2.5845422970117697,53,5,-6,3,9,-9
2026-05-28 00:50:00,2.383160144187661,20.22905876812964,88.84379143800479,1003.4217692965545,0.3410970603362352,2.3833846670978187,52,5,-6,3,9,-10
2026-05-28 01:00:00,2.1842504170607473,20.24546739876929,88.88969610226094,1003.3088764242412,0.3393281918699939,2.1846326397926927,52,5,-6,3,9,-10
2026-05-28 01:10:00,1.9894359334903882,20.267846193269918,88.89840703376072,1003.1967729401475,0.33585037709000387,1.9899758560441216,51,5,-6,3,9,-10
2026-05-28 01:20:00,1.8004063344243155,20.29609709656998,88.87153457894354,1003.0854038294564,0.33078667908087095,1.8011039567998373,51,5,-6,3,9,-10
2026-05-28 01:30:00,1.6188512608102588,20.330122053607926,88.8106890842487,1002.9747140773511,0.3242601609272011,1.6197065830075685,51,4,-6,2,9,-10
2026-05-28 01:40:00,1.446460353595949,20.369823009322225,88.71748089611565,1002.8646486690151,0.3163938857136004,1.4474733756150469,50,4,-6,2,9,-10
2026-05-28 01:50:00,1.284923253729116,20.415101908651327,88.59352036098369,1002.7551525896312,0.3073109165246747,1.286093975570002,50,4,-6,2,9,-10
2026-05-28 02:00:00,1.135929602157491,20.465860696533685,88.44041782529229,1002.6461708243828,0.29713431644503013,1.1372580238201653,49,4,-6,2,9,-10
2026-05-28 02:10:00,1.0011690398288038,20.522001317907772,88.25978363548077,1002.5376483584533,0.28598714855927265,1.002655161313266,49,3,-6,2,9,-10
2026-05-28 02:20:00,0.8823312076907845,20.583425717712032,88.05322813798855,1002.4295301770259,0.2739924759520082,0.8839750289970351,49,3,-6,2,9,-11
2026-05-28 02:30:00,0.7811057466911642,20.65003584088493,87.82236167925495,1002.3217612652834,0.26127336170784266,0.7829072678192031,49,2,-6,2,9,-11
2026-05-28 02:40:00,0.6991822977776732,20.721733632364916,87.56879460571943,1002.2142866084097,0.24795286891138213,0.7011415187275,48,2,-6,2,9,-11
2026-05-28 02:50:00,0.6382505018980417,20.798421037090453,87.29413726382133,1002.1070511915874,0.2341540606472326,0.6403674226696567,48,1,-6,2,9,-11
2026-05-28 03:00:00,0.6,20.88,87.0,1002.0,0.22,0.6022440942170085,48,1,-6,2,9,-11
2026-05-28 03:10:00,0.5855363824625033,20.966257051935358,86.68830004383214,1001.893070840474,0.205606073328074,0.5876416345591803,48,0,-6,2,9,-11
2026-05-28 03:20:00,0.5936290373894029,21.056517067351713,86.36218215744368,1001.7861728064101,0.19105696008497913,0.5955649209893539,48,0,-5,1,9,-11
2026-05-28 03:30:00,0.6224633023157757,21.14998950660762,86.02509798609778,1001.6792078128519,0.17642966299802362,0.6242298174190004,48,1,-5,1,9,-11
2026-05-28 03:40:00,0.6702245147766979,21.245883830061622,85.68049917505773,1001.5720777748436,0.16180118479451572,0.6718216613831962,48,1,-5,1,9,-11
2026-05-28 03:50:00,0.7350980123072454,21.343409498072248,85.33183736958662,1001.4646846074284,0.14724852820176357,0.7365257904170175,49,2,-5,1,9,-12
2026-05-28 04:00:00,0.8152691324424948,21.44177597099804,84.98256421494774,1001.3569302256508,0.1328486959470754,0.8165275420555407,49,2,-5,1,8,-12
2026-05-28 04:10:00,0.9089232127175222,21.540192709197555,84.63613135640426,1001.2487165445544,0.11867869075775944,0.9100122538338421,49,2,-5,1,8,-12
2026-05-28 04:20:00,1.0142455906674042,21.637869173029323,84.29599043921942,1001.1399454791833,0.10481551536112396,1.0151652632869979,49,3,-5,1,8,-12
2026-05-28 04:30:00,1.129421603827217,21.73401482285188,83.96559310865638,1001.030518944581,0.09133617248447709,1.1301719079500845,49,3,-5,1,8,-12
2026-05-28 04:40:00,1.2526365897320366,21.82783911902378,83.6483910099784,1000.9203388557914,0.07831766485512709,1.2532175253581774,50,3,-5,1,8,-12
2026-05-28 04:50:00,1.3820758859169393,21.918551521903545,83.34783578844859,1000.8093071278585,0.06583699520038214,1.3824874530463542,50,3,-5,0,8,-12
2026-05-28 05:00:00,1.5159248299170016,22.005361491849737,83.06737908933027,1000.6973256758264,0.053971166247550544,1.5161670285496907,50,3,-5,0,8,-12
2026-05-28 05:10:00,1.6523687592673,22.08747848922089,82.81047255788658,1000.5842964147383,0.04279718072394042,1.6524415894032627,51,3,-4,0,8,-12
2026-05-28 05:20:00,1.7895930115029106,22.164111974375547,82.58056783938073,1000.470121259639,0.03239204135686002,1.789496473142147,51,3,-4,0,8,-13
2026-05-28 05:30:00,1.9257829241589095,22.23447140767224,82.38111657907595,1000.3547021255711,0.02283275087361754,1.9255170173014198,51,3,-4,0,8,-13
2026-05-28 05:40:00,2.0591238347703733,22.29776624946952,82.21557042223543,1000.2379409275796,0.014196312001521251,2.058688559416157,52,3,-4,0,8,-13
2026-05-28 05:50:00,2.187801080872378,22.353205960125926,82.08738101412237,1000.1197395807079,0.006559727467879327,2.1871964370214356,52,3,-4,0,8,-13
2026-05-28 06:00:00,2.31,22.4,82.0,1000.0,0.0,2.3092446908074,52,3,-4,0,8,-13
2026-05-28 06:10:00,2.4242637706653962,22.437592282841454,81.95579187617432,999.878715007099,-0.005432248088552531,2.423520780768167,52,3,-4,0,8,-13
2026-05-28 06:20:00,2.5305669352890474,22.46636453596468,81.95277254312266,999.756241050047,-0.009791916139189958,2.5298549678422564,53,3,-4,0,8,-13
2026-05-28 06:30:00,2.629241877268514,22.486932940075242,81.98787075236515,999.6330254834851,-0.013160283907068013,2.6285609322721633,53,2,-4,0,8,-13
2026-05-28 06:40:00,2.720620980001358,22.499913675878723,82.05801525542199,999.509515662055,-0.015618631147342405,2.719971057455446,53,2,-4,0,8,-13
2026-05-28 06:50:00,2.80503662688514,22.50592292408067,82.16013480381325,999.3861589403975,-0.017248237615168856,2.804417726789667,53,2,-4,0,8,-14
2026-05-28 07:00:00,2.8828212013174217,22.505576865386658,82.29115814905911,999.2634026731546,-0.018130383065703068,2.8822333236723874,54,2,-4,0,8,-14
2026-05-28 07:10:00,2.9543070866957635,22.49949168050226,82.4480140426797,999.1416942149672,-0.01834634725410078,2.9537502315011683,54,2,-4,0,8,-14
2026-05-28 07:20:00,3.0198266664177273,22.488283550133033,82.62763123619521,999.0214809204771,-0.017977409935517684,3.019300833673571,54,2,-4,0,8,-14
2026-05-28 07:30:00,3.0797123238808735,22.472568654984546,82.8269384811257,998.9032101443247,-0.017104850865109496,3.0792175135871562,54,1,-4,0,8,-14
2026-05-28 07:40:00,3.1342964424827637,22.45296317576237,83.04286452899139,998.7873292411522,-0.01580994979803195,3.1338326546394852,54,1,-4,0,8,-14
2026-05-28 07:50:00,3.1839114056209583,22.430083293172064,83.27233813131235,998.6742855656005,-0.014173986489440737,3.183478640228119,54,1,-4,0,8,-14
2026-05-28 08:00:00,3.228889596693019,22.4045451879192,83.51228803960879,998.5645264723113,-0.012278240694491594,3.2284878537506194,54,1,-4,0,8,-14
2026-05-28 08:10:00,3.269563399096508,22.376965040709344,83.75964300540085,998.4584993159258,-0.01020399216834022,3.269192678604547,54,1,-4,0,8,-15
2026-05-28 08:20:00,3.3062651962289853,22.34795903224806,84.01133178020862,998.3566514510854,-0.008032520666142337,3.305925498187463,55,1,-4,0,8,-15
2026-05-28 08:30:00,3.339327371488011,22.31814334324092,84.26428311555227,998.2594302324309,-0.005845105943053656,3.3390186958969283,55,1,-4,0,8,-15
2026-05-28 08:40:00,3.3690823082711487,22.288134154393482,84.51542576295196,998.1672830146045,-0.0037230277542299006,3.3688046551305044,55,1,-4,0,8,-15
2026-05-28 08:50:00,3.3958623899759575,22.25854764641132,84.76168847392783,998.0806571522471,-0.0017475658548267762,3.3956157592857528,55,1,-4,0,8,-15
2026-05-28 09:00:00,3.42,22.23,85.0,998.0,0.0,3.4197819582827,55,1,-4,0,8,-15
2026-05-28 09:10:00,3.44178096285945,22.20298115551914,85.22790145009883,997.9255739322268,0.0014555664884131575,3.441570304096547,55,1,-4,0,9,-15
2026-05-28 09:20:00,3.4613048675449423,22.17747609194458,85.44538336279544,997.8569014021807,0.0026237360218492236,3.461099158258902,55,0,-4,0,9,-15
2026-05-28 09:30:00,3.4786247441657214,22.153343547906204,85.65304863407114,997.7933198828363,0.0035262874450631716,3.478423984356545,55,0,-4,0,9,-15
2026-05-28 09:40:00,3.4937936228310367,22.13044226203392,85.8515001599073,997.7341668471694,0.004184999602809975,3.4935978124987233,55,0,-4,0,9,-15
2026-05-28 09:50:00,3.5068645336501336,22.108630972957602,86.04134083628519,997.6787797681545,0.004621651339844607,3.5066736727946832,55,0,-4,0,9,-15
2026-05-28 10:00:00,3.5178905067322606,22.087768419307157,86.22317355918616,997.6264961187668,0.004858021500922038,3.5177045953536727,55,0,-4,0,9,-15
2026-05-28 10:10:00,3.526924572186664,22.067713339712462,86.39760122459155,997.5766533719819,0.004915888930797248,3.5267436102849397,55,0,-4,0,9,-15
2026-05-28 10:20:00,3.5340197601225913,22.04832447280343,86.56522672848266,997.5285890007746,0.004817032474225204,3.5338437476977296,55,0,-4,0,9,-15
2026-05-28 10:30:00,3.5392291006492878,22.02946055720993,86.7266529668408,997.48164047812,0.00458323097596088,3.5390580377012895,55,0,-5,0,9,-16
2026-05-28 10:40:00,3.542605623876003,22.010980331561864,86.88248283564735,997.4351452769935,0.004236263280759251,3.542439510404867,55,0,-5,0,9,-16
2026-05-28 10:50:00,3.544202359911982,21.99274253448913,87.03331923088356,997.3884408703695,0.00379790823337529,3.5440411959177096,55,0,-5,0,9,-16
2026-05-28 11:00:00,3.5440723388664725,21.974605904621605,87.17976504853081,997.340864731224,0.0032899446785639693,3.5439161243490642,55,0,-5,0,9,-16
2026-05-28 11:10:00,3.5422685908487224,21.956429180589197,87.32242318457041,997.2917543325319,0.0027341514610802623,3.542117325808177,55,0,-5,0,9,-16
2026-05-28 11:20:00,3.538844145967979,21.938071101021787,87.4618965349837,997.2404471472682,0.0021523074256791425,3.5386978304042955,55,0,-5,0,9,-16
2026-05-28 11:30:00,3.5338520343334867,21.919390404549265,87.59878799575195,997.1862806484078,0.0015661914171155832,3.533710668246667,55,0,-5,0,9,-16
2026-05-28 11:40:00,3.5273452860544956,21.900245829801538,87.73370046285655,997.1285923089265,0.0009975822801445578,3.5272088694445385,55,0,-5,0,9,-16
2026-05-28 11:50:00,3.519376931240251,21.880496115408484,87.86723683227879,997.0667196017987,0.000468258859521039,3.519245464107157,55,0,-5,0,9,-16
2026-05-28 12:00:00,3.51,21.86,88.0,997.0,0.0,3.5098736543882727,55,0,-5,0,9,-16
2026-05-28 12:10:00,3.499270814110794,21.838658678072385,88.1324308556663,996.9279055877244,-0.00039001786510011024,3.499151089265396,55,0,-5,0,9,-16
2026-05-28 12:20:00,3.487258862020896,21.816543167587596,88.26432226358311,996.8504468940421,-0.0007030279482069461,3.487145929986332,55,0,-5,0,9,-16
2026-05-28 12:30:00,3.4740369238463753,21.793766942373995,88.3953050817206,996.7677690592427,-0.0009448658731846834,3.4739307846226444,55,0,-5,0,9,-16
2026-05-28 12:40:00,3.459677779703301,21.770443476259953,88.525010168049,996.680017223616,-0.001121367263897502,3.459578433290402,55,0,-5,0,9,-16
2026-05-28 12:50:00,3.4442542097077378,21.74668624307382,88.65306838053846,996.5873365274506,-0.0012383677442095785,3.444161656105672,55,0,-5,0,9,-16
2026-05-28 13:00:00,3.427838993975755,21.72260871664397,88.77911057715917,996.4898721110363,-0.0013017029379850907,3.4277532331845233,55,0,-5,0,9,-17
2026-05-28 13:10:00,3.410504912623422,21.698324370798762,88.90276761588142,996.3877691146628,-0.0013172084690882175,3.410425944643023,55,0,-5,0,9,-17
2026-05-28 13:20:00,3.392324745766806,21.67394667936656,89.02367035467533,996.2811726786192,-0.001290719961383136,3.3922525705972393,55,0,-5,0,9,-17
2026-05-28 13:30:00,3.3733712735219736,21.64958911617573,89.14144965151108,996.1702279431948,-0.0012280730387340241,3.3733058911632403,55,0,-5,0,9,-17
2026-05-28 13:40:00,3.3537172760049945,21.625365155054638,89.25573636435895,996.0550800486795,-0.0011351033250050597,3.3536586864570936,55,0,-5,0,9,-17
2026-05-28 13:50:00,3.3334355333319348,21.60138826983164,89.36616135118905,995.9358741353619,-0.0010176464440604205,3.3333837365948673,55,0,-5,0,9,-17
2026-05-28 14:00:00,3.3125988256188643,21.577771934335107,89.47235546997163,995.8127553435321,-0.0008815380197642848,3.31255382169263,55,1,-5,0,9,-17
2026-05-28 14:10:00,3.29127993298185,21.5546296223934,89.57394957867689,995.6858688134795,-0.0007326136759808306,3.2912417218664483,54,1,-5,0,9,-17
2026-05-28 14:20:00,3.26955163553696,21.53207480783489,89.670574535275,995.5553596854932,-0.0005767090365742349,3.2695202172323907,54,1,-5,0,9,-17
2026-05-28 14:30:00,3.247486713400261,21.51022096448792,89.76186119773615,995.4213730998625,-0.0004196597254086759,3.247462087906526,54,1,-5,0,9,-18
2026-05-28 14:40:00,3.2251579466878235,21.489181566180882,89.84744042403058,995.2840541968773,-0.0002673013663483322,3.2251401140049207,54,1,-5,0,9,-18
2026-05-28 14:50:00,3.202638115515714,21.469070086742118,89.92694307212847,995.1435481168267,-0.00012546958325738083,3.2026270756436443,54,1,-5,0,9,-18
2026-05-28 15:00:00,3.18,21.45,90.0,995.0,0.0,3.17999077670193,54,1,-5,0,9,-18
2026-05-28 15:10:00,3.157221171643877,21.43206348747252,90.06627773354593,994.8537159253806,0.0001045049719872852,3.1571704005702634,54,1,-5,0,9,-18
2026-05-28 15:20:00,3.133898367499044,21.41526756143616,90.12558547038923,994.705645726726,0.00018837577097856036,3.133801072413055,54,1,-5,0,9,-18
2026-05-28 15:30:00,3.1095331160043287,21.399597941857046,90.17776807608342,994.556900176488,0.00025317604767556356,3.109389296905964,54,1,-5,0,9,-18
2026-05-28 15:40:00,3.0836269455985588,21.3850403487013,90.22267041618205,994.4085900471188,0.00030046945278003323,3.0834366024878173,54,1,-5,0,9,-19
2026-05-28 15:50:00,3.0556813847205597,21.371580501935032,90.26013735623862,994.2618261110688,0.0003318196369937077,3.0554445175974423,54,1,-5,0,9,-19
2026-05-28 16:00:00,3.0251979618091593,21.359204121524364,90.29001376180665,994.1177191407905,0.00034879025101832486,3.0249145706736655,54,1,-5,0,9,-19
2026-05-28 16:10:00,2.9916782053031836,21.34789692743541,90.31214449843966,993.9773799087351,0.00035294494555562333,2.991348290155314,54,1,-5,0,9,-19
2026-05-28 16:20:00,2.9546236436414604,21.3376446396343,90.32637443169124,993.8419191873545,0.0003458473713073411,2.9542472044812143,54,1,-5,0,9,-19
2026-05-28 16:30:00,2.9135358052628155,21.328432978087132,90.33254842711479,993.7124477490997,0.00032906117897521655,2.913112842090194,54,1,-5,0,9,-19
2026-05-28 16:40:00,2.867916218606077,21.32024766276004,90.33051135026393,993.5900763664231,0.00030415001926098787,2.867446731421079,54,1,-5,0,9,-19
2026-05-28 16:50:00,2.817266412110071,21.313074413619134,90.32010806669214,993.4759158117756,0.00027267754286639336,2.8167504009126967,53,1,-5,0,9,-20
2026-05-28 17:00:00,2.761087914213624,21.306898950630533,90.30118344195297,993.3710768576091,0.00023620740049317123,2.760525379003874,53,1,-5,0,9,-20
2026-05-28 17:10:00,2.6988822533555648,21.301706993760362,90.27358234159993,993.2766702763754,0.00019630324284305967,2.6982731941334377,53,2,-5,0,9,-20
2026-05-28 17:20:00,2.6301509579747178,21.297484262974738,90.23714963118655,993.1938068405257,0.00015452872061779706,2.6294953747402148,53,2,-5,0,9,-20
2026-05-28 17:30:00,2.55439555650991,21.29421647823976,90.19173017626632,993.1235973225114,0.00011244748451912144,2.5536934492630317,53,2,-5,0,9,-20
2026-05-28 17:40:00,2.471117577399971,21.291889359521573,90.13716884239282,993.067152494785,7.162318524877131e-05,2.4703689461407157,53,2,-5,0,9,-20
2026-05-28 17:50:00,2.379818549083725,21.29048862678628,90.07331049511954,993.0255831297973,3.361947350848469e-05,2.3790233938120933,52,2,-5,0,9,-20
2026-05-28 18:00:00,2.28,21.29,90.0,993.0,0.0,2.27917653007058,52,2,-5,0,9,-20
2026-05-28 18:10:00,2.1715118518514225,21.29051707025428,89.91658715390854,992.9910784473791,-2.800202284903019e-05,2.1708187487827666,52,3,-5,0,9,-20
2026-05-28 18:20:00,2.055597599395821,21.292564913142375,89.82044147900257,992.9977520920578,-5.047513570729538e-05,2.055053072542518,52,3,-5,0,9,-20
2026-05-28 18:30:00,1.933849130654825,21.29677647538298,89.70843742876042,993.0185191236927,-6.783831751757069e-05,1.933453180016874,51,3,-5,0,9,-20
2026-05-28 18:40:00,1.807858333650063,21.30378470369478,89.57744945666033,993.0518777319423,-8.05105472226313e-05,1.8076109592274636,51,3,-5,0,9,-20
2026-05-28 18:50:00,1.679217096403163,21.31422254479646,89.42435201618053,993.0963261064629,-8.891080376525226e-05,1.6791182981959156,51,3,-5,0,9,-20
2026-05-28 19:00:00,1.5495173069357537,21.328722945406707,89.24601956079931,993.1503624369121,-9.345806608820872e-05,1.5495670849438588,50,3,-5,0,9,-20
2026-05-28 19:10:00,1.420350853269465,21.347918852244206,89.03932654399493,993.2124849129475,-9.457131313427583e-05,1.4205492074929216,50,3,-5,0,9,-20
2026-05-28 19:20:00,1.2933096234259247,21.37244321202765,88.80114741924565,993.2811917242262,-9.266952384622871e-05,1.293656553864733,50,3,-5,0,9,-20
2026-05-28 19:30:00,1.169985505426761,21.402928971475724,88.5283566400297,993.3549810604052,-8.817167716684244e-05,1.1704810120809215,50,3,-5,0,9,-20
2026-05-28 19:40:00,1.0519703872936037,21.44000907730711,88.21782865982539,993.4323511111425,-8.149675203889215e-05,1.0526144701631164,49,3,-5,0,9,-20
2026-05-28 19:50:00,0.9408561570480809,21.484316476240497,87.86643793211093,993.5118000660946,-7.306372740515293e-05,0.9416488161329455,49,3,-5,0,9,-19
2026-05-28 20:00:00,0.8382347027118213,21.536484114994572,87.47105891036459,993.5918261149193,-6.329158220840001e-05,0.8391759380120379,49,2,-5,0,9,-19
2026-05-28 20:10:00,0.7456979123064539,21.597144940288032,87.02856604806466,993.6709274472738,-5.259929539140842e-05,0.7467877238220223,49,2,-5,0,9,-19
2026-05-28 20:20:00,0.6648376738536068,21.666931898839554,86.5358337986894,993.7476022528158,-4.140584589695331e-05,0.6660760615845275,48,2,-5,0,9,-19
2026-05-28 20:30:00,0.5972458753749091,21.746477937367814,85.989736615717,993.8203487212018,-3.0130212667809765e-05,0.5986328393211818,48,2,-5,0,9,-19
2026-05-28 20:40:00,0.5445144048919899,21.836416002591527,85.38714895262584,993.8876650420898,-1.919137464675296e-05,0.5460499450536144,48,1,-5,0,9,-19
2026-05-28 20:50:00,0.5082351504264772,21.937379041229356,84.72494526289407,993.9480494051368,-9.00831077655801e-06,0.5099192668034538,48,1,-5,0,8,-19
2026-05-28 21:00:00,0.49,22.05,84.0,994.0,0.0,0.49180560873134016,48,0,-4,0,8,-19
2026-05-28 21:10:00,0.490882655518334,22.174669671839585,83.21061782091599,994.0423955251579,7.503119408835475e-06,0.49257374010113697,48,0,-4,0,8,-19
2026-05-28 21:20:00,0.5098840744238424,22.31081023455399,82.36082419659084,994.0756367143711,1.3524771850621113e-05,0.5114335509971195,48,0,-4,0,8,-19
2026-05-28 21:30:00,0.5454870280430351,22.45760171216656,81.45607480146744,994.1005048102212,1.8177222394719145e-05,0.5468948966067868,48,1,-4,0,8,-19
2026-05-28 21:40:00,0.5961742877024228,22.61422412870063,80.5018253099887,994.1177810552905,2.157273611049182e-05,0.5974405482566486,48,1,-4,0,8,-19
2026-05-28 21:50:00,0.6604286247285154,22.779857508179525,79.5035313965975,994.12824669216,2.382357806730136e-05,0.6615532772732154,48,2,-4,0,8,-19
2026-05-28 22:00:00,0.736732810447823,22.953681874626568,78.46664873573677,994.132682963412,2.5042013334510022e-05,0.7377158549829974,49,2,-4,0,8,-19
2026-05-28 22:10:00,0.8235696161868559,23.134877252065102,77.39663300184941,994.131871111628,2.5340306981480036e-05,0.8244110527125046,49,2,-3,0,8,-19
2026-05-28 22:20:00,0.9194218132721244,23.32262366451846,76.29893986937833,994.1265923793899,2.4830724077573644e-05,0.9201216417882473,49,2,-3,0,8,-19
2026-05-28 22:30:00,1.0227721730301385,23.516101136009965,75.17902501276636,994.1176280092787,2.362552969215308e-05,1.0233303935367357,49,3,-3,0,8,-19
2026-05-28 22:40:00,1.1321034667874084,23.714489690562953,74.04234410645651,994.1057592438773,2.1836988894580595e-05,1.1325200792844798,49,3,-3,0,7,-19
2026-05-28 22:50:00,1.2458984658704442,23.916969352200756,72.89435282489158,994.0917673257663,1.9577366754218418e-05,1.2461734703579903,50,3,-3,0,7,-19
2026-05-28 23:00:00,1.3626399416057562,24.122720144946697,71.74050684251453,994.0764334975281,1.6958928340428794e-05,1.3627733380837765,50,3,-2,0,7,-19
2026-05-28 23:10:00,1.4808106653198547,24.33092209282412,70.58626183376829,994.0605390017442,1.409393872257396e-05,1.4808024537883493,50,3,-2,0,7,-19
2026-05-28 23:20:00,1.59889340833925,24.540755219856358,69.4370734730957,994.0448650809966,1.109466297001615e-05,1.5987435887982187,51,3,-2,0,7,-19
2026-05-28 23:30:00,1.7153709419904517,24.75139955006672,68.29839743493963,994.0301929778662,8.073366152117609e-06,1.715079514439895,51,3,-2,0,7,-19
2026-05-28 23:40:00,1.8287260375999708,24.96203510747857,67.17568939374308,994.0173039349359,5.142313338240579e-06,1.828293002039888,51,3,-2,0,7,-19
2026-05-28 23:50:00,1.937441466494317,25.171841916115216,66.07440502394891,994.0069791947865,2.4137695977472934e-06,1.936866822924708,51,3,-1,0,7,-19
2026-05-29 00:00:00,2.04,25.38,65.0,994.0,0.0,2.039305045977996,52,2,-1,0,6,-19
2026-05-29 00:10:00,2.1352918882151593,25.5857116497948,63.95750534843574,993.9969183271611,-2.0104547863117494e-06,2.134662216738611,52,2,-1,0,6,-19
2026-05-29 00:20:00,2.223837296324447,25.78826822271572,62.9502535041814,993.9973690888673,-3.6239516951891083e-06,2.2232942049504847,52,2,-1,0,6,-19
2026-05-29 00:30:00,2.3065638682841443,25.986983342617403,61.981152254258696,994.0007579317181,-4.8705720613059125e-06,2.306107357012769,52,2,-1,0,6,-19
2026-05-29 00:40:00,2.3843992480505336,26.181170633354533,61.05310938568942,994.0064905023147,-5.780397219336e-06,2.3840293168817444,52,2,0,0,6,-19
2026-05-29 00:50:00,2.458271079579894,26.370143718781726,60.16903268549525,994.013972447256,-6.383508503953208e-06,2.4579877285136913,53,2,0,0,6,-19
2026-05-29 01:00:00,2.5291070068285086,26.55321622275366,59.331829940697965,994.0226094131432,-6.7099872498313645e-06,2.5289102358648923,53,2,0,0,6,-19
2026-05-29 01:10:00,2.5978346737526574,26.729701769124983,58.5444089383193,994.0318070465758,-6.789914791644315e-06,2.5977244828916275,53,2,0,0,6,-19
2026-05-29 01:20:00,2.665381724308623,26.898913981750347,57.80967746538099,994.0409709941545,-6.653372464065893e-06,2.6653581135501785,53,2,0,0,6,-19
2026-05-29 01:30:00,2.7326758024526843,27.0601664844844,57.13054330890477,994.0495069024789,-6.330441601769928e-06,2.7327387717968263,53,2,1,0,6,-19
2026-05-29 01:40:00,2.800644552141125,27.212772901181808,56.509914255912385,994.0568204181499,-5.851203539430265e-06,2.8007941015878526,53,2,1,0,6,-19
2026-05-29 01:50:00,2.870215617330224,27.356046855697212,55.95069809342556,994.062317187767,-5.245739611720734e-06,2.8704517468795383,54,2,1,0,6,-19
2026-05-29 02:00:00,2.942316641976263,27.489301971885276,55.45580260846605,994.0654028579305,-4.544131153315176e-06,2.9426393516281646,54,2,1,0,6,-19
2026-05-29 02:10:00,3.017875270035525,27.611851873600646,55.028135588055605,994.065483075241,-3.7764594988874203e-06,3.0182845597900116,54,2,1,0,6,-19
2026-05-29 02:20:00,3.09781914546429,27.72301018469798,54.67060481921595,994.0619634862985,-2.972805983111308e-06,3.0983150153213628,54,2,1,0,5,-19
2026-05-29 02:30:00,3.1830759122188375,27.82209052903192,54.3861180889688,994.0542497377027,-2.1632519406606733e-06,3.1836583621784977,54,2,1,0,5,-19
2026-05-29 02:40:00,3.2745732142554522,27.908406530457142,54.177583184335944,994.0417474760544,-1.377878706209353e-06,3.2752422443176976,54,2,1,0,5,-19
2026-05-29 02:50:00,3.3732386955304126,27.981271812828286,54.0479078923391,994.0238623479534,-6.46767614431184e-07,3.3739943056952435,55,2,1,0,5,-19
2026-05-29 03:00:00,3.48,28.04,54.0,994.0,0.0,3.4808155406900085,55,3,2,0,5,-19
2026-05-29 03:10:00,3.5952748945016877,28.084266993727447,54.03412073047136,993.9697596984332,5.38699736411518e-07,3.595918133685159,55,3,2,0,5,-19
2026-05-29 03:20:00,3.717441637397711,28.11519780736776,54.13994505142979,993.9335151880472,9.710349301353196e-07,3.7178859254972356,55,3,2,0,5,-19
2026-05-29 03:30:00,3.8443686099314966,28.13427973217859,54.30450136668289,993.8918338332754,1.3050658505045083e-06,3.8446139469470753,56,3,2,0,5,-19
2026-05-29 03:40:00,3.973924193346472,28.14300005941759,54.51481808003827,993.8452829985514,1.5488527668521887e-06,3.973970579278103,56,3,2,0,5,-19
2026-05-29 03:50:00,4.1039767688860636,28.14284608034238,54.757923595303474,993.7944300483077,1.7104559485114654e-06,4.103824203733747,56,3,2,0,5,-19
2026-05-29 04:00:00,4.232394717793697,28.135305086210614,55.02084631628611,993.7398423469779,1.7979356648154439e-06,4.232043201557434,57,3,2,0,6,-19
2026-05-29 04:10:00,4.3570464213128,28.121864368279933,55.29061464679377,993.6820872589955,1.8193521850972286e-06,4.356495953992591,57,3,2,0,6,-19
2026-05-29 04:20:00,4.475800260686801,28.104011217807987,55.55425699063405,993.6217321487933,1.7827657786899245e-06,4.475050842282644,57,3,2,0,6,-19
2026-05-29 04:30:00,4.586524617159124,28.08323292605241,55.798801751614526,993.5593443808045,1.6962367149266351e-06,4.585576247671019,57,3,2,0,6,-19
2026-05-29 04:40:00,4.687087871973198,28.06101678427085,56.01127733354279,993.4954913194629,1.5678252631404657e-06,4.685940551401147,58,2,2,0,6,-20
2026-05-29 04:50:00,4.775358406372447,28.03885008372094,56.17871214022643,993.4307403292008,1.4055916926645218e-06,4.7740121347164495,58,2,2,0,6,-20
2026-05-29 05:00:00,4.8492046016003005,28.018220115660338,56.28813457547304,993.3656587744522,1.2175962728319069e-06,4.847659378860357,58,2,1,0,6,-20
2026-05-29 05:10:00,4.906494838900184,28.000614171346673,56.3265730430902,993.3008140196503,1.0118992729757268e-06,4.904750665076294,58,1,1,0,6,-20
2026-05-29 05:20:00,4.945097499515526,27.987519542037596,56.28105594688552,993.2367734292279,7.965609624290845e-07,4.943154374607689,58,1,1,0,6,-20
2026-05-29 05:30:00,4.962880964689751,27.980423518990747,56.13861169066656,993.1741043676183,5.79641610525086e-07,4.960738888697967,58,0,1,0,6,-20
2026-05-29 05:40:00,4.957713615666289,27.980813393463773,55.88626867824094,993.1133741992552,3.692014865968363e-07,4.955372588590557,58,0,1,0,6,-20
2026-05-29 05:50:00,4.927463833688563,27.99017645671431,55.51105531341622,993.0551502885713,1.733008599774391e-07,4.924923855528884,58,1,1,0,6,-20
2026-05-29 06:00:00,4.87,28.01,55.0,993.0,0.0,4.867319037261056,58,1,1,0,6,-20
2026-05-29 06:10:00,4.784299548867254,28.041174421934656,54.34616948002175,992.9486313564726,-1.4434415933432526e-07,4.781982738232688,58,2,2,0,5,-20
2026-05-29 06:20:00,4.673776126649868,28.082202550556715,53.56678384839844,992.9023150149106,-2.6018802535217077e-07,4.671881434624359,58,3,2,0,5,-20
2026-05-29 06:30:00,4.542952432730608,28.130990321260793,52.68510153826892,992.8624622907347,-3.4969134071211954e-07,4.54147985931416,57,3,2,0,5,-20
2026-05-29 06:40:00,4.3963511664922486,28.185443669441515,51.72438098277205,992.8304844993648,-4.1501384807275424e-07,4.3953007116848575,57,4,2,0,5,-20
2026-05-29 06:50:00,4.238495027317556,28.243468530493473,50.70788061504667,992.8077929562206,-4.5831529009265736e-07,4.237866691119223,57,4,2,0,5,-20
2026-05-29 07:00:00,4.073906714589297,28.30297083981128,49.658858868231626,992.7957989767222,-4.817554094304121e-07,4.073700497000022,56,4,2,0,5,-20
2026-05-29 07:10:00,3.9071089276902424,28.36185653278956,48.600574175465795,992.7959138762898,-4.874939487446011e-07,3.9073248287100264,56,4,2,0,5,-20
2026-05-29 07:20:00,3.742624366003162,28.418031544822913,47.556284969888004,992.8095489703431,-4.776906506938071e-07,3.7432623856320038,56,4,2,0,5,-20
2026-05-29 07:30:00,3.584975728910822,28.469401811305953,46.54924968463711,992.8381155743024,-4.545052579366125e-07,3.586035867148723,55,4,2,0,5,-20
2026-05-29 07:40:00,3.438685715795993,28.51387326763329,45.60272675285197,992.8830250035877,-4.2009751313160053e-07,3.4401679726429526,55,4,2,0,5,-20
2026-05-29 07:50:00,3.3082770260414436,28.549351849199528,44.739974607671435,992.9456885736184,-3.766271589373535e-07,3.310181401497461,55,3,2,0,4,-20
2026-05-29 08:00:00,3.198272359029942,28.573743491399295,43.984251682234344,993.0275175998153,-3.262539380124545e-07,3.2005988530950185,54,3,2,0,4,-20
2026-05-29 08:10:00,3.1131944141442576,28.58495412962719,43.35881640967957,993.1299233975981,-2.7113759301548634e-07,3.1159430268183925,54,2,2,0,4,-20
2026-05-29 08:20:00,3.0575658907671595,28.58088969927783,42.88692722314594,993.2543172823869,-2.134378666050313e-07,3.060736622050352,54,1,2,0,4,-20
2026-05-29 08:30:00,3.035909488281415,28.55945613574581,42.59184255577231,993.4021105696011,-1.5531450143967223e-07,3.039502338173667,54,1,2,0,4,-20
2026-05-29 08:40:00,3.0527479060697953,28.518559374425763,42.49682084069755,993.5747145746616,-9.892724017799231e-08,3.0567628745711053,54,0,2,0,4,-19
2026-05-29 08:50:00,3.1126038435150676,28.45610535071229,42.6251205110605,993.773540612988,-4.643582547857404e-08,3.1170409306254356,54,1,2,0,4,-19
2026-05-29 09:00:00,3.22,28.37,43.0,994.0,0.0,3.2247777551674606,54,3,2,0,4,-19
2026-05-29 09:10:00,3.3779007097549516,28.258849104542172,43.6350422273566,994.2547477974879,3.867690092578167e-08,3.382309349598086,55,4,2,0,4,-19
2026-05-29 09:20:00,3.5830368464006277,28.12405783402677,44.50512805977755,994.5354140527216,6.971717127336261e-08,3.5869949203674705,55,5,2,0,4,-18
2026-05-29 09:30:00,3.830580918405327,27.967731205000426,45.57546285061177,994.8388725593408,9.369951234396894e-08,3.8340884264958777,56,6,1,0,5,-18
2026-05-29 09:40:00,4.115705434237347,27.79197423400977,46.811251953208256,995.1619971109857,1.1120262543882709e-07,4.1187623764516035,56,7,1,0,5,-18
2026-05-29 09:50:00,4.4335829023649795,27.598891937601426,48.1777007209159,995.5016615012956,1.2280521185916327e-07,4.436189278702944,57,8,1,0,5,-17
2026-05-29 10:00:00,4.779385831256525,27.390589332322023,49.64001450708365,995.8547395239107,1.2908597290620378e-07,4.7815416417181975,58,8,1,0,5,-17
2026-05-29 10:10:00,5.148286729380277,27.16917143471819,51.16339866506046,996.2181049724709,1.3062360988117502e-07,5.149991973965657,59,9,1,0,5,-17
2026-05-29 10:20:00,5.535458105204534,26.936743261336574,52.71305854819527,996.588631640616,1.279968240853031e-07,5.536712783913621,60,9,0,0,5,-16
2026-05-29 10:30:00,5.93607246719759,26.69540982872378,54.254199509837015,996.9631933219856,1.217843168198145e-07,5.936876580030385,61,10,0,0,5,-16
2026-05-29 10:40:00,6.345302323827744,26.447276153426447,55.752026903334645,997.3386638102199,1.1256478938593533e-07,6.345655870784247,62,10,0,0,6,-16
2026-05-29 10:50:00,6.7583201835632885,26.194447251991207,57.171746082037075,997.7119168989584,1.0091694308489197e-07,6.7582231646435,63,10,0,0,6,-15
2026-05-29 11:00:00,7.170298554872524,25.93902814096469,58.47856239929325,998.0798263818413,8.741947921791077e-08,7.169750970076444,63,10,-1,0,6,-15
2026-05-29 11:10:00,7.576409946223745,25.68312383689352,59.63768120845215,998.4392660525084,7.265109908621797e-08,7.575411795551371,64,10,-1,0,6,-15
2026-05-29 11:20:00,7.971826866085249,25.428839356324346,60.61430786286268,998.7871097045995,5.719050399103984e-08,7.970378149536582,65,10,-1,0,6,-14
2026-05-29 11:30:00,8.351721822925327,25.178279715803765,61.37364771587378,999.120231131754,4.161639523360266e-08,8.34982254050037,66,9,-1,0,6,-14
2026-05-29 11:40:00,8.711267325212281,24.93354993187843,61.88090612083442,999.4355041276126,2.650747411513276e-08,8.708917476911033,67,9,-2,0,6,-14
2026-05-29 11:50:00,9.045635881414407,24.69675502109497,62.10128843109351,999.7298024858146,1.2442441936856435e-08,9.042835467236864,68,8,-2,0,6,-13
2026-05-29 12:00:00,9.35,24.47,62.0,1000.0,0.0,9.346807591817615,69,7,-2,0,6,-13
2026-05-29 12:10:00,9.620652824732971,24.254962081707344,61.553647893130744,1000.2437972066622,-1.0363444368801786e-08,9.617578834568386,69,7,-2,0,6,-13
2026-05-29 12:20:00,9.858370040559691,24.051607265599554,60.784446024974244,1000.4622016137088,-1.868065974127982e-08,9.85547304028436,70,6,-2,0,6,-13
2026-05-29 12:30:00,10.065047967722153,23.859473747626357,59.7260100222469,1000.6570474719011,-2.5106708663756555e-08,10.062327957336075,70,5,-3,0,6,-12
2026-05-29 12:40:00,10.242582926462346,23.678099723737507,58.41195551166518,1000.8301690320011,-2.979665368255442e-08,10.240039905965519,71,4,-3,0,6,-12
2026-05-29 12:50:00,10.392871237022254,23.507023389882715,56.87589811994543,1000.9834005447693,-3.290555734399584e-08,10.390505206414678,71,4,-3,0,6,-12
2026-05-29 13:00:00,10.517809219643864,23.345782942011724,55.15145347380412,1001.1185762609675,-3.458848219440321e-08,10.515620178925541,71,3,-3,0,6,-12
2026-05-29 13:10:00,10.619293194569169,23.193916576074276,53.27223719995764,1001.237530431357,-3.500049078009901e-08,10.6172811437401,71,2,-3,0,5,-12
2026-05-29 13:20:00,10.69921948204016,23.050962488020097,51.2718649251224,1001.3420973066991,-3.42966456474056e-08,10.69738442110034,72,2,-3,0,5,-12
2026-05-29 13:30:00,10.759484402298819,22.916458873798927,49.18395227601483,1001.4341111377546,-3.263200934264544e-08,10.757826331248253,72,1,-4,0,5,-12
2026-05-29 13:40:00,10.801984275587136,22.789943929360508,47.042114879351324,1001.5154061752858,-3.0161644412140955e-08,10.800503194425824,72,1,-4,0,5,-11
2026-05-29 13:50:00,10.828615422147099,22.670955850654554,44.87996836184831,1001.587816670053,-2.704061340221455e-08,10.82731133087504,72,1,-4,0,4,-11
2026-05-29 14:00:00,10.8412741622207,22.559032833630813,42.73112835022222,1001.6531768728184,-2.342397885918868e-08,10.840147060837891,72,0,-4,0,4,-11
2026-05-29 14:10:00,10.841856816049924,22.453713074239026,40.62921047118946,1001.7133210343429,-1.9466803329385734e-08,10.84090670455637,72,0,-4,0,4,-11
2026-05-29 14:20:00,10.832259703876762,22.354534768428916,38.60783035146643,1001.7700834053882,-1.532414935912817e-08,10.831486582272456,72,0,-4,0,4,-11
2026-05-29 14:30:00,10.814379145943196,22.261036112150222,36.700603617769545,1001.8252982367148,-1.1151079494738376e-08,10.813783014228147,72,0,-4,0,4,-11
2026-05-29 14:40:00,10.790111462491225,22.172755301352687,34.94114589681524,1001.880799779085,-7.102656282538805e-09,10.789692320665427,72,1,-4,0,3,-11
2026-05-29 14:50:00,10.76135297376283,22.089230531986036,33.36307281531992,1001.9384222832596,-3.333942268851868e-09,10.761110821826282,72,1,-4,0,3,-11
2026-05-29 15:00:00,10.73,22.01,32.0,1002.0,0.0,10.72991006869148,72,1,-5,0,3,-11
2026-05-29 15:10:00,10.697474959763099,21.93467191019223,30.87704658420822,1002.067045543216,2.776876549425358e-09,10.697321402663343,72,1,-5,0,3,-11
2026-05-29 15:20:00,10.66330466488598,21.86313450275196,29.985345727842624,1002.1397849794114,5.005467691756638e-09,10.663062712733767,72,1,-5,0,3,-11
2026-05-29 15:30:00,10.626542025520868,21.795346026716338,29.30753409743758,1002.2181227382383,6.727322311057234e-09,10.626211678316198,72,1,-5,0,3,-11
2026-05-29 15:40:00,10.586239951819994,21.73126473112252,28.82624835952747,1002.3019632493498,7.983989291390562e-09,10.585821209562862,71,1,-5,0,3,-11
2026-05-29 15:50:00,10.541451353935585,21.67084886500764,28.524125180646642,1002.3912109423972,8.817017516820022e-09,10.540944216625997,71,1,-5,0,3,-11
2026-05-29 16:00:00,10.491229142019867,21.61405667740885,28.38380122732948,1002.485770247033,9.267955871409013e-09,10.490633609657818,71,1,-5,0,3,-11
2026-05-29 16:10:00,10.434626226225069,21.5608464173633,28.387913166110362,1002.5855455929099,9.378353239220954e-09,10.433942298810562,71,1,-5,0,3,-10
2026-05-29 16:20:00,10.370695516703417,21.51117633390814,28.519097663523645,1002.6904414096799,9.189758504319233e-09,10.369923194236453,71,2,-5,0,3,-10
2026-05-29 16:30:00,10.29848992360714,21.465004676080508,28.759991386103692,1002.8003621269951,8.743720550767264e-09,10.297629206087716,71,2,-5,0,3,-10
2026-05-29 16:40:00,10.217062357088464,21.422289692917552,29.09323100038489,1002.915212174508,8.081788262628448e-09,10.216113244516581,71,2,-5,0,3,-10
2026-05-29 16:50:00,10.125465727299613,21.382989633456425,29.5014531729016,1003.0348959818708,7.245510523966192e-09,10.124428219675274,70,2,-5,0,3,-10
2026-05-29 17:00:00,10.022752944392822,21.34706274673427,29.967294570188187,1003.1593179787358,6.2764362188439e-09,10.021627041716023,70,2,-5,0,3,-10
2026-05-29 17:10:00,9.907976918520315,21.314467281788232,30.47339185877904,1003.2883825947554,5.2161142313249735e-09,9.906762620791058,70,3,-5,0,3,-10
2026-05-29 17:20:00,9.78019055983432,21.285161487655465,31.002381705208506,1003.4219942595818,4.106093445472819e-09,9.778887867052601,70,3,-5,0,3,-10
2026-05-29 17:30:00,9.638446778487062,21.259103613373107,31.536900776010963,1003.5600574028667,2.9879227453508378e-09,9.637055690652888,69,3,-5,0,3,-9
2026-05-29 17:40:00,9.481798484630772,21.236251907978318,32.059585737720795,1003.7024764542637,1.9031510150224373e-09,9.480319001744137,69,4,-5,0,3,-9
2026-05-29 17:50:00,9.309298588417676,21.216564620508233,32.553073256872345,1003.8491558434239,8.933271385510238e-10,9.30773071047858,68,4,-5,0,3,-9
2026-05-29 18:00:00,9.12,21.2,33.0,1004.0,0.0,9.118369534422412,68,5,-5,0,3,-9
2026-05-29 18:10:00,8.913449393827804,21.18659033239343,33.38638250529015,1004.1548587549044,-7.440618288996644e-10,8.911981233790579,68,5,-5,0,3,-9
2026-05-29 18:20:00,8.691168501542482,21.17666405123898,33.7117567975373,1004.3133635440911,-1.3412110257467283e-09,8.689888454459584,67,5,-5,0,3,-9
2026-05-29 18:30:00,8.45517281908326,21.170623626989762,33.97903877318793,1004.4750912047734,-1.8025805804723843e-09,8.45408088495469,66,6,-5,0,3,-9
2026-05-29 18:40:00,8.207477842389363,21.168871530098908,34.191144328688615,1004.6396185741661,-2.139303483007828e-09,8.20657402121512,66,6,-5,0,3,-8
2026-05-29 18:50:00,7.950099067400013,21.171810231019517,34.35098936048582,1004.8065224894823,-2.3625127232842524e-09,7.9493833591801,65,6,-5,0,3,-8
2026-05-29 19:00:00,7.685051990054438,21.179842200204718,34.46148976502607,1004.9753797879362,-2.4833412912328494e-09,7.684524394788853,65,6,-5,0,3,-8
2026-05-29 19:10:00,7.414352106291865,21.193369908107627,34.52556143875592,1005.145767306742,-2.5129221767848154e-09,7.414012623980607,64,7,-5,0,3,-8
2026-05-29 19:20:00,7.1400149120515195,21.212795825181367,34.546120278121855,1005.3172618831135,-2.4623883698713418e-09,7.139863542694588,63,7,-5,0,3,-8
2026-05-29 19:30:00,6.864055903272621,21.238522421879043,34.526082179570395,1005.4894403542644,-2.3428728604236204e-09,6.864092646870018,63,7,-5,0,3,-8
2026-05-29 19:40:00,6.588490575894402,21.270952168653785,34.468363039548066,1005.6618795574088,-2.1655086383728477e-09,6.588715432446124,62,7,-5,0,3,-7
2026-05-29 19:50:00,6.315334425856079,21.3104875359587,34.37587875450137,1005.8341563297605,-1.9414286936502167e-09,6.315747395362133,62,7,-5,0,3,-7
2026-05-29 20:00:00,6.0466029490968864,21.35753099424691,34.25154522087684,1006.0058475085337,-1.6817660161869202e-09,6.047204031557267,61,7,-5,0,3,-7
2026-05-29 20:10:00,5.7843116415560445,21.41248501397154,34.098278335120995,1006.1765299309421,-1.3976535959141512e-09,5.785100836970753,60,6,-5,0,3,-7
2026-05-29 20:20:00,5.530475999172782,21.475752065585702,33.91899399368034,1006.3457804341997,-1.1002244227631042e-09,5.531453307541816,60,6,-5,0,3,-7
2026-05-29 20:30:00,5.287111517886319,21.547734619542503,33.71660809300139,1006.5131758555201,-8.006114866649716e-10,5.288276939209681,59,6,-5,0,3,-6
2026-05-29 20:40:00,5.0562336936358845,21.62883514629508,33.494036529530675,1006.678293032118,-5.09947777550948e-10,5.057587227913575,59,6,-5,0,3,-6
2026-05-29 20:50:00,4.839858022360703,21.71945611629654,33.25419519971471,1006.8407088012065,-2.3936628535222603e-10,4.84139966959272,58,5,-5,0,3,-6
2026-05-29 21:00:00,4.64,21.82,33.0,1007.0,0.0,4.641707850317539,58,5,-5,0,3,-6
2026-05-29 21:10:00,4.458255928574515,21.93063857093364,32.73465933427452,1007.1557690942305,1.9937076617329767e-10,4.459939053120837,57,4,-5,0,3,-6
2026-05-29 21:20:00,4.294545334431054,22.050620814925864,32.462551636192025,1007.3077210637031,3.59376411230276e-10,4.296181823337353,57,4,-4,0,3,-6
2026-05-29 21:30:00,4.148368549997936,22.17896502088015,32.18834784684769,1007.4555865167408,4.830000108323045e-10,4.149958403264212,56,4,-4,0,3,-6
2026-05-29 21:40:00,4.0192259077034835,22.314689477699964,31.916718907336758,1007.5990960616676,5.732246406407526e-10,4.020769125329735,56,3,-4,0,3,-5
2026-05-29 21:50:00,3.906617739976012,22.45681247428876,31.65233575875439,1007.7379803068062,6.330333763169894e-10,3.9081143219622416,56,3,-4,0,3,-5
2026-05-29 22:00:00,3.810044379243845,22.60435229955003,31.399869342195803,1007.8719698604802,6.654092935223849e-10,3.811494325590051,56,2,-4,0,3,-5
2026-05-29 22:10:00,3.7290061579353018,22.756327242387236,31.163990598756193,1008.0007953310126,6.733354679183087e-10,3.730409468641484,56,2,-4,0,3,-5
2026-05-29 22:20:00,3.663003408478703,22.911755591703837,30.949370469530763,1008.1241873267273,6.597949751661301e-10,3.6643600835448606,55,2,-4,0,3,-5
2026-05-29 22:30:00,3.6115364633023663,23.069655636403304,30.7606798956147,1008.2418764559466,6.277708909272183e-10,3.612846502728501,55,1,-3,0,3,-5
2026-05-29 22:40:00,3.5741056548346144,23.229045665389116,30.602589818103223,1008.3535933269948,5.802462908629431e-10,3.5753690586207245,55,1,-3,0,3,-5
2026-05-29 22:50:00,3.550211315503764,23.388943967564728,30.479771178091514,1008.4590685481945,5.202042506346742e-10,3.551428083649852,55,1,-3,0,3,-5
2026-05-29 23:00:00,3.539353777738138,23.548368831833617,30.396894916674775,1008.5580327278693,4.5062784590378094e-10,3.540523910244203,55,0,-3,0,3,-4
2026-05-29 23:10:00,3.5410333739660564,23.70633854709925,30.35863197494822,1008.6502164743426,3.745001523316326e-10,3.542156870832097,55,0,-3,0,3,-4
2026-05-29 23:20:00,3.5547504366158384,23.861871402265106,30.369653294007037,1008.7353503959376,2.9480424557959894e-10,3.555827297841856,55,0,-3,0,3,-4
2026-05-29 23:30:00,3.580005298115803,24.01398568623463,30.434629814946412,1008.8131651009774,2.1452320130904918e-10,3.5810355237017975,55,1,-3,0,3,-4
2026-05-29 23:40:00,3.6162982908942722,24.161699687911312,30.558232478861573,1008.8833911977857,1.3664009518135316e-10,3.6172818808402423,55,1,-2,0,3,-4
2026-05-29 23:50:00,3.6631297473795645,24.304031696198617,30.745132226847698,1008.9457592946854,6.413800285788029e-11,3.664066701685511,55,1,-2,0,3,-4
2026-05-30 00:00:00,3.72,24.44,31.0,1009.0,0.0,3.7208917465205054,55,1,-2,0,3,-4
2026-05-30 00:10:00,3.7864366998302366,24.568830349578462,31.325357386692698,1009.0459674744834,-5.342123579352722e-11,3.787295681298085,56,2,-2,0,3,-4
2026-05-30 00:20:00,3.8620767725302794,24.69057834063506,31.71512856441616,1009.0840100886138,-9.629461917437692e-11,3.862904416800053,56,2,-2,0,3,-4
2026-05-30 00:30:00,3.9465844624064697,24.805507030230366,32.161088357939775,1009.114599765299,-1.2941946285683348e-10,3.94738076947817,56,2,-2,0,3,-4
2026-05-30 00:40:00,4.0396240137651525,24.91387947542498,32.65501159203295,1009.1382084274484,-1.535950795551816e-10,4.040388983638777,56,2,-2,0,3,-4
2026-05-30 00:50:00,4.1408596709126675,25.01595873327946,33.188673091465056,1009.1553079979698,-1.696207819837057e-10,4.141593303588217,56,2,-2,0,3,-4
2026-05-30 01:00:00,4.249955678155358,25.112007860854394,33.75384768100549,1009.1663703997718,-1.782958828566904e-10,4.250657973632833,57,3,-1,0,3,-4
2026-05-30 01:10:00,4.366576279799568,25.20228991521037,34.34231018542367,1009.1718675557635,-1.8041969488842018e-10,4.367247238078969,57,3,-1,0,3,-4
2026-05-30 01:20:00,4.490385720151639,25.287067953407956,34.94583542948896,1009.1722713888528,-1.7679153079317954e-10,4.491025341232964,57,3,-1,0,3,-4
2026-05-30 01:30:00,4.621048243517911,25.366605032507724,35.55619823797076,1009.1680538219483,-1.6821070328525306e-10,4.621656527401162,58,3,-1,0,4,-4
2026-05-30 01:40:00,4.758228094204729,25.441164209570278,36.16517343563848,1009.1596867779589,-1.5547652507892535e-10,4.758805040889905,58,3,-1,0,4,-4
2026-05-30 01:50:00,4.901589516518435,25.511008541656174,36.764535847261484,1009.1476421797925,-1.3938830888848077e-10,4.902135126005535,58,3,-1,0,4,-4
2026-05-30 02:00:00,5.05079675476537,25.576401085826003,37.34606029760919,1009.1323919503584,-1.2074536742820405e-10,5.051311027054397,59,4,-1,0,4,-4
2026-05-30 02:10:00,5.205514053251879,25.637604899140346,37.90152161145099,1009.1144080125644,-1.0034701341237954e-10,5.205996988342831,59,4,-1,0,4,-4
2026-05-30 02:20:00,5.365405656284304,25.694883038659782,38.42269461355627,1009.0941622893197,-7.899255955529188e-11,5.365857254177182,59,4,-1,0,4,-4
2026-05-30 02:30:00,5.530135808168985,25.74849856144488,38.9013541286944,1009.0721267035321,-5.748131857122552e-11,5.530556068863788,60,4,-1,0,4,-4
2026-05-30 02:40:00,5.6993687532122665,25.79871452455623,39.32927498163482,1009.0487731781108,-3.66126031744651e-11,5.699757676708995,60,4,-1,0,4,-4
2026-05-30 02:50:00,5.872768735720491,25.845793985054414,39.698231997146884,1009.0245736359639,-1.7185726079295054e-11,5.873126322019144,60,4,-1,0,4,-4
2026-05-30 03:00:00,6.05,25.89,40.0,1009.0,0.0,6.050324613074605,61,4,-1,0,4,-4
2026-05-30 03:10:00,6.2306954888397925,25.931476587679818,40.228828814427935,1008.9755187581782,1.4314177000811098e-11,6.230972871892582,61,4,-1,0,4,-4
2026-05-30 03:20:00,6.4143629389594885,25.969891611285615,40.38886826252194,1008.9515746586592,2.580206546723135e-11,6.414591455964492,62,4,-1,0,4,-4
2026-05-30 03:30:00,6.600478785561365,26.004793895235395,40.48674316583762,1008.9286070146544,3.467784059502937e-11,6.600658436518583,62,5,-1,0,4,-4
2026-05-30 03:40:00,6.788519463847704,26.035732263947175,40.529078345930635,1008.9070551393752,4.115567757997378e-11,6.788650248757133,63,5,0,0,4,-4
2026-05-30 03:50:00,6.977961409020779,26.06225554183893,40.52249862435659,1008.887358346033,4.544975161783323e-11,6.978043327882419,63,5,0,0,4,-4
2026-05-30 04:00:00,7.168281056282867,26.083912553328666,40.47362882267109,1008.869955947839,4.7774237904376335e-11,7.1683141090967215,63,5,0,0,4,-4
2026-05-30 04:10:00,7.358954840836247,26.10025212283439,40.38909376242978,1008.8552872580045,4.834331163537174e-11,7.358939027602314,64,5,0,0,4,-4
2026-05-30 04:20:00,7.549459197883197,26.1108230747741,40.27551826518829,1008.843791589741,4.737114800658807e-11,7.549394518601475,64,5,0,0,4,-4
2026-05-30 04:30:00,7.7392705626259914,26.11517423356578,40.13952715250222,1008.8359082562597,4.5071922213793925e-11,7.739157017296483,65,5,0,0,4,-4
2026-05-30 04:40:00,7.927865370266911,26.112854423627457,39.987745245927215,1008.8320765707721,4.165980945275797e-11,7.927702958889615,65,5,0,0,4,-4
2026-05-30 04:50:00,8.11472005600823,26.103412469377098,39.826797367018884,1008.8327358464892,3.734898491924881e-11,8.114508778583147,66,5,0,0,4,-4
2026-05-30 05:00:00,8.299311055052227,26.086397195232724,39.66330833733286,1008.8383253966226,3.235362380903508e-11,8.299050911579359,66,4,0,0,4,-4
2026-05-30 05:10:00,8.481114802601182,26.06135742561233,39.503902978424755,1008.8492845343837,2.6887901317885416e-11,8.480805793080524,67,4,0,0,4,-4
2026-05-30 05:20:00,8.65960773385737,26.027841984933914,39.355206111850215,1008.8660525729838,2.116599264156844e-11,8.659249858288923,67,4,-1,0,4,-4
2026-05-30 05:30:00,8.834266284023066,25.985399697615467,39.22384255916483,1008.8890688256339,1.540207297585277e-11,8.833859542406834,67,4,-1,0,4,-4
2026-05-30 05:40:00,9.004566888300554,25.93357938807501,39.116437141924266,1008.9187726055461,9.810317516507057e-12,9.004111280636533,68,4,-1,0,4,-4
2026-05-30 05:50:00,9.169985981892106,25.87192988073052,39.039614681684114,1008.9556032259309,4.604901459299923e-12,9.169481508180297,68,4,-1,0,4,-4
2026-05-30 06:00:00,9.33,25.8,39.0,1009.0,0.0,9.329445413435302,68,4,-1,0,4,-4
2026-05-30 06:10:00,9.48406152313707,25.717576399839466,39.002983048325326,1009.052300428332,-3.8354722097172025e-12,9.4834459587036,69,4,-1,0,4,-4
2026-05-30 06:20:00,9.63152771305838,25.625397052356924,39.0490142977046,1009.1124347609746,-6.913642694548549e-12,9.63084992395103,69,4,-1,0,4,-4
2026-05-30 06:30:00,9.771731876829543,25.5244377591984,39.13730934908008,1009.180231435342,-9.291899523284023e-12,9.770991863048323,70,3,-1,0,4,-4
2026-05-30 06:40:00,9.904007321516184,25.415674322009934,39.26708380339403,1009.2555188888502,-1.1027630764713613e-11,9.903205083061087,70,3,-1,0,4,-4
2026-05-30 06:50:00,10.027687354183914,25.30008254243753,39.43755326158872,1009.3381255589131,-1.2178224487627302e-11,10.026822891054943,70,3,-1,0,4,-4
2026-05-30 07:00:00,10.142105281898356,25.178638222127223,39.64793332460643,1009.427879882946,-1.2801068760815064e-11,10.141178594095509,70,3,-1,0,4,-4
2026-05-30 07:10:00,10.246594411725125,25.05231716272504,39.89743959338942,1009.5246102983637,-1.295355165306689e-11,10.2456054992484,71,3,-1,0,4,-3
2026-05-30 07:20:00,10.340488050729842,24.922095165877007,40.18528766887997,1009.6281452425812,-1.2693061233172765e-11,10.339436913579243,71,2,-2,0,4,-3
2026-05-30 07:30:00,10.423119505978121,24.78894803322914,40.51069315202033,1009.7383131530128,-1.2076985569922656e-11,10.422006144153645,71,2,-2,0,4,-3
2026-05-30 07:40:00,10.493822084535585,24.653851566427463,40.8728716437528,1009.8549424670738,-1.1162712732106559e-11,10.492646498037233,71,2,-2,0,4,-3
2026-05-30 07:50:00,10.551929093467846,24.517781567118003,41.27103874501962,1009.9778616221789,-1.0007630788514454e-11,10.55069128229562,71,1,-2,0,4,-3
2026-05-30 08:00:00,10.596773839840527,24.38171383694679,41.70441005676305,1010.1068990557432,-8.669127807936326e-12,10.595473803994423,71,1,-2,0,4,-3
2026-05-30 08:10:00,10.627689630719242,24.24662417755985,42.1722011799254,1010.2418832051812,-7.2045918591621525e-12,10.626327370199265,72,1,-2,0,4,-3
2026-05-30 08:20:00,10.644009773169616,24.113488390603198,42.67362771544891,1010.3826425079081,-5.671411010981914e-12,10.642585287975761,72,0,-2,0,4,-3
2026-05-30 08:30:00,10.645067574257254,23.983282277722857,43.20790526427585,1010.5290054013385,-4.126973332185595e-12,10.643580864389527,72,0,-3,0,4,-2
2026-05-30 08:40:00,10.63019634104779,23.856981640564868,43.77424942734851,1010.6808003228875,-2.628666891563184e-12,10.628647406506184,72,0,-3,0,4,-2
2026-05-30 08:50:00,10.598729380606834,23.73556228077524,44.371875805609136,1010.8378557099697,-1.2338797579046573e-12,10.59711822139135,71,1,-3,0,4,-2
2026-05-30 09:00:00,10.55,23.62,45.0,1011.0,0.0,10.548344979640516,71,1,-3,0,4,-2
2026-05-30 09:10:00,10.483692849338949,23.511050460424624,45.6573871404189,1011.1669599125818,1.0277118380576853e-12,10.482153992881496,71,2,-3,0,5,-2
2026-05-30 09:20:00,10.400897950919477,23.408588766392334,46.341000472585584,1011.3380552960712,1.852505310962823e-12,10.399493621893926,71,2,-3,0,5,-2
2026-05-30 09:30:00,10.303056670083414,23.312269882785806,47.0473527711754,1011.5125042810135,2.489757498106712e-12,10.301786868489774,71,2,-3,0,5,-1
2026-05-30 09:40:00,10.191610372172606,23.221748774487732,47.77295681086362,1011.6895249979536,2.9548454788806523e-12,10.190475098010866,70,3,-3,0,5,-1
2026-05-30 09:50:00,10.06800042252888,23.136680406380776,48.51432536632555,1011.868335577436,3.263146332675946e-12,10.066999675799046,70,3,-3,0,5,-1
2026-05-30 10:00:00,9.933668186494073,23.056719743347614,49.267971212236496,1012.048154150006,3.4300371388838947e-12,9.932801967196145,70,3,-3,0,5,-1
2026-05-30 10:10:00,9.79005502941002,22.981521750270925,50.03040712327176,1012.2281988462081,3.4708949768958006e-12,9.789323337543996,70,3,-4,0,5,-1
2026-05-30 10:20:00,9.638602316618558,22.910741392033394,50.79814587410663,1012.4076877965878,3.401096926102964e-12,9.638005152184435,69,4,-4,0,5,-1
2026-05-30 10:30:00,9.480751413461517,22.844033633517675,51.56770023941642,1012.585839131689,3.2360200658966845e-12,9.480288776459302,69,4,-4,0,5,0
2026-05-30 10:40:00,9.317943685280737,22.781053439606467,52.335582993876415,1012.7618709820576,2.991041475668265e-12,9.317615575710425,68,4,-4,0,5,0
2026-05-30 10:50:00,9.151620497418048,22.72145577518243,53.09830691216192,1012.9350014782376,2.6815382348090055e-12,9.151426915279641,68,4,-4,0,5,0
2026-05-30 11:00:00,8.983223215215288,22.664895605128248,53.852384768948234,1013.1044487507744,2.3228874227102107e-12,8.983164160508787,68,4,-4,0,5,0
2026-05-30 11:10:00,8.814193204014295,22.6110278943266,54.59432933891067,1013.269430930213,1.9304661187631767e-12,8.814268676739696,67,4,-4,0,5,0
2026-05-30 11:20:00,8.645971829156897,22.559507607660166,55.320653396724516,1013.4291661470982,1.5196514023592085e-12,8.646181829314205,67,4,-4,0,6,0
2026-05-30 11:30:00,8.480000455984936,22.509989710011602,56.02786971706506,1013.5828725319741,1.1058203528896042e-12,8.480344983574149,67,4,-4,0,6,1
2026-05-30 11:40:00,8.317720449840243,22.46212916626361,56.71249107460763,1013.7297682153868,7.04350049745668e-13,8.318199504861358,66,4,-4,0,6,1
2026-05-30 11:50:00,8.160573176064652,22.41558094129885,57.37103024402751,1013.8690713278803,3.3061757231869927e-13,8.16118675851767,66,4,-4,0,6,1
2026-05-30 12:00:00,8.01,22.37,58.0,1014.0,0.0,8.01073012296377,65,4,-4,0,6,1
2026-05-30 12:10:00,7.867098149465987,22.325089042412678,58.59672079054782,1014.1219381106416,-2.753751425135497e-13,7.867788069770419,65,3,-4,0,6,1
2026-05-30 12:20:00,7.731588302193762,22.28074170923425,59.16174375708337,1014.2349325321067,-4.963785493027512e-13,7.732220032917705,65,3,-4,0,6,1
2026-05-30 12:30:00,7.602846998392346,22.236899376325027,59.69642771436648,1014.3391958850475,-6.671304691428269e-13,7.603420539535798,64,3,-4,0,6,1
2026-05-30 12:40:00,7.480250778270757,22.19350341954532,60.20213147715698,1014.4349407901171,-7.917511508089989e-13,7.480766129833715,64,3,-4,0,6,1
2026-05-30 12:50:00,7.36317618203801,22.150495214755423,60.68021386021467,1014.5223798679675,-8.743608430764897e-13,7.363633344020479,64,3,-4,0,6,2
2026-05-30 13:00:00,7.250999749903126,22.10781613781565,61.1320336782994,1014.6017257392514,-9.190797947205214e-13,7.251398722305101,64,3,-4,0,6,2
2026-05-30 13:10:00,7.143098022075119,22.065407564586316,61.55894974617098,1014.6731910246216,-9.300282545163165e-13,7.143438804896603,63,3,-4,0,6,2
2026-05-30 13:20:00,7.038847538763008,22.02321087092772,61.96232087858924,1014.7369883447304,-9.113264712390972e-13,7.039130132004,63,3,-5,0,6,2
2026-05-30 13:30:00,6.93762484017581,21.98116743270017,62.343505890313985,1014.7933303202302,-8.670946936640852e-13,6.937849243836311,63,2,-5,0,6,2
2026-05-30 13:40:00,6.838806466522543,21.93921862576397,62.70386359610506,1014.842429571774,-8.014531705665036e-13,6.838972680602552,63,2,-5,0,6,2
2026-05-30 13:50:00,6.741768958012223,21.897305825979434,63.044752810722265,1014.8844987200135,-7.18522150721574e-13,6.74187698251174,62,2,-5,0,6,2
2026-05-30 14:00:00,6.645888854853869,21.855370409206863,63.36753234892545,1014.9197503856022,-6.22421882904519e-13,6.645938689772894,62,2,-5,0,6,2
2026-05-30 14:10:00,6.550542697256498,21.813353751306572,63.67356102547443,1014.9483971891921,-5.172726158905607e-13,6.550534342595031,62,2,-5,0,6,2
2026-05-30 14:20:00,6.455107025429129,21.771197228138863,63.96419765512903,1014.970651751436,-4.071945984549214e-13,6.4550404811871696,62,2,-5,0,6,2
2026-05-30 14:30:00,6.358958379580774,21.728842215564043,64.24080105264905,1014.9867266929858,-2.963080793728233e-13,6.358833645758326,62,2,-5,0,6,2
2026-05-30 14:40:00,6.261473299920458,21.68623008944242,64.50473003279434,1014.996834634495,-1.8873330741948913e-13,6.2612903765175165,61,2,-5,0,6,2
2026-05-30 14:50:00,6.162028326657193,21.643302225634308,64.75734341032472,1015.0011881966155,-8.859053137014046e-14,6.161787213673759,61,2,-5,0,6,2
2026-05-30 15:00:00,6.06,21.6,65.0,1015.0,0.0,6.0597063346315245,61,2,-5,0,6,2
2026-05-30 15:10:00,5.954872714662679,21.5563059899521,65.23367894293166,1014.9936072607638,7.378873199651188e-14,5.9545756210409415,61,3,-5,0,7,2
2026-05-30 15:20:00,5.846562283378178,21.51236757911236,65.45784068563783,1014.9828455768736,1.3300888624818119e-13,5.84626739869863,60,3,-5,0,7,2
2026-05-30 15:30:00,5.735092373384232,21.468373352654808,65.67156600098828,1014.9686751417582,1.7876437846459598e-13,5.7347996976468725,60,3,-5,0,7,2
2026-05-30 15:40:00,5.620486651918574,21.424511895753493,65.87393566185276,1014.9520561488479,2.1215912435534396e-13,5.620196185123403,60,3,-5,0,7,2
2026-05-30 15:50:00,5.502768786218934,21.38097179358244,66.06403044110102,1014.933948791571,2.3429703963001293e-13,5.502480528365951,60,3,-5,0,7,2
2026-05-30 16:00:00,5.381962443523048,21.337941631315694,66.24093111160289,1014.9153132633573,2.462820399981909e-13,5.3816763946122546,59,3,-5,0,7,2
2026-05-30 16:10:00,5.258091291068649,21.29560999412729,66.4037184462281,1014.8971097576363,2.4921804116946564e-13,5.257807451100041,59,3,-5,0,7,2
2026-05-30 16:20:00,5.131178996093468,21.254165467191264,66.55147321784644,1014.8802984678374,2.442089588534251e-13,5.13089736506705,59,3,-5,0,7,2
2026-05-30 16:30:00,5.00124922583524,21.213796635681653,66.68327619932761,1014.8658395873891,2.323587087596569e-13,5.000969803751009,58,3,-5,0,7,2
2026-05-30 16:40:00,4.868325647531697,21.1746920847725,66.79820816354147,1014.8546933097217,2.1477120659774901e-13,4.868048434389656,58,3,-5,0,7,2
2026-05-30 16:50:00,4.7324319284205725,21.13704039963783,66.89534988335774,1014.8478198282642,1.925503680772893e-13,4.73215692422072,58,3,-5,0,7,2
2026-05-30 17:00:00,4.593591735739599,21.10103016545169,66.9737821316462,1014.8461793364455,1.6680010890786567e-13,4.593318940481936,58,3,-5,0,7,2
2026-05-30 17:10:00,4.451828736726512,21.066849967388112,67.03258568127661,1014.8507320276957,1.3862434479906598e-13,4.451558150411036,57,3,-5,0,7,2
2026-05-30 17:20:00,4.307166598619042,21.03468839062114,67.07084130511876,1014.8624380954436,1.0912699146047784e-13,4.3068982212457545,57,4,-5,0,7,2
2026-05-30 17:30:00,4.159628988654922,21.0047340203248,67.08762977604239,1014.8822577331184,7.941196460168939e-14,4.159362820223823,57,4,-6,0,7,2
2026-05-30 17:40:00,4.009239574071887,20.977175441673143,67.0820318669173,1014.91115113415,5.058317993228834e-14,4.008975614582976,56,4,-6,0,7,2
2026-05-30 17:50:00,3.8560220221076684,20.9522012398402,67.05312835061325,1014.9500784919674,2.374455316186261e-14,3.8557602715609463,56,4,-6,0,7,2
2026-05-30 18:00:00,3.7,20.93,67.0,1015.0,0.0,3.6997506839147953,55,4,-6,0,7,2
2026-05-30 18:10:00,3.541392816300307,20.910801538245305,66.92158127037295,1015.0615546570027,-1.9779785472497822e-14,3.5412450427736295,55,4,-6,0,7,2
2026-05-30 18:20:00,3.381202344814782,20.895000594343742,66.81622134673013,1015.1340966830329,-3.565699568997378e-14,3.3811663393659606,55,4,-6,0,7,2
2026-05-30 18:30:00,3.220626100663312,20.883033138981652,66.68212309649519,1015.2166591034742,-4.792704471555703e-14,3.220701863292347,54,4,-6,0,7,2
2026-05-30 18:40:00,3.060861598965783,20.875335142845376,66.5174893870918,1015.3082749437098,-5.688534661237677e-14,3.0610491296726727,54,4,-6,0,7,2
2026-05-30 18:50:00,2.9031063548420777,20.872342576621257,66.32052308594355,1015.4079772291226,-6.282731544356205e-14,2.9034056536268245,54,4,-6,0,7,2
2026-05-30 19:00:00,2.7485578834120843,20.87449141099564,66.08942706047416,1015.5147989850961,-6.604836527224209e-14,2.748968950274687,53,4,-6,0,7,3
2026-05-30 19:10:00,2.5984136997956884,20.882217616654863,65.82240417810725,1015.6277732370136,-6.684391016154604e-14,2.5989365347361466,53,4,-6,0,7,3
2026-05-30 19:20:00,2.453871319112775,20.89595716428528,65.51765730626649,1015.7459330102579,-6.550936417460298e-14,2.4545059221310885,53,4,-6,0,7,3
2026-05-30 19:30:00,2.316128256483228,20.916146024573216,65.1733893123755,1015.8683113302126,-6.234014137454208e-14,2.316874627579398,52,3,-6,0,7,3
2026-05-30 19:40:00,2.186382027026936,20.943220168205027,64.787803063858,1015.9939412222609,-5.763165582449249e-14,2.1872401662009624,52,3,-6,0,6,3
2026-05-30 19:50:00,2.0658301458637824,20.977615565867048,64.35910142813752,1016.1218557117855,-5.167932158758334e-14,2.066800053115665,52,3,-6,0,6,3
2026-05-30 20:00:00,1.9556701281136544,21.019768188245635,63.88548727263785,1016.2510878241704,-4.47785527269438e-14,1.9567518034433926,51,3,-6,0,6,3
2026-05-30 20:10:00,1.8570994888964365,21.07011400602711,63.36516346478257,1016.3806705847987,-3.7224763305703006e-14,1.8582929323040307,51,2,-5,0,6,3
2026-05-30 20:20:00,1.771315743332015,21.129088989897838,62.79633287199534,1016.5096370190532,-2.931336738699008e-14,1.772620954817465,51,2,-5,0,6,4
2026-05-30 20:30:00,1.6995164065402741,21.197129110544143,62.1771983616998,1016.6370201523172,-2.1339779033934154e-14,1.700933386103581,51,2,-5,0,6,4
2026-05-30 20:40:00,1.6428989936411016,21.274670338652378,61.50596280131963,1016.7618530099743,-1.3599412309664425e-14,1.6444277412822639,51,1,-5,0,6,4
2026-05-30 20:50:00,1.6026610197543816,21.362148644908885,60.780829058278485,1016.8831686174074,-6.3876812773099775e-15,1.6043015354733998,51,1,-5,0,6,4
2026-05-30 21:00:00,1.58,21.46,60.0,1017.0,0.0,1.5817298524344878,51,1,-5,0,6,4
2026-05-30 21:10:00,1.5756842780236104,21.568476540194247,59.1629863733817,1017.1115115597851,5.3304098934793615e-15,1.577307993872771,51,0,-5,0,6,4
2026-05-30 21:20:00,1.5887655115739394,21.6870950640888,58.27453044321663,1017.2173932053975,9.61909651171385e-15,1.5902606594753856,51,0,-5,0,6,4
2026-05-30 21:30:00,1.61786618692548,21.815188535863022,57.34068235377164,1017.3174662221218,1.2943800397632193e-14,1.6192327668792126,51,1,-5,0,6,4
2026-05-30 21:40:00,1.6616087903527272,21.95208991969628,56.36749224931367,1017.4115518952427,1.53822620941631e-14,1.662846802358746,51,1,-5,0,6,4
2026-05-30 21:50:00,1.7186158081301743,22.09713217976792,55.36101027410961,1017.499471510045,1.7012222144235314e-14,1.7197252521884792,51,1,-4,0,6,4
2026-05-30 22:00:00,1.787509726532316,22.249648280257304,54.32728657242634,1017.5810463518131,1.791142109077752e-14,1.7884906026429068,51,2,-4,0,5,5
2026-05-30 22:10:00,1.866913031833646,22.40897118534379,53.27237128853078,1017.656097705832,1.815759947671848e-14,1.867765339996523,51,2,-4,0,5,5
2026-05-30 22:20:00,1.9554482103086583,22.57443385920673,52.2023145666898,1017.7244468573862,1.7828497844986886e-14,1.9561719505238213,51,2,-4,0,5,5
2026-05-30 22:30:00,2.051737748231847,22.745369266025488,51.123166551170314,1017.7859150917601,1.7001856738511473e-14,2.052332920499296,52,2,-4,0,5,5
2026-05-30 22:40:00,2.1544041318777065,22.921110369979424,50.04097738623922,1017.840323694239,1.575541670022097e-14,2.154870736197442,52,2,-4,0,5,5
2026-05-30 22:50:00,2.2620698475207295,23.10099013524788,48.96179721616341,1017.887493950107,1.4166918273044082e-14,2.262407883892751,52,3,-3,0,5,5
2026-05-30 23:00:00,2.3733573814354116,23.284341526010227,47.89167618520977,1017.9272471446492,1.2314101999909543e-14,2.3735668498597193,52,3,-3,0,5,5
2026-05-30 23:10:00,2.4868892198962462,23.470497506445824,46.83666443764522,1017.9594045631502,1.0274708423746074e-14,2.48697012037284,53,3,-3,0,5,5
2026-05-30 23:20:00,2.6012878491777283,23.658791040734027,45.80281211773664,1017.9837874908948,8.126478087482395e-15,2.6012401817066078,53,3,-3,0,5,5
2026-05-30 23:30:00,2.7151757555543496,23.84855509305418,44.79616936975093,1018.0002172131669,5.947151534047225e-15,2.7149995201355157,53,3,-3,0,4,5
2026-05-30 23:40:00,2.8271754253006063,24.039122627585662,43.822786337954994,1018.0085150152524,3.81446930636929e-15,2.8268706219340585,53,3,-2,0,4,5
2026-05-30 23:50:00,2.9359093446909923,24.229826608507814,42.88871316661572,1018.008502182435,1.8061719473773045e-15,2.93547597337673,54,3,-2,0,4,5
2026-05-31 00:00:00,3.04,24.42,42.0,1018.0,0.0,3.039454915949449,54,3,-2,0,4,5
2026-05-31 00:10:00,3.1383923624145793,24.609008007424915,41.161727008391054,1017.9829683768332,-1.5418541014196554e-15,3.1378824467558633,54,2,-2,0,4,5
2026-05-31 00:20:00,3.2313213427714915,24.79634480087857,40.37509446613728,1017.9579217162269,-2.8193903568816452e-15,3.230863450716036,54,2,-2,0,4,5
2026-05-31 00:30:00,3.3193443368199524,24.98153679164032,39.640332673603424,1017.9255130450748,-3.848156874971732e-15,3.318938468367757,55,2,-2,0,4,5
2026-05-31 00:40:00,3.4030187403091796,25.164110390989528,38.95767193115421,1017.8863953902704,-4.643701764275654e-15,3.4026648954602456,55,2,-1,0,4,5
2026-05-31 00:50:00,3.482901948988391,25.34359201020556,38.327342539154365,1017.841221778708,-5.221573133379156e-15,3.4826001277427157,55,2,-1,0,4,5
2026-05-31 01:00:00,3.5595513586067993,25.519508060567738,37.74957479796862,1017.7906452372805,-5.597319090867977e-15,3.559301560964385,55,2,-1,0,4,5
2026-05-31 01:10:00,3.633524364913624,25.691384953355453,37.2245990079617,1017.7353187928823,-5.786487745327868e-15,3.6333265908744696,55,2,-1,0,4,5
2026-05-31 01:20:00,3.705378363658081,25.858749099848033,36.752645469498326,1017.6758954724063,-5.804627205344572e-15,3.705232613222186,55,2,-1,0,4,5
2026-05-31 01:30:00,3.775670750589385,26.02112691132484,36.333944482943224,1017.6130283027467,-5.667285579503826e-15,3.775577023756751,56,2,-1,0,4,5
2026-05-31 01:40:00,3.8449589214567537,26.178044799065237,35.96872634866114,1017.547370310797,-5.390010976391385e-15,3.8449172182273794,56,2,0,0,4,5
2026-05-31 01:50:00,3.9138002720094036,26.329029174348566,35.65722136701678,1017.4795745234509,-4.988351504592988e-15,3.91381059238329,56,2,0,0,4,4
2026-05-31 02:00:00,3.9827521979965503,26.473606448454195,35.399659838374895,1017.4102939676022,-4.4778552726943795e-15,3.9828145419736973,56,2,0,0,4,4
2026-05-31 02:10:00,4.052372095167412,26.61130303266147,35.196272063100196,1017.3401816701445,-3.874070389281306e-15,4.052486462747819,56,2,0,0,4,4
2026-05-31 02:20:00,4.123217359271204,26.741645338249754,35.04728834155742,1017.2698906579717,-3.1925449629395114e-15,4.12338375045487,56,2,0,0,4,4
2026-05-31 02:30:00,4.195845386057141,26.86415977649839,34.95293897411127,1017.2000739579769,-2.4488271022547377e-15,4.196063800844069,57,2,0,0,3,4
2026-05-31 02:40:00,4.270813571274443,26.978372758686746,34.91345426112651,1017.1313845970544,-1.6584649158127338e-15,4.27108400966463,57,2,0,0,3,4
2026-05-31 02:50:00,4.348679310672323,27.08381069609416,34.92906450296784,1017.0644756020974,-8.370065121992357e-16,4.349001772665772,57,2,1,0,3,4
2026-05-31 03:00:00,4.43,27.18,35.0,1017.0,0.0,4.430374485596707,57,2,1,0,4,4
2026-05-31 03:10:00,4.515333035006689,27.266467081683626,35.12649105258772,1016.9386108176557,8.3700651219924205e-16,4.515759544206658,57,2,1,0,4,4
2026-05-31 03:20:00,4.605235811441607,27.342738352424373,35.30876796109572,1016.8809610819579,1.6584649158127338e-15,4.605714344244835,58,2,1,0,4,4
2026-05-31 03:30:00,4.70026572505397,27.408340223501618,35.54706102588873,1016.827703819801,2.4488271022547425e-15,4.700796281460458,58,2,1,0,4,4
2026-05-31 03:40:00,4.800980171592994,27.4627991061947,35.84160054733148,1016.779492058078,3.1925449629395145e-15,4.801562751602742,58,2,1,0,4,4
2026-05-31 03:50:00,4.907936546807897,27.505641411782978,36.1926168257887,1016.7369788236826,3.874070389281312e-15,4.908571150420906,58,3,1,0,4,4
2026-05-31 04:00:00,5.021692246447893,27.536393551545807,36.6003401616251,1016.7008171435086,4.477855272694383e-15,5.022378873664163,59,3,1,0,4,4
2026-05-31 04:10:00,5.142804666262201,27.554581936762546,37.065000855205426,1016.6716600444502,4.9883515045929884e-15,5.143543317081731,59,3,1,0,4,4
2026-05-31 04:20:00,5.271831202000037,27.55973297871255,37.58682920689442,1016.6501605534006,5.390010976391385e-15,5.272621876422827,59,3,1,0,4,4
2026-05-31 04:30:00,5.409329249410616,27.551373088675167,38.166055517056776,1016.6369716972534,5.667285579503828e-15,5.410171947436665,59,3,1,0,4,4
2026-05-31 04:40:00,5.555856204243154,27.529028677929755,38.80291008605724,1016.6327465029025,5.8046272053445685e-15,5.556750925872464,60,4,1,0,4,4
2026-05-31 04:50:00,5.711969462246871,27.49222615775567,39.49762321426053,1016.6381379972415,5.78648774532787e-15,5.712916207479441,60,4,1,0,4,4
2026-05-31 05:00:00,5.878226419170977,27.440491939432256,40.25042520203137,1016.6537992071636,5.597319090867976e-15,5.879225188006809,60,4,1,0,4,4
2026-05-31 05:10:00,6.055184470764695,27.37335243423889,41.06154634973451,1016.6803831595635,5.221573133379155e-15,6.056235263203787,61,4,1,0,4,4
2026-05-31 05:20:00,6.243401012777239,27.290334053454913,41.93121695773467,1016.7185428813343,4.643701764275655e-15,6.24450382881959,61,5,1,0,4,4
2026-05-31 05:30:00,6.4434334409578256,27.19096320835968,42.859667326396576,1016.7689313993696,3.848156874971735e-15,6.444588280603437,62,5,1,0,4,4
2026-05-31 05:40:00,6.65583915105567,27.074766310232548,43.847127756084944,1016.8322017405633,2.819390356881648e-15,6.657046014304541,62,5,1,0,4,4
2026-05-31 05:50:00,6.881175538819989,26.941269770352868,44.89382854716451,1016.9090069318088,1.541854101419651e-15,6.88243442567212,63,5,0,0,4,4
2026-05-31 06:00:00,7.12,26.79,46.0,1017.0,0.0,6.952655761891865,63,2,0,0,5,4
